NHWCToStream_0_out0_stream_0,25088
NHWCToStream_0_out0_stream_1,25088
NHWCToStream_1_out0_stream_0,876302
StreamingLineBuffer_0_out0_stream_prepad_14,6272
StreamingLineBuffer_0_buffer_stream_0,25088
StreamingLineBuffer_0_out0_stream_prepad_13,6272
StreamingLineBuffer_0_buffer_stream_1,25088
StreamingMemory_0_out0_stream_0,200704
StreamingMemory_0_out0_stream_1,200704
StreamingMemory_0_out0_stream_2,200704
StreamingMemory_0_out0_stream_3,200704
StreamingMemory_0_out0_stream_4,200704
StreamingMemory_0_out0_stream_5,200704
StreamingMemory_0_out0_stream_6,200704
StreamingMemory_0_out0_stream_7,200704
StreamingMemory_0_out0_stream_8,200704
StreamingMemory_0_out1_stream_0,876086
StreamingLineBuffer_0_out0_stream_prepad_12,6272
StreamingLineBuffer_0_buffer_stream_2,25088
StreamingLineBuffer_0_out0_stream_prepad_11,6272
StreamingLineBuffer_0_buffer_stream_4,25088
StreamingMemory_1_out0_stream_0,200704
StreamingMemory_1_out1_stream_0,876070
StreamingLineBuffer_0_out0_stream_prepad_10,6160
StreamingLineBuffer_0_buffer_stream_3,25088
StreamingLineBuffer_0_out0_stream_prepad_8,6272
StreamingLineBuffer_0_buffer_stream_6,25088
StreamingMemory_2_out0_stream_0,200704
StreamingMemory_2_out0_stream_1,200704
StreamingMemory_2_out0_stream_2,200704
StreamingMemory_2_out0_stream_3,200704
StreamingMemory_2_out0_stream_4,200704
StreamingMemory_2_out0_stream_5,200704
StreamingMemory_2_out0_stream_6,200704
StreamingMemory_2_out0_stream_7,200704
StreamingMemory_2_out0_stream_8,200704
StreamingMemory_2_out1_stream_0,875998
StreamingLineBuffer_0_out0_stream_prepad_9,6272
StreamingLineBuffer_0_buffer_stream_5,25088
StreamingLineBuffer_0_out0_stream_prepad_6,6272
StreamingLineBuffer_0_buffer_stream_9,25088
StreamingMemory_3_out0_stream_0,200704
StreamingMemory_3_out1_stream_0,875982
StreamingLineBuffer_0_out0_stream_prepad_7,6272
StreamingLineBuffer_0_buffer_stream_7,25088
StreamingLineBuffer_0_out0_stream_prepad_3,6216
StreamingLineBuffer_0_buffer_stream_11,25088
StreamingMemory_4_out0_stream_0,200704
StreamingMemory_4_out1_stream_0,875854
StreamingLineBuffer_0_out0_stream_prepad_5,6160
StreamingLineBuffer_0_buffer_stream_8,25088
StreamingLineBuffer_0_out0_stream_prepad_1,6216
StreamingMemory_5_out0_stream_0,100352
StreamingMemory_5_out1_stream_0,875846
StreamingLineBuffer_0_out0_stream_prepad_4,6216
StreamingLineBuffer_0_buffer_stream_10,25088
StreamingMemory_6_out0_stream_0,200704
StreamingMemory_6_out1_stream_0,875462
StreamingLineBuffer_0_out0_stream_prepad_2,6216
StreamingLineBuffer_0_buffer_stream_12,25088
StreamingMemory_7_out0_stream_0,200704
StreamingMemory_7_out1_stream_0,875414
StreamingLineBuffer_0_out0_stream_prepad_0,6105
StreamingMemory_8_out0_stream_0,50176
StreamingMemory_8_out0_stream_1,50176
StreamingMemory_8_out0_stream_2,50176
StreamingMemory_8_out0_stream_3,50176
StreamingMemory_8_out0_stream_4,50176
StreamingMemory_8_out0_stream_5,50176
StreamingMemory_8_out0_stream_6,50176
StreamingMemory_8_out0_stream_7,50176
StreamingMemory_8_out0_stream_8,50176
StreamingMemory_8_out1_stream_0,875198
StreamingLineBuffer_0_out0_stream_0,6272
StreamingLineBuffer_0_out0_stream_1,6272
StreamingLineBuffer_0_out0_stream_2,6272
StreamingLineBuffer_0_out0_stream_3,6272
StreamingLineBuffer_0_out0_stream_4,6272
StreamingLineBuffer_0_out0_stream_5,6272
StreamingLineBuffer_0_out0_stream_6,6272
StreamingLineBuffer_0_out0_stream_7,6272
StreamingLineBuffer_0_out0_stream_8,6272
StreamingLineBuffer_0_out0_stream_9,6272
StreamingLineBuffer_0_out0_stream_10,6272
StreamingLineBuffer_0_out0_stream_11,6272
StreamingLineBuffer_0_out0_stream_12,6272
StreamingLineBuffer_0_out0_stream_13,6272
StreamingLineBuffer_0_out0_stream_14,6272
StreamingMemory_9_out0_stream_0,50176
StreamingMemory_9_out1_stream_0,875150
StreamingConv_0_out0_stream_0,200704
StreamingConv_0_out0_stream_1,200704
StreamingMemory_10_out0_stream_0,200704
StreamingMemory_10_out1_stream_0,874574
StreamingLineBuffer_1_out0_stream_prepad_11,195360
StreamingLineBuffer_1_buffer_stream_0,200704
StreamingLineBuffer_1_out0_stream_prepad_10,198912
StreamingLineBuffer_1_buffer_stream_1,200704
StreamingMemory_11_out0_stream_0,6272
StreamingMemory_11_out1_stream_0,874562
StreamingLineBuffer_1_out0_stream_prepad_9,198912
StreamingLineBuffer_1_buffer_stream_2,200704
StreamingLineBuffer_1_out0_stream_prepad_8,195360
StreamingLineBuffer_1_buffer_stream_3,200704
StreamingMemory_12_out0_stream_0,169344
StreamingMemory_12_out1_stream_0,873698
StreamingLineBuffer_1_out0_stream_prepad_7,197120
StreamingLineBuffer_1_buffer_stream_4,200704
StreamingLineBuffer_1_out0_stream_prepad_6,200704
StreamingLineBuffer_1_buffer_stream_5,200704
StreamingMemory_13_out0_stream_0,28224
StreamingMemory_13_out1_stream_0,873626
StreamingLineBuffer_1_out0_stream_prepad_5,200704
StreamingLineBuffer_1_buffer_stream_6,200704
StreamingLineBuffer_1_out0_stream_prepad_4,197120
StreamingLineBuffer_1_buffer_stream_7,200704
StreamingMemory_14_out0_stream_0,112896
StreamingMemory_14_out0_stream_1,112896
StreamingMemory_14_out0_stream_2,112896
StreamingMemory_14_out0_stream_3,112896
StreamingMemory_14_out0_stream_4,112896
StreamingMemory_14_out0_stream_5,112896
StreamingMemory_14_out0_stream_6,112896
StreamingMemory_14_out0_stream_7,112896
StreamingMemory_14_out0_stream_8,112896
StreamingMemory_14_out1_stream_0,873302
StreamingLineBuffer_1_out0_stream_prepad_3,195360
StreamingLineBuffer_1_buffer_stream_8,200704
StreamingLineBuffer_1_out0_stream_prepad_2,198912
StreamingLineBuffer_1_buffer_stream_9,200704
StreamingMemory_15_out0_stream_0,112896
StreamingMemory_15_out1_stream_0,873230
StreamingLineBuffer_1_out0_stream_prepad_1,198912
StreamingLineBuffer_1_out0_stream_prepad_0,195360
StreamingMemory_16_out0_stream_0,169344
StreamingMemory_16_out1_stream_0,872366
StreamingLineBuffer_1_out0_stream_0,200704
StreamingLineBuffer_1_out0_stream_1,200704
StreamingLineBuffer_1_out0_stream_2,200704
StreamingLineBuffer_1_out0_stream_3,200704
StreamingLineBuffer_1_out0_stream_4,200704
StreamingLineBuffer_1_out0_stream_5,200704
StreamingLineBuffer_1_out0_stream_6,200704
StreamingLineBuffer_1_out0_stream_7,200704
StreamingLineBuffer_1_out0_stream_8,200704
StreamingLineBuffer_1_out0_stream_9,200704
StreamingLineBuffer_1_out0_stream_10,200704
StreamingLineBuffer_1_out0_stream_11,200704
StreamingMemory_17_out0_stream_0,18816
StreamingMemory_17_out1_stream_0,872354
StreamingDepthwiseConv_0_out0_stream_0,200704
StreamingDepthwiseConv_0_out0_stream_1,200704
StreamingMemory_18_out0_stream_0,169344
StreamingMemory_18_out1_stream_0,871490
BandwidthAdjustIncreaseChannels_0_out0_stream_0,12544
BandwidthAdjustIncreaseChannels_0_out0_stream_1,12544
StreamingMemory_19_out0_stream_0,56448
StreamingMemory_19_out1_stream_0,871418
StreamingLineBuffer_2_out0_stream_1,12544
StreamingLineBuffer_2_out0_stream_0,12544
StreamingMemory_20_out0_stream_0,28224
StreamingMemory_20_out0_stream_1,28224
StreamingMemory_20_out0_stream_2,28224
StreamingMemory_20_out0_stream_3,28224
StreamingMemory_20_out0_stream_4,28224
StreamingMemory_20_out0_stream_5,28224
StreamingMemory_20_out0_stream_6,28224
StreamingMemory_20_out0_stream_7,28224
StreamingMemory_20_out0_stream_8,28224
StreamingMemory_20_out1_stream_0,871094
StreamingConv_1_out0_stream_0,100352
StreamingConv_1_out0_stream_1,100352
StreamingMemory_21_out0_stream_0,28224
StreamingMemory_21_out1_stream_0,871022
BandwidthAdjustIncreaseChannels_1_out0_stream_0,6272
BandwidthAdjustIncreaseChannels_1_out0_stream_1,6272
StreamingMemory_22_out0_stream_0,200704
StreamingMemory_22_out1_stream_0,869870
StreamingLineBuffer_3_out0_stream_1,6272
StreamingLineBuffer_3_out0_stream_0,6272
StreamingMemory_23_out0_stream_0,12544
StreamingMemory_23_out1_stream_0,869854
StreamingConv_2_out0_stream_0,200704
StreamingConv_2_out0_stream_1,200704
StreamingMemory_24_out0_stream_0,200704
StreamingMemory_24_out1_stream_0,868318
StreamingLineBuffer_4_out0_stream_prepad_14,50176
StreamingLineBuffer_4_buffer_stream_0,200704
StreamingLineBuffer_4_out0_stream_prepad_13,50176
StreamingLineBuffer_4_buffer_stream_1,200704
StreamingMemory_25_out0_stream_0,25088
StreamingMemory_25_out1_stream_0,868222
StreamingLineBuffer_4_out0_stream_prepad_12,50176
StreamingLineBuffer_4_buffer_stream_2,200704
StreamingLineBuffer_4_out0_stream_prepad_11,50176
StreamingLineBuffer_4_buffer_stream_4,200704
StreamingMemory_26_out0_stream_0,75264
StreamingMemory_26_out0_stream_1,75264
StreamingMemory_26_out0_stream_2,75264
StreamingMemory_26_out0_stream_3,75264
StreamingMemory_26_out0_stream_4,75264
StreamingMemory_26_out0_stream_5,75264
StreamingMemory_26_out0_stream_6,75264
StreamingMemory_26_out0_stream_7,75264
StreamingMemory_26_out0_stream_8,75264
StreamingMemory_26_out1_stream_0,867790
StreamingLineBuffer_4_out0_stream_prepad_10,48384
StreamingLineBuffer_4_buffer_stream_3,200704
StreamingLineBuffer_4_out0_stream_prepad_8,50176
StreamingLineBuffer_4_buffer_stream_6,200704
StreamingMemory_27_out0_stream_0,75264
StreamingMemory_27_out1_stream_0,867694
StreamingLineBuffer_4_out0_stream_prepad_9,50176
StreamingLineBuffer_4_buffer_stream_5,200704
StreamingLineBuffer_4_out0_stream_prepad_6,50176
StreamingLineBuffer_4_buffer_stream_9,200704
StreamingMemory_28_out0_stream_0,200704
StreamingMemory_28_out1_stream_0,866158
StreamingLineBuffer_4_out0_stream_prepad_7,50176
StreamingLineBuffer_4_buffer_stream_7,200704
StreamingLineBuffer_4_out0_stream_prepad_3,49280
StreamingLineBuffer_4_buffer_stream_11,200704
StreamingMemory_29_out0_stream_0,3136
StreamingMemory_29_out1_stream_0,866142
StreamingLineBuffer_4_out0_stream_prepad_5,48384
StreamingLineBuffer_4_buffer_stream_8,200704
StreamingLineBuffer_4_out0_stream_prepad_1,49280
StreamingMemory_30_out0_stream_0,200704
StreamingMemory_30_out1_stream_0,864606
StreamingLineBuffer_4_out0_stream_prepad_4,49280
StreamingLineBuffer_4_buffer_stream_10,200704
StreamingMemory_31_out0_stream_0,25088
StreamingMemory_31_out1_stream_0,864510
StreamingLineBuffer_4_out0_stream_prepad_2,49280
StreamingLineBuffer_4_buffer_stream_12,200704
StreamingMemory_32_out0_stream_0,75264
StreamingMemory_32_out0_stream_1,75264
StreamingMemory_32_out0_stream_2,75264
StreamingMemory_32_out0_stream_3,75264
StreamingMemory_32_out0_stream_4,75264
StreamingMemory_32_out0_stream_5,75264
StreamingMemory_32_out0_stream_6,75264
StreamingMemory_32_out0_stream_7,75264
StreamingMemory_32_out0_stream_8,75264
StreamingMemory_32_out1_stream_0,864078
StreamingLineBuffer_4_out0_stream_prepad_0,47520
StreamingMemory_33_out0_stream_0,75264
StreamingMemory_33_out1_stream_0,863982
StreamingLineBuffer_4_out0_stream_0,50176
StreamingLineBuffer_4_out0_stream_1,50176
StreamingLineBuffer_4_out0_stream_2,50176
StreamingLineBuffer_4_out0_stream_3,50176
StreamingLineBuffer_4_out0_stream_4,50176
StreamingLineBuffer_4_out0_stream_5,50176
StreamingLineBuffer_4_out0_stream_6,50176
StreamingLineBuffer_4_out0_stream_7,50176
StreamingLineBuffer_4_out0_stream_8,50176
StreamingLineBuffer_4_out0_stream_9,50176
StreamingLineBuffer_4_out0_stream_10,50176
StreamingLineBuffer_4_out0_stream_11,50176
StreamingLineBuffer_4_out0_stream_12,50176
StreamingLineBuffer_4_out0_stream_13,50176
StreamingLineBuffer_4_out0_stream_14,50176
StreamingMemory_34_out0_stream_0,200704
StreamingMemory_34_out1_stream_0,862446
StreamingDepthwiseConv_1_out0_stream_0,50176
StreamingDepthwiseConv_1_out0_stream_1,50176
StreamingMemory_35_out0_stream_0,3136
StreamingMemory_35_out1_stream_0,862430
BandwidthAdjustIncreaseStreams_0_out0_stream_0,25088
BandwidthAdjustIncreaseStreams_0_out0_stream_1,25088
BandwidthAdjustIncreaseStreams_0_out0_stream_2,25088
BandwidthAdjustIncreaseStreams_0_out0_stream_3,25088
StreamingMemory_36_out0_stream_0,200704
StreamingMemory_36_out1_stream_0,860894
StreamingLineBuffer_5_out0_stream_3,25088
StreamingLineBuffer_5_out0_stream_2,25088
StreamingLineBuffer_5_out0_stream_1,25088
StreamingLineBuffer_5_out0_stream_0,25088
StreamingMemory_37_out0_stream_0,25088
StreamingMemory_37_out1_stream_0,860798
StreamingConv_3_out0_stream_0,6272
StreamingConv_3_out0_stream_1,6272
StreamingConv_3_out0_stream_2,6272
StreamingConv_3_out0_stream_3,6272
StreamingMemory_38_out0_stream_0,18816
StreamingMemory_38_out0_stream_1,18816
StreamingMemory_38_out0_stream_2,18816
StreamingMemory_38_out0_stream_3,18816
StreamingMemory_38_out0_stream_4,18816
StreamingMemory_38_out0_stream_5,18816
StreamingMemory_38_out0_stream_6,18816
StreamingMemory_38_out0_stream_7,18816
StreamingMemory_38_out0_stream_8,18816
StreamingMemory_38_out1_stream_0,860366
TensorDuplicator_0_out0_stream_0,6272
TensorDuplicator_0_out0_stream_1,6272
TensorDuplicator_0_out0_stream_2,6272
TensorDuplicator_0_out0_stream_3,6272
TensorDuplicator_0_out1_stream_0,6272
TensorDuplicator_0_out1_stream_1,6272
TensorDuplicator_0_out1_stream_2,6272
TensorDuplicator_0_out1_stream_3,6272
StreamingMemory_39_out0_stream_0,18816
StreamingMemory_39_out1_stream_0,860270
BandwidthAdjustDecreaseChannels_0_out0_stream_0,18816
BandwidthAdjustDecreaseChannels_0_out0_stream_1,18816
BandwidthAdjustDecreaseChannels_0_out0_stream_2,18816
BandwidthAdjustDecreaseChannels_0_out0_stream_3,18816
BandwidthAdjustDecreaseChannels_1_out0_stream_0,18816
BandwidthAdjustDecreaseChannels_1_out0_stream_1,18816
BandwidthAdjustDecreaseChannels_1_out0_stream_2,18816
BandwidthAdjustDecreaseChannels_1_out0_stream_3,18816
StreamingMemory_40_out0_stream_0,200704
StreamingMemory_40_out1_stream_0,857198
BandwidthAdjustIncreaseChannels_2_out0_stream_0,4704
BandwidthAdjustIncreaseChannels_2_out0_stream_1,4704
BandwidthAdjustIncreaseChannels_2_out0_stream_2,4704
BandwidthAdjustIncreaseChannels_2_out0_stream_3,4704
StreamingMemory_41_out0_stream_0,3136
StreamingMemory_41_out1_stream_0,857166
StreamingLineBuffer_6_out0_stream_3,4704
StreamingLineBuffer_6_out0_stream_2,4704
StreamingLineBuffer_6_out0_stream_1,4704
StreamingLineBuffer_6_out0_stream_0,4704
StreamingMemory_42_out0_stream_0,200704
StreamingMemory_42_out1_stream_0,851022
StreamingConv_4_out0_stream_0,28224
StreamingConv_4_out0_stream_1,28224
StreamingConv_4_out0_stream_2,28224
StreamingConv_4_out0_stream_3,28224
StreamingMemory_43_out0_stream_0,12544
StreamingMemory_43_out1_stream_0,850830
BandwidthAdjustDecreaseChannels_2_out0_stream_0,112896
BandwidthAdjustDecreaseChannels_2_out0_stream_1,112896
BandwidthAdjustDecreaseChannels_2_out0_stream_2,112896
BandwidthAdjustDecreaseChannels_2_out0_stream_3,112896
StreamingMemory_44_out0_stream_0,37632
StreamingMemory_44_out0_stream_1,37632
StreamingMemory_44_out0_stream_2,37632
StreamingMemory_44_out0_stream_3,37632
StreamingMemory_44_out0_stream_4,37632
StreamingMemory_44_out0_stream_5,37632
StreamingMemory_44_out0_stream_6,37632
StreamingMemory_44_out0_stream_7,37632
StreamingMemory_44_out0_stream_8,37632
StreamingMemory_44_out1_stream_0,849966
StreamingLineBuffer_7_out0_stream_prepad_17,102960
StreamingLineBuffer_7_buffer_stream_0,112896
StreamingLineBuffer_7_out0_stream_prepad_16,110880
StreamingLineBuffer_7_buffer_stream_1,112896
StreamingLineBuffer_7_out0_stream_prepad_15,110880
StreamingLineBuffer_7_buffer_stream_4,112896
StreamingLineBuffer_7_out0_stream_prepad_14,110880
StreamingLineBuffer_7_buffer_stream_5,112896
StreamingMemory_45_out0_stream_0,37632
StreamingMemory_45_out1_stream_0,849774
StreamingLineBuffer_7_out0_stream_prepad_13,110880
StreamingLineBuffer_7_buffer_stream_2,112896
StreamingLineBuffer_7_out0_stream_prepad_12,102960
StreamingLineBuffer_7_buffer_stream_3,112896
StreamingLineBuffer_7_out0_stream_prepad_9,112896
StreamingLineBuffer_7_buffer_stream_10,112896
StreamingLineBuffer_7_out0_stream_prepad_8,112896
StreamingLineBuffer_7_buffer_stream_11,112896
StreamingMemory_46_out0_stream_0,200704
StreamingMemory_46_out1_stream_0,843630
StreamingLineBuffer_7_out0_stream_prepad_11,104832
StreamingLineBuffer_7_buffer_stream_6,112896
StreamingLineBuffer_7_out0_stream_prepad_10,112896
StreamingLineBuffer_7_buffer_stream_7,112896
StreamingLineBuffer_7_out0_stream_prepad_3,110880
StreamingLineBuffer_7_out0_stream_prepad_2,110880
StreamingMemory_47_out0_stream_0,1568
StreamingMemory_47_out1_stream_0,843598
StreamingLineBuffer_7_out0_stream_prepad_7,112896
StreamingLineBuffer_7_buffer_stream_8,112896
StreamingLineBuffer_7_out0_stream_prepad_6,104832
StreamingLineBuffer_7_buffer_stream_9,112896
StreamingMemory_48_out0_stream_0,200704
StreamingMemory_48_out1_stream_0,837454
StreamingLineBuffer_7_out0_stream_prepad_5,102960
StreamingLineBuffer_7_buffer_stream_12,112896
StreamingLineBuffer_7_out0_stream_prepad_4,110880
StreamingLineBuffer_7_buffer_stream_13,112896
StreamingMemory_49_out0_stream_0,12544
StreamingMemory_49_out1_stream_0,837262
StreamingLineBuffer_7_out0_stream_prepad_1,110880
StreamingLineBuffer_7_out0_stream_prepad_0,102960
StreamingMemory_50_out0_stream_0,37632
StreamingMemory_50_out0_stream_1,37632
StreamingMemory_50_out0_stream_2,37632
StreamingMemory_50_out0_stream_3,37632
StreamingMemory_50_out0_stream_4,37632
StreamingMemory_50_out0_stream_5,37632
StreamingMemory_50_out0_stream_6,37632
StreamingMemory_50_out0_stream_7,37632
StreamingMemory_50_out0_stream_8,37632
StreamingMemory_50_out1_stream_0,836398
StreamingLineBuffer_7_out0_stream_0,112896
StreamingLineBuffer_7_out0_stream_1,112896
StreamingLineBuffer_7_out0_stream_2,112896
StreamingLineBuffer_7_out0_stream_3,112896
StreamingLineBuffer_7_out0_stream_4,112896
StreamingLineBuffer_7_out0_stream_5,112896
StreamingLineBuffer_7_out0_stream_6,112896
StreamingLineBuffer_7_out0_stream_7,112896
StreamingLineBuffer_7_out0_stream_8,112896
StreamingLineBuffer_7_out0_stream_9,112896
StreamingLineBuffer_7_out0_stream_10,112896
StreamingLineBuffer_7_out0_stream_11,112896
StreamingLineBuffer_7_out0_stream_12,112896
StreamingLineBuffer_7_out0_stream_13,112896
StreamingLineBuffer_7_out0_stream_14,112896
StreamingLineBuffer_7_out0_stream_15,112896
StreamingLineBuffer_7_out0_stream_16,112896
StreamingLineBuffer_7_out0_stream_17,112896
StreamingMemory_51_out0_stream_0,37632
StreamingMemory_51_out1_stream_0,836206
StreamingDepthwiseConv_2_out0_stream_0,112896
StreamingDepthwiseConv_2_out0_stream_1,112896
StreamingDepthwiseConv_2_out0_stream_2,112896
StreamingDepthwiseConv_2_out0_stream_3,112896
StreamingMemory_52_out0_stream_0,200704
StreamingMemory_52_out1_stream_0,830062
BandwidthAdjustIncreaseChannels_3_out0_stream_0,7056
BandwidthAdjustIncreaseChannels_3_out0_stream_1,7056
BandwidthAdjustIncreaseChannels_3_out0_stream_2,7056
BandwidthAdjustIncreaseChannels_3_out0_stream_3,7056
StreamingMemory_53_out0_stream_0,1568
StreamingMemory_53_out1_stream_0,830030
StreamingLineBuffer_8_out0_stream_3,7056
StreamingLineBuffer_8_out0_stream_2,7056
StreamingLineBuffer_8_out0_stream_1,7056
StreamingLineBuffer_8_out0_stream_0,7056
StreamingMemory_54_out0_stream_0,200704
StreamingMemory_54_out1_stream_0,823886
StreamingConv_5_out0_stream_0,18816
StreamingConv_5_out0_stream_1,18816
StreamingConv_5_out0_stream_2,18816
StreamingConv_5_out0_stream_3,18816
StreamingMemory_55_out0_stream_0,12544
StreamingMemory_55_out1_stream_0,823694
StreamingAdd_0_out0_stream_0,18816
StreamingAdd_0_out0_stream_1,18816
StreamingAdd_0_out0_stream_2,18816
StreamingAdd_0_out0_stream_3,18816
StreamingMemory_56_out0_stream_0,37632
StreamingMemory_56_out0_stream_1,37632
StreamingMemory_56_out0_stream_2,37632
StreamingMemory_56_out0_stream_3,37632
StreamingMemory_56_out0_stream_4,37632
StreamingMemory_56_out0_stream_5,37632
StreamingMemory_56_out0_stream_6,37632
StreamingMemory_56_out0_stream_7,37632
StreamingMemory_56_out0_stream_8,37632
StreamingMemory_56_out1_stream_0,822830
BandwidthAdjustIncreaseChannels_4_out0_stream_0,2352
BandwidthAdjustIncreaseChannels_4_out0_stream_1,2352
BandwidthAdjustIncreaseChannels_4_out0_stream_2,2352
BandwidthAdjustIncreaseChannels_4_out0_stream_3,2352
StreamingMemory_57_out0_stream_0,37632
StreamingMemory_57_out1_stream_0,822638
StreamingLineBuffer_9_out0_stream_3,2352
StreamingLineBuffer_9_out0_stream_2,2352
StreamingLineBuffer_9_out0_stream_1,2352
StreamingLineBuffer_9_out0_stream_0,2352
StreamingMemory_58_out0_stream_0,200704
StreamingMemory_58_out1_stream_0,816494
StreamingConv_6_out0_stream_0,56448
StreamingConv_6_out0_stream_1,56448
StreamingConv_6_out0_stream_2,56448
StreamingConv_6_out0_stream_3,56448
StreamingMemory_59_out0_stream_0,1568
StreamingMemory_59_out1_stream_0,816462
BandwidthAdjustDecreaseStreams_0_out0_stream_0,112896
BandwidthAdjustDecreaseStreams_0_out0_stream_1,112896
StreamingMemory_60_out0_stream_0,200704
StreamingMemory_60_out1_stream_0,810318
StreamingLineBuffer_10_out0_stream_prepad_14,28224
StreamingLineBuffer_10_buffer_stream_0,112896
StreamingLineBuffer_10_out0_stream_prepad_13,28224
StreamingLineBuffer_10_buffer_stream_1,112896
StreamingMemory_61_out0_stream_0,12544
StreamingMemory_61_out1_stream_0,810126
StreamingLineBuffer_10_out0_stream_prepad_12,28224
StreamingLineBuffer_10_buffer_stream_2,112896
StreamingLineBuffer_10_out0_stream_prepad_11,28224
StreamingLineBuffer_10_buffer_stream_4,112896
StreamingMemory_62_out0_stream_0,37632
StreamingMemory_62_out0_stream_1,37632
StreamingMemory_62_out0_stream_2,37632
StreamingMemory_62_out0_stream_3,37632
StreamingMemory_62_out0_stream_4,37632
StreamingMemory_62_out0_stream_5,37632
StreamingMemory_62_out0_stream_6,37632
StreamingMemory_62_out0_stream_7,37632
StreamingMemory_62_out0_stream_8,37632
StreamingMemory_62_out1_stream_0,809262
StreamingLineBuffer_10_out0_stream_prepad_10,26208
StreamingLineBuffer_10_buffer_stream_3,112896
StreamingLineBuffer_10_out0_stream_prepad_8,28224
StreamingLineBuffer_10_buffer_stream_6,112896
StreamingMemory_63_out0_stream_0,37632
StreamingMemory_63_out1_stream_0,809070
StreamingLineBuffer_10_out0_stream_prepad_9,28224
StreamingLineBuffer_10_buffer_stream_5,112896
StreamingLineBuffer_10_out0_stream_prepad_6,28224
StreamingLineBuffer_10_buffer_stream_9,112896
StreamingMemory_64_out0_stream_0,200704
StreamingMemory_64_out1_stream_0,799854
StreamingLineBuffer_10_out0_stream_prepad_7,28224
StreamingLineBuffer_10_buffer_stream_7,112896
StreamingLineBuffer_10_out0_stream_prepad_3,27216
StreamingLineBuffer_10_buffer_stream_11,112896
StreamingMemory_65_out0_stream_0,3136
StreamingMemory_65_out1_stream_0,799806
StreamingLineBuffer_10_out0_stream_prepad_5,26208
StreamingLineBuffer_10_buffer_stream_8,112896
StreamingLineBuffer_10_out0_stream_prepad_1,27216
StreamingMemory_66_out0_stream_0,150528
StreamingMemory_66_out1_stream_0,785982
StreamingLineBuffer_10_out0_stream_prepad_4,27216
StreamingLineBuffer_10_buffer_stream_10,112896
StreamingMemory_67_out0_stream_0,18816
StreamingMemory_67_out1_stream_0,785694
StreamingLineBuffer_10_out0_stream_prepad_2,27216
StreamingLineBuffer_10_buffer_stream_12,112896
StreamingMemory_68_out0_stream_0,56448
StreamingMemory_68_out0_stream_1,56448
StreamingMemory_68_out0_stream_2,56448
StreamingMemory_68_out0_stream_3,56448
StreamingMemory_68_out0_stream_4,56448
StreamingMemory_68_out0_stream_5,56448
StreamingMemory_68_out0_stream_6,56448
StreamingMemory_68_out0_stream_7,56448
StreamingMemory_68_out0_stream_8,56448
StreamingMemory_68_out1_stream_0,784398
StreamingLineBuffer_10_out0_stream_prepad_0,25272
StreamingMemory_69_out0_stream_0,56448
StreamingMemory_69_out1_stream_0,784110
StreamingLineBuffer_10_out0_stream_0,28224
StreamingLineBuffer_10_out0_stream_1,28224
StreamingLineBuffer_10_out0_stream_2,28224
StreamingLineBuffer_10_out0_stream_3,28224
StreamingLineBuffer_10_out0_stream_4,28224
StreamingLineBuffer_10_out0_stream_5,28224
StreamingLineBuffer_10_out0_stream_6,28224
StreamingLineBuffer_10_out0_stream_7,28224
StreamingLineBuffer_10_out0_stream_8,28224
StreamingLineBuffer_10_out0_stream_9,28224
StreamingLineBuffer_10_out0_stream_10,28224
StreamingLineBuffer_10_out0_stream_11,28224
StreamingLineBuffer_10_out0_stream_12,28224
StreamingLineBuffer_10_out0_stream_13,28224
StreamingLineBuffer_10_out0_stream_14,28224
StreamingMemory_70_out0_stream_0,200704
StreamingMemory_70_out1_stream_0,770286
StreamingDepthwiseConv_3_out0_stream_0,28224
StreamingDepthwiseConv_3_out0_stream_1,28224
StreamingMemory_71_out0_stream_0,3136
StreamingMemory_71_out1_stream_0,770238
BandwidthAdjustDecreaseChannels_3_out0_stream_0,56448
BandwidthAdjustDecreaseChannels_3_out0_stream_1,56448
StreamingMemory_72_out0_stream_0,150528
StreamingMemory_72_out1_stream_0,756414
BandwidthAdjustIncreaseChannels_5_out0_stream_0,6272
BandwidthAdjustIncreaseChannels_5_out0_stream_1,6272
StreamingMemory_73_out0_stream_0,18816
StreamingMemory_73_out1_stream_0,756126
StreamingLineBuffer_11_out0_stream_1,6272
StreamingLineBuffer_11_out0_stream_0,6272
StreamingMemory_74_out0_stream_0,56448
StreamingMemory_74_out0_stream_1,56448
StreamingMemory_74_out0_stream_2,56448
StreamingMemory_74_out0_stream_3,56448
StreamingMemory_74_out0_stream_4,56448
StreamingMemory_74_out0_stream_5,56448
StreamingMemory_74_out0_stream_6,56448
StreamingMemory_74_out0_stream_7,56448
StreamingMemory_74_out0_stream_8,56448
StreamingMemory_74_out1_stream_0,754830
StreamingConv_7_out0_stream_0,12544
StreamingConv_7_out0_stream_1,12544
StreamingMemory_75_out0_stream_0,56448
StreamingMemory_75_out1_stream_0,754542
TensorDuplicator_1_out0_stream_0,12544
TensorDuplicator_1_out0_stream_1,12544
TensorDuplicator_1_out1_stream_0,12544
TensorDuplicator_1_out1_stream_1,12544
StreamingMemory_76_out0_stream_0,200704
StreamingMemory_76_out1_stream_0,740718
BandwidthAdjustIncreaseChannels_6_out0_stream_0,3136
BandwidthAdjustIncreaseChannels_6_out0_stream_1,3136
BandwidthAdjustIncreaseChannels_7_out0_stream_0,3136
BandwidthAdjustIncreaseChannels_7_out0_stream_1,3136
StreamingMemory_77_out0_stream_0,3136
StreamingMemory_77_out1_stream_0,740670
StreamingLineBuffer_12_out0_stream_1,3136
StreamingLineBuffer_12_out0_stream_0,3136
StreamingMemory_78_out0_stream_0,150528
StreamingMemory_78_out1_stream_0,726846
StreamingConv_8_out0_stream_0,25088
StreamingConv_8_out0_stream_1,25088
StreamingMemory_79_out0_stream_0,18816
StreamingMemory_79_out1_stream_0,726558
BandwidthAdjustDecreaseChannels_4_out0_stream_0,75264
BandwidthAdjustDecreaseChannels_4_out0_stream_1,75264
StreamingMemory_80_out0_stream_0,28224
StreamingMemory_80_out0_stream_1,28224
StreamingMemory_80_out0_stream_2,28224
StreamingMemory_80_out0_stream_3,28224
StreamingMemory_80_out0_stream_4,28224
StreamingMemory_80_out0_stream_5,28224
StreamingMemory_80_out0_stream_6,28224
StreamingMemory_80_out0_stream_7,28224
StreamingMemory_80_out0_stream_8,28224
StreamingMemory_80_out1_stream_0,725262
StreamingLineBuffer_13_out0_stream_prepad_11,67392
StreamingLineBuffer_13_buffer_stream_0,75264
StreamingLineBuffer_13_out0_stream_prepad_10,72576
StreamingLineBuffer_13_buffer_stream_1,75264
StreamingMemory_81_out0_stream_0,28224
StreamingMemory_81_out1_stream_0,724974
StreamingLineBuffer_13_out0_stream_prepad_9,72576
StreamingLineBuffer_13_buffer_stream_2,75264
StreamingLineBuffer_13_out0_stream_prepad_8,67392
StreamingLineBuffer_13_buffer_stream_3,75264
StreamingMemory_82_out0_stream_0,125440
StreamingMemory_82_out1_stream_0,701934
StreamingLineBuffer_13_out0_stream_prepad_7,69888
StreamingLineBuffer_13_buffer_stream_4,75264
StreamingLineBuffer_13_out0_stream_prepad_6,75264
StreamingLineBuffer_13_buffer_stream_5,75264
StreamingMemory_83_out0_stream_0,1960
StreamingMemory_83_out1_stream_0,701854
StreamingLineBuffer_13_out0_stream_prepad_5,75264
StreamingLineBuffer_13_buffer_stream_6,75264
StreamingLineBuffer_13_out0_stream_prepad_4,69888
StreamingLineBuffer_13_buffer_stream_7,75264
StreamingMemory_84_out0_stream_0,188160
StreamingMemory_84_out1_stream_0,663454
StreamingLineBuffer_13_out0_stream_prepad_3,67392
StreamingLineBuffer_13_buffer_stream_8,75264
StreamingLineBuffer_13_out0_stream_prepad_2,72576
StreamingLineBuffer_13_buffer_stream_9,75264
StreamingMemory_85_out0_stream_0,11760
StreamingMemory_85_out1_stream_0,662974
StreamingLineBuffer_13_out0_stream_prepad_1,72576
StreamingLineBuffer_13_out0_stream_prepad_0,67392
StreamingMemory_86_out0_stream_0,47040
StreamingMemory_86_out0_stream_1,47040
StreamingMemory_86_out0_stream_2,47040
StreamingMemory_86_out0_stream_3,47040
StreamingMemory_86_out0_stream_4,47040
StreamingMemory_86_out0_stream_5,47040
StreamingMemory_86_out0_stream_6,47040
StreamingMemory_86_out0_stream_7,47040
StreamingMemory_86_out0_stream_8,47040
StreamingMemory_86_out1_stream_0,660814
StreamingLineBuffer_13_out0_stream_0,75264
StreamingLineBuffer_13_out0_stream_1,75264
StreamingLineBuffer_13_out0_stream_2,75264
StreamingLineBuffer_13_out0_stream_3,75264
StreamingLineBuffer_13_out0_stream_4,75264
StreamingLineBuffer_13_out0_stream_5,75264
StreamingLineBuffer_13_out0_stream_6,75264
StreamingLineBuffer_13_out0_stream_7,75264
StreamingLineBuffer_13_out0_stream_8,75264
StreamingLineBuffer_13_out0_stream_9,75264
StreamingLineBuffer_13_out0_stream_10,75264
StreamingLineBuffer_13_out0_stream_11,75264
StreamingMemory_87_out0_stream_0,47040
StreamingMemory_87_out1_stream_0,660334
StreamingDepthwiseConv_4_out0_stream_0,75264
StreamingDepthwiseConv_4_out0_stream_1,75264
StreamingMemory_88_out0_stream_0,188160
StreamingMemory_88_out1_stream_0,621934
BandwidthAdjustIncreaseChannels_8_out0_stream_0,25088
BandwidthAdjustIncreaseChannels_8_out0_stream_1,25088
StreamingMemory_89_out0_stream_0,1960
StreamingMemory_89_out1_stream_0,621854
StreamingLineBuffer_14_out0_stream_1,25088
StreamingLineBuffer_14_out0_stream_0,25088
StreamingMemory_90_out0_stream_0,188160
StreamingMemory_90_out1_stream_0,583454
StreamingConv_9_out0_stream_0,3136
StreamingConv_9_out0_stream_1,3136
StreamingMemory_91_out0_stream_0,11760
StreamingMemory_91_out1_stream_0,582974
StreamingAdd_1_out0_stream_0,3136
StreamingAdd_1_out0_stream_1,3136
StreamingMemory_92_out0_stream_0,47040
StreamingMemory_92_out0_stream_1,47040
StreamingMemory_92_out0_stream_2,47040
StreamingMemory_92_out0_stream_3,47040
StreamingMemory_92_out0_stream_4,47040
StreamingMemory_92_out0_stream_5,47040
StreamingMemory_92_out0_stream_6,47040
StreamingMemory_92_out0_stream_7,47040
StreamingMemory_92_out0_stream_8,47040
StreamingMemory_92_out1_stream_0,580814
BandwidthAdjustDecreaseChannels_5_out0_stream_0,12544
BandwidthAdjustDecreaseChannels_5_out0_stream_1,12544
StreamingMemory_93_out0_stream_0,47040
StreamingMemory_93_out1_stream_0,580334
TensorDuplicator_2_out0_stream_0,12544
TensorDuplicator_2_out0_stream_1,12544
TensorDuplicator_2_out1_stream_0,12544
TensorDuplicator_2_out1_stream_1,12544
StreamingMemory_94_out0_stream_0,188160
StreamingMemory_94_out1_stream_0,541934
BandwidthAdjustIncreaseChannels_9_out0_stream_0,3136
BandwidthAdjustIncreaseChannels_9_out0_stream_1,3136
BandwidthAdjustIncreaseChannels_10_out0_stream_0,3136
BandwidthAdjustIncreaseChannels_10_out0_stream_1,3136
StreamingMemory_95_out0_stream_0,3920
StreamingMemory_95_out1_stream_0,541854
StreamingLineBuffer_15_out0_stream_1,3136
StreamingLineBuffer_15_out0_stream_0,3136
StreamingMemory_96_out0_stream_0,188160
StreamingMemory_96_out1_stream_0,503454
StreamingConv_10_out0_stream_0,25088
StreamingConv_10_out0_stream_1,25088
StreamingMemory_97_out0_stream_0,23520
StreamingMemory_97_out1_stream_0,502974
BandwidthAdjustDecreaseChannels_6_out0_stream_0,75264
BandwidthAdjustDecreaseChannels_6_out0_stream_1,75264
StreamingMemory_98_out0_stream_0,47040
StreamingMemory_98_out0_stream_1,47040
StreamingMemory_98_out0_stream_2,47040
StreamingMemory_98_out0_stream_3,47040
StreamingMemory_98_out0_stream_4,47040
StreamingMemory_98_out0_stream_5,47040
StreamingMemory_98_out0_stream_6,47040
StreamingMemory_98_out0_stream_7,47040
StreamingMemory_98_out0_stream_8,47040
StreamingMemory_98_out1_stream_0,500814
StreamingLineBuffer_16_out0_stream_prepad_11,67392
StreamingLineBuffer_16_buffer_stream_0,75264
StreamingLineBuffer_16_out0_stream_prepad_10,72576
StreamingLineBuffer_16_buffer_stream_1,75264
StreamingMemory_99_out0_stream_0,47040
StreamingMemory_99_out1_stream_0,500334
StreamingLineBuffer_16_out0_stream_prepad_9,72576
StreamingLineBuffer_16_buffer_stream_2,75264
StreamingLineBuffer_16_out0_stream_prepad_8,67392
StreamingLineBuffer_16_buffer_stream_3,75264
StreamingMemory_100_out0_stream_0,125440
StreamingMemory_100_out1_stream_0,423534
StreamingLineBuffer_16_out0_stream_prepad_7,69888
StreamingLineBuffer_16_buffer_stream_4,75264
StreamingLineBuffer_16_out0_stream_prepad_6,75264
StreamingLineBuffer_16_buffer_stream_5,75264
StreamingMemory_101_out0_stream_0,3920
StreamingMemory_101_out1_stream_0,423374
StreamingLineBuffer_16_out0_stream_prepad_5,75264
StreamingLineBuffer_16_buffer_stream_6,75264
StreamingLineBuffer_16_out0_stream_prepad_4,69888
StreamingLineBuffer_16_buffer_stream_7,75264
StreamingMemory_102_out0_stream_0,125440
StreamingMemory_102_out1_stream_0,320974
StreamingLineBuffer_16_out0_stream_prepad_3,67392
StreamingLineBuffer_16_buffer_stream_8,75264
StreamingLineBuffer_16_out0_stream_prepad_2,72576
StreamingLineBuffer_16_buffer_stream_9,75264
StreamingMemory_103_out0_stream_0,15680
StreamingMemory_103_out1_stream_0,320334
StreamingLineBuffer_16_out0_stream_prepad_1,72576
StreamingLineBuffer_16_out0_stream_prepad_0,67392
StreamingMemory_104_out0_stream_0,128000
StreamingMemory_104_out1_stream_0,334
StreamingLineBuffer_16_out0_stream_0,75264
StreamingLineBuffer_16_out0_stream_1,75264
StreamingLineBuffer_16_out0_stream_2,75264
StreamingLineBuffer_16_out0_stream_3,75264
StreamingLineBuffer_16_out0_stream_4,75264
StreamingLineBuffer_16_out0_stream_5,75264
StreamingLineBuffer_16_out0_stream_6,75264
StreamingLineBuffer_16_out0_stream_7,75264
StreamingLineBuffer_16_out0_stream_8,75264
StreamingLineBuffer_16_out0_stream_9,75264
StreamingLineBuffer_16_out0_stream_10,75264
StreamingLineBuffer_16_out0_stream_11,75264
StreamingMemory_105_out0_stream_0,500
StreamingDepthwiseConv_5_out0_stream_0,75264
StreamingDepthwiseConv_5_out0_stream_1,75264
BandwidthAdjustIncreaseChannels_11_out0_stream_0,25088
BandwidthAdjustIncreaseChannels_11_out0_stream_1,25088
StreamingLineBuffer_17_out0_stream_1,25088
StreamingLineBuffer_17_out0_stream_0,25088
StreamingConv_11_out0_stream_0,3136
StreamingConv_11_out0_stream_1,3136
StreamingAdd_2_out0_stream_0,3136
StreamingAdd_2_out0_stream_1,3136
StreamingLineBuffer_18_out0_stream_1,3136
StreamingLineBuffer_18_out0_stream_0,3136
StreamingConv_12_out0_stream_0,25088
StreamingConv_12_out0_stream_1,25088
BandwidthAdjustDecreaseChannels_7_out0_stream_0,75264
BandwidthAdjustDecreaseChannels_7_out0_stream_1,75264
StreamingLineBuffer_19_out0_stream_prepad_14,18816
StreamingLineBuffer_19_buffer_stream_0,75264
StreamingLineBuffer_19_out0_stream_prepad_13,18816
StreamingLineBuffer_19_buffer_stream_1,75264
StreamingLineBuffer_19_out0_stream_prepad_12,18816
StreamingLineBuffer_19_buffer_stream_2,75264
StreamingLineBuffer_19_out0_stream_prepad_11,18816
StreamingLineBuffer_19_buffer_stream_4,75264
StreamingLineBuffer_19_out0_stream_prepad_10,16128
StreamingLineBuffer_19_buffer_stream_3,75264
StreamingLineBuffer_19_out0_stream_prepad_8,18816
StreamingLineBuffer_19_buffer_stream_6,75264
StreamingLineBuffer_19_out0_stream_prepad_9,18816
StreamingLineBuffer_19_buffer_stream_5,75264
StreamingLineBuffer_19_out0_stream_prepad_6,18816
StreamingLineBuffer_19_buffer_stream_9,75264
StreamingLineBuffer_19_out0_stream_prepad_7,18816
StreamingLineBuffer_19_buffer_stream_7,75264
StreamingLineBuffer_19_out0_stream_prepad_3,17472
StreamingLineBuffer_19_buffer_stream_11,75264
StreamingLineBuffer_19_out0_stream_prepad_5,16128
StreamingLineBuffer_19_buffer_stream_8,75264
StreamingLineBuffer_19_out0_stream_prepad_1,17472
StreamingLineBuffer_19_out0_stream_prepad_4,17472
StreamingLineBuffer_19_buffer_stream_10,75264
StreamingLineBuffer_19_out0_stream_prepad_2,17472
StreamingLineBuffer_19_buffer_stream_12,75264
StreamingLineBuffer_19_out0_stream_prepad_0,14976
StreamingLineBuffer_19_out0_stream_0,18816
StreamingLineBuffer_19_out0_stream_1,18816
StreamingLineBuffer_19_out0_stream_2,18816
StreamingLineBuffer_19_out0_stream_3,18816
StreamingLineBuffer_19_out0_stream_4,18816
StreamingLineBuffer_19_out0_stream_5,18816
StreamingLineBuffer_19_out0_stream_6,18816
StreamingLineBuffer_19_out0_stream_7,18816
StreamingLineBuffer_19_out0_stream_8,18816
StreamingLineBuffer_19_out0_stream_9,18816
StreamingLineBuffer_19_out0_stream_10,18816
StreamingLineBuffer_19_out0_stream_11,18816
StreamingLineBuffer_19_out0_stream_12,18816
StreamingLineBuffer_19_out0_stream_13,18816
StreamingLineBuffer_19_out0_stream_14,18816
StreamingDepthwiseConv_6_out0_stream_0,18816
StreamingDepthwiseConv_6_out0_stream_1,18816
BandwidthAdjustIncreaseChannels_12_out0_stream_0,6272
BandwidthAdjustIncreaseChannels_12_out0_stream_1,6272
BandwidthAdjustDecreaseStreams_1_out0_stream_0,12544
StreamingConv_13_out0_stream_0,3136
TensorDuplicator_3_out0_stream_0,3136
TensorDuplicator_3_out1_stream_0,3136
BandwidthAdjustIncreaseStreams_1_out0_stream_0,1568
BandwidthAdjustIncreaseStreams_1_out0_stream_1,1568
BandwidthAdjustIncreaseStreams_2_out0_stream_0,1568
BandwidthAdjustIncreaseStreams_2_out0_stream_1,1568
StreamingLineBuffer_20_out0_stream_1,1568
StreamingLineBuffer_20_out0_stream_0,1568
StreamingConv_14_out0_stream_0,12544
StreamingConv_14_out0_stream_1,12544
BandwidthAdjustDecreaseChannels_8_out0_stream_0,37632
BandwidthAdjustDecreaseChannels_8_out0_stream_1,37632
StreamingLineBuffer_21_out0_stream_prepad_11,29952
StreamingLineBuffer_21_buffer_stream_0,37632
StreamingLineBuffer_21_out0_stream_prepad_10,34944
StreamingLineBuffer_21_buffer_stream_1,37632
StreamingLineBuffer_21_out0_stream_prepad_9,34944
StreamingLineBuffer_21_buffer_stream_2,37632
StreamingLineBuffer_21_out0_stream_prepad_8,29952
StreamingLineBuffer_21_buffer_stream_3,37632
StreamingLineBuffer_21_out0_stream_prepad_7,32256
StreamingLineBuffer_21_buffer_stream_4,37632
StreamingLineBuffer_21_out0_stream_prepad_6,37632
StreamingLineBuffer_21_buffer_stream_5,37632
StreamingLineBuffer_21_out0_stream_prepad_5,37632
StreamingLineBuffer_21_buffer_stream_6,37632
StreamingLineBuffer_21_out0_stream_prepad_4,32256
StreamingLineBuffer_21_buffer_stream_7,37632
StreamingLineBuffer_21_out0_stream_prepad_3,29952
StreamingLineBuffer_21_buffer_stream_8,37632
StreamingLineBuffer_21_out0_stream_prepad_2,34944
StreamingLineBuffer_21_buffer_stream_9,37632
StreamingLineBuffer_21_out0_stream_prepad_1,34944
StreamingLineBuffer_21_out0_stream_prepad_0,29952
StreamingLineBuffer_21_out0_stream_0,37632
StreamingLineBuffer_21_out0_stream_1,37632
StreamingLineBuffer_21_out0_stream_2,37632
StreamingLineBuffer_21_out0_stream_3,37632
StreamingLineBuffer_21_out0_stream_4,37632
StreamingLineBuffer_21_out0_stream_5,37632
StreamingLineBuffer_21_out0_stream_6,37632
StreamingLineBuffer_21_out0_stream_7,37632
StreamingLineBuffer_21_out0_stream_8,37632
StreamingLineBuffer_21_out0_stream_9,37632
StreamingLineBuffer_21_out0_stream_10,37632
StreamingLineBuffer_21_out0_stream_11,37632
StreamingDepthwiseConv_7_out0_stream_0,37632
StreamingDepthwiseConv_7_out0_stream_1,37632
BandwidthAdjustIncreaseChannels_13_out0_stream_0,12544
BandwidthAdjustIncreaseChannels_13_out0_stream_1,12544
StreamingLineBuffer_22_out0_stream_1,12544
StreamingLineBuffer_22_out0_stream_0,12544
StreamingConv_15_out0_stream_0,1568
StreamingConv_15_out0_stream_1,1568
StreamingAdd_3_out0_stream_0,1568
StreamingAdd_3_out0_stream_1,1568
BandwidthAdjustDecreaseStreams_2_out0_stream_0,3136
TensorDuplicator_4_out0_stream_0,3136
TensorDuplicator_4_out1_stream_0,3136
BandwidthAdjustIncreaseStreams_3_out0_stream_0,1568
BandwidthAdjustIncreaseStreams_3_out0_stream_1,1568
BandwidthAdjustIncreaseStreams_4_out0_stream_0,1568
BandwidthAdjustIncreaseStreams_4_out0_stream_1,1568
StreamingLineBuffer_23_out0_stream_1,1568
StreamingLineBuffer_23_out0_stream_0,1568
StreamingConv_16_out0_stream_0,12544
StreamingConv_16_out0_stream_1,12544
BandwidthAdjustDecreaseChannels_9_out0_stream_0,37632
BandwidthAdjustDecreaseChannels_9_out0_stream_1,37632
StreamingLineBuffer_24_out0_stream_prepad_11,29952
StreamingLineBuffer_24_buffer_stream_0,37632
StreamingLineBuffer_24_out0_stream_prepad_10,34944
StreamingLineBuffer_24_buffer_stream_1,37632
StreamingLineBuffer_24_out0_stream_prepad_9,34944
StreamingLineBuffer_24_buffer_stream_2,37632
StreamingLineBuffer_24_out0_stream_prepad_8,29952
StreamingLineBuffer_24_buffer_stream_3,37632
StreamingLineBuffer_24_out0_stream_prepad_7,32256
StreamingLineBuffer_24_buffer_stream_4,37632
StreamingLineBuffer_24_out0_stream_prepad_6,37632
StreamingLineBuffer_24_buffer_stream_5,37632
StreamingLineBuffer_24_out0_stream_prepad_5,37632
StreamingLineBuffer_24_buffer_stream_6,37632
StreamingLineBuffer_24_out0_stream_prepad_4,32256
StreamingLineBuffer_24_buffer_stream_7,37632
StreamingLineBuffer_24_out0_stream_prepad_3,29952
StreamingLineBuffer_24_buffer_stream_8,37632
StreamingLineBuffer_24_out0_stream_prepad_2,34944
StreamingLineBuffer_24_buffer_stream_9,37632
StreamingLineBuffer_24_out0_stream_prepad_1,34944
StreamingLineBuffer_24_out0_stream_prepad_0,29952
StreamingLineBuffer_24_out0_stream_0,37632
StreamingLineBuffer_24_out0_stream_1,37632
StreamingLineBuffer_24_out0_stream_2,37632
StreamingLineBuffer_24_out0_stream_3,37632
StreamingLineBuffer_24_out0_stream_4,37632
StreamingLineBuffer_24_out0_stream_5,37632
StreamingLineBuffer_24_out0_stream_6,37632
StreamingLineBuffer_24_out0_stream_7,37632
StreamingLineBuffer_24_out0_stream_8,37632
StreamingLineBuffer_24_out0_stream_9,37632
StreamingLineBuffer_24_out0_stream_10,37632
StreamingLineBuffer_24_out0_stream_11,37632
StreamingDepthwiseConv_8_out0_stream_0,37632
StreamingDepthwiseConv_8_out0_stream_1,37632
BandwidthAdjustIncreaseChannels_14_out0_stream_0,12544
BandwidthAdjustIncreaseChannels_14_out0_stream_1,12544
StreamingLineBuffer_25_out0_stream_1,12544
StreamingLineBuffer_25_out0_stream_0,12544
StreamingConv_17_out0_stream_0,1568
StreamingConv_17_out0_stream_1,1568
StreamingAdd_4_out0_stream_0,1568
StreamingAdd_4_out0_stream_1,1568
BandwidthAdjustDecreaseStreams_3_out0_stream_0,3136
TensorDuplicator_5_out0_stream_0,3136
TensorDuplicator_5_out1_stream_0,3136
BandwidthAdjustIncreaseStreams_5_out0_stream_0,1568
BandwidthAdjustIncreaseStreams_5_out0_stream_1,1568
BandwidthAdjustIncreaseStreams_6_out0_stream_0,1568
BandwidthAdjustIncreaseStreams_6_out0_stream_1,1568
StreamingLineBuffer_26_out0_stream_1,1568
StreamingLineBuffer_26_out0_stream_0,1568
StreamingConv_18_out0_stream_0,12544
StreamingConv_18_out0_stream_1,12544
BandwidthAdjustDecreaseChannels_10_out0_stream_0,37632
BandwidthAdjustDecreaseChannels_10_out0_stream_1,37632
StreamingLineBuffer_27_out0_stream_prepad_11,29952
StreamingLineBuffer_27_buffer_stream_0,37632
StreamingLineBuffer_27_out0_stream_prepad_10,34944
StreamingLineBuffer_27_buffer_stream_1,37632
StreamingLineBuffer_27_out0_stream_prepad_9,34944
StreamingLineBuffer_27_buffer_stream_2,37632
StreamingLineBuffer_27_out0_stream_prepad_8,29952
StreamingLineBuffer_27_buffer_stream_3,37632
StreamingLineBuffer_27_out0_stream_prepad_7,32256
StreamingLineBuffer_27_buffer_stream_4,37632
StreamingLineBuffer_27_out0_stream_prepad_6,37632
StreamingLineBuffer_27_buffer_stream_5,37632
StreamingLineBuffer_27_out0_stream_prepad_5,37632
StreamingLineBuffer_27_buffer_stream_6,37632
StreamingLineBuffer_27_out0_stream_prepad_4,32256
StreamingLineBuffer_27_buffer_stream_7,37632
StreamingLineBuffer_27_out0_stream_prepad_3,29952
StreamingLineBuffer_27_buffer_stream_8,37632
StreamingLineBuffer_27_out0_stream_prepad_2,34944
StreamingLineBuffer_27_buffer_stream_9,37632
StreamingLineBuffer_27_out0_stream_prepad_1,34944
StreamingLineBuffer_27_out0_stream_prepad_0,29952
StreamingLineBuffer_27_out0_stream_0,37632
StreamingLineBuffer_27_out0_stream_1,37632
StreamingLineBuffer_27_out0_stream_2,37632
StreamingLineBuffer_27_out0_stream_3,37632
StreamingLineBuffer_27_out0_stream_4,37632
StreamingLineBuffer_27_out0_stream_5,37632
StreamingLineBuffer_27_out0_stream_6,37632
StreamingLineBuffer_27_out0_stream_7,37632
StreamingLineBuffer_27_out0_stream_8,37632
StreamingLineBuffer_27_out0_stream_9,37632
StreamingLineBuffer_27_out0_stream_10,37632
StreamingLineBuffer_27_out0_stream_11,37632
StreamingDepthwiseConv_9_out0_stream_0,37632
StreamingDepthwiseConv_9_out0_stream_1,37632
BandwidthAdjustIncreaseChannels_15_out0_stream_0,12544
BandwidthAdjustIncreaseChannels_15_out0_stream_1,12544
StreamingLineBuffer_28_out0_stream_1,12544
StreamingLineBuffer_28_out0_stream_0,12544
StreamingConv_19_out0_stream_0,1568
StreamingConv_19_out0_stream_1,1568
StreamingAdd_5_out0_stream_0,1568
StreamingAdd_5_out0_stream_1,1568
StreamingLineBuffer_29_out0_stream_1,1568
StreamingLineBuffer_29_out0_stream_0,1568
StreamingConv_20_out0_stream_0,12544
StreamingConv_20_out0_stream_1,12544
BandwidthAdjustDecreaseChannels_11_out0_stream_0,37632
BandwidthAdjustDecreaseChannels_11_out0_stream_1,37632
StreamingLineBuffer_30_out0_stream_prepad_11,29952
StreamingLineBuffer_30_buffer_stream_0,37632
StreamingLineBuffer_30_out0_stream_prepad_10,34944
StreamingLineBuffer_30_buffer_stream_1,37632
StreamingLineBuffer_30_out0_stream_prepad_9,34944
StreamingLineBuffer_30_buffer_stream_2,37632
StreamingLineBuffer_30_out0_stream_prepad_8,29952
StreamingLineBuffer_30_buffer_stream_3,37632
StreamingLineBuffer_30_out0_stream_prepad_7,32256
StreamingLineBuffer_30_buffer_stream_4,37632
StreamingLineBuffer_30_out0_stream_prepad_6,37632
StreamingLineBuffer_30_buffer_stream_5,37632
StreamingLineBuffer_30_out0_stream_prepad_5,37632
StreamingLineBuffer_30_buffer_stream_6,37632
StreamingLineBuffer_30_out0_stream_prepad_4,32256
StreamingLineBuffer_30_buffer_stream_7,37632
StreamingLineBuffer_30_out0_stream_prepad_3,29952
StreamingLineBuffer_30_buffer_stream_8,37632
StreamingLineBuffer_30_out0_stream_prepad_2,34944
StreamingLineBuffer_30_buffer_stream_9,37632
StreamingLineBuffer_30_out0_stream_prepad_1,34944
StreamingLineBuffer_30_out0_stream_prepad_0,29952
StreamingLineBuffer_30_out0_stream_0,37632
StreamingLineBuffer_30_out0_stream_1,37632
StreamingLineBuffer_30_out0_stream_2,37632
StreamingLineBuffer_30_out0_stream_3,37632
StreamingLineBuffer_30_out0_stream_4,37632
StreamingLineBuffer_30_out0_stream_5,37632
StreamingLineBuffer_30_out0_stream_6,37632
StreamingLineBuffer_30_out0_stream_7,37632
StreamingLineBuffer_30_out0_stream_8,37632
StreamingLineBuffer_30_out0_stream_9,37632
StreamingLineBuffer_30_out0_stream_10,37632
StreamingLineBuffer_30_out0_stream_11,37632
StreamingDepthwiseConv_10_out0_stream_0,37632
StreamingDepthwiseConv_10_out0_stream_1,37632
BandwidthAdjustIncreaseChannels_16_out0_stream_0,6272
BandwidthAdjustIncreaseChannels_16_out0_stream_1,6272
StreamingLineBuffer_31_out0_stream_1,6272
StreamingLineBuffer_31_out0_stream_0,6272
StreamingConv_21_out0_stream_0,3136
StreamingConv_21_out0_stream_1,3136
TensorDuplicator_6_out0_stream_0,3136
TensorDuplicator_6_out0_stream_1,3136
TensorDuplicator_6_out1_stream_0,3136
TensorDuplicator_6_out1_stream_1,3136
BandwidthAdjustIncreaseChannels_17_out0_stream_0,784
BandwidthAdjustIncreaseChannels_17_out0_stream_1,784
StreamingLineBuffer_32_out0_stream_1,784
StreamingLineBuffer_32_out0_stream_0,784
StreamingConv_22_out0_stream_0,18816
StreamingConv_22_out0_stream_1,18816
BandwidthAdjustDecreaseChannels_12_out0_stream_0,56448
BandwidthAdjustDecreaseChannels_12_out0_stream_1,56448
StreamingLineBuffer_33_out0_stream_prepad_11,44928
StreamingLineBuffer_33_buffer_stream_0,56448
StreamingLineBuffer_33_out0_stream_prepad_10,52416
StreamingLineBuffer_33_buffer_stream_1,56448
StreamingLineBuffer_33_out0_stream_prepad_9,52416
StreamingLineBuffer_33_buffer_stream_2,56448
StreamingLineBuffer_33_out0_stream_prepad_8,44928
StreamingLineBuffer_33_buffer_stream_3,56448
StreamingLineBuffer_33_out0_stream_prepad_7,48384
StreamingLineBuffer_33_buffer_stream_4,56448
StreamingLineBuffer_33_out0_stream_prepad_6,56448
StreamingLineBuffer_33_buffer_stream_5,56448
StreamingLineBuffer_33_out0_stream_prepad_5,56448
StreamingLineBuffer_33_buffer_stream_6,56448
StreamingLineBuffer_33_out0_stream_prepad_4,48384
StreamingLineBuffer_33_buffer_stream_7,56448
StreamingLineBuffer_33_out0_stream_prepad_3,44928
StreamingLineBuffer_33_buffer_stream_8,56448
StreamingLineBuffer_33_out0_stream_prepad_2,52416
StreamingLineBuffer_33_buffer_stream_9,56448
StreamingLineBuffer_33_out0_stream_prepad_1,52416
StreamingLineBuffer_33_out0_stream_prepad_0,44928
StreamingLineBuffer_33_out0_stream_0,56448
StreamingLineBuffer_33_out0_stream_1,56448
StreamingLineBuffer_33_out0_stream_2,56448
StreamingLineBuffer_33_out0_stream_3,56448
StreamingLineBuffer_33_out0_stream_4,56448
StreamingLineBuffer_33_out0_stream_5,56448
StreamingLineBuffer_33_out0_stream_6,56448
StreamingLineBuffer_33_out0_stream_7,56448
StreamingLineBuffer_33_out0_stream_8,56448
StreamingLineBuffer_33_out0_stream_9,56448
StreamingLineBuffer_33_out0_stream_10,56448
StreamingLineBuffer_33_out0_stream_11,56448
StreamingDepthwiseConv_11_out0_stream_0,56448
StreamingDepthwiseConv_11_out0_stream_1,56448
BandwidthAdjustIncreaseChannels_18_out0_stream_0,6272
BandwidthAdjustIncreaseChannels_18_out0_stream_1,6272
StreamingLineBuffer_34_out0_stream_1,6272
StreamingLineBuffer_34_out0_stream_0,6272
StreamingConv_23_out0_stream_0,3136
StreamingConv_23_out0_stream_1,3136
StreamingAdd_6_out0_stream_0,3136
StreamingAdd_6_out0_stream_1,3136
TensorDuplicator_7_out0_stream_0,3136
TensorDuplicator_7_out0_stream_1,3136
TensorDuplicator_7_out1_stream_0,3136
TensorDuplicator_7_out1_stream_1,3136
BandwidthAdjustIncreaseChannels_19_out0_stream_0,784
BandwidthAdjustIncreaseChannels_19_out0_stream_1,784
StreamingLineBuffer_35_out0_stream_1,784
StreamingLineBuffer_35_out0_stream_0,784
StreamingConv_24_out0_stream_0,18816
StreamingConv_24_out0_stream_1,18816
BandwidthAdjustDecreaseChannels_13_out0_stream_0,56448
BandwidthAdjustDecreaseChannels_13_out0_stream_1,56448
StreamingLineBuffer_36_out0_stream_prepad_11,44928
StreamingLineBuffer_36_buffer_stream_0,56448
StreamingLineBuffer_36_out0_stream_prepad_10,52416
StreamingLineBuffer_36_buffer_stream_1,56448
StreamingLineBuffer_36_out0_stream_prepad_9,52416
StreamingLineBuffer_36_buffer_stream_2,56448
StreamingLineBuffer_36_out0_stream_prepad_8,44928
StreamingLineBuffer_36_buffer_stream_3,56448
StreamingLineBuffer_36_out0_stream_prepad_7,48384
StreamingLineBuffer_36_buffer_stream_4,56448
StreamingLineBuffer_36_out0_stream_prepad_6,56448
StreamingLineBuffer_36_buffer_stream_5,56448
StreamingLineBuffer_36_out0_stream_prepad_5,56448
StreamingLineBuffer_36_buffer_stream_6,56448
StreamingLineBuffer_36_out0_stream_prepad_4,48384
StreamingLineBuffer_36_buffer_stream_7,56448
StreamingLineBuffer_36_out0_stream_prepad_3,44928
StreamingLineBuffer_36_buffer_stream_8,56448
StreamingLineBuffer_36_out0_stream_prepad_2,52416
StreamingLineBuffer_36_buffer_stream_9,56448
StreamingLineBuffer_36_out0_stream_prepad_1,52416
StreamingLineBuffer_36_out0_stream_prepad_0,44928
StreamingLineBuffer_36_out0_stream_0,56448
StreamingLineBuffer_36_out0_stream_1,56448
StreamingLineBuffer_36_out0_stream_2,56448
StreamingLineBuffer_36_out0_stream_3,56448
StreamingLineBuffer_36_out0_stream_4,56448
StreamingLineBuffer_36_out0_stream_5,56448
StreamingLineBuffer_36_out0_stream_6,56448
StreamingLineBuffer_36_out0_stream_7,56448
StreamingLineBuffer_36_out0_stream_8,56448
StreamingLineBuffer_36_out0_stream_9,56448
StreamingLineBuffer_36_out0_stream_10,56448
StreamingLineBuffer_36_out0_stream_11,56448
StreamingDepthwiseConv_12_out0_stream_0,56448
StreamingDepthwiseConv_12_out0_stream_1,56448
BandwidthAdjustIncreaseChannels_20_out0_stream_0,6272
BandwidthAdjustIncreaseChannels_20_out0_stream_1,6272
StreamingLineBuffer_37_out0_stream_1,6272
StreamingLineBuffer_37_out0_stream_0,6272
StreamingConv_25_out0_stream_0,3136
StreamingConv_25_out0_stream_1,3136
StreamingAdd_7_out0_stream_0,3136
StreamingAdd_7_out0_stream_1,3136
BandwidthAdjustIncreaseChannels_21_out0_stream_0,784
BandwidthAdjustIncreaseChannels_21_out0_stream_1,784
StreamingLineBuffer_38_out0_stream_1,784
StreamingLineBuffer_38_out0_stream_0,784
StreamingConv_26_out0_stream_0,18816
StreamingConv_26_out0_stream_1,18816
BandwidthAdjustDecreaseChannels_14_out0_stream_0,56448
BandwidthAdjustDecreaseChannels_14_out0_stream_1,56448
BandwidthAdjustDecreaseStreams_4_out0_stream_0,112896
StreamingLineBuffer_39_out0_stream_prepad_8,28224
StreamingLineBuffer_39_buffer_stream_0,112896
StreamingLineBuffer_39_out0_stream_prepad_7,28224
StreamingLineBuffer_39_buffer_stream_1,112896
StreamingLineBuffer_39_out0_stream_prepad_6,24192
StreamingLineBuffer_39_buffer_stream_2,112896
StreamingLineBuffer_39_out0_stream_prepad_5,28224
StreamingLineBuffer_39_buffer_stream_3,112896
StreamingLineBuffer_39_out0_stream_prepad_4,28224
StreamingLineBuffer_39_buffer_stream_4,112896
StreamingLineBuffer_39_out0_stream_prepad_3,24192
StreamingLineBuffer_39_buffer_stream_5,112896
StreamingLineBuffer_39_out0_stream_prepad_2,24192
StreamingLineBuffer_39_buffer_stream_6,112896
StreamingLineBuffer_39_out0_stream_prepad_1,24192
StreamingLineBuffer_39_buffer_stream_7,112896
StreamingLineBuffer_39_out0_stream_prepad_0,20736
StreamingLineBuffer_39_out0_stream_0,28224
StreamingLineBuffer_39_out0_stream_1,28224
StreamingLineBuffer_39_out0_stream_2,28224
StreamingLineBuffer_39_out0_stream_3,28224
StreamingLineBuffer_39_out0_stream_4,28224
StreamingLineBuffer_39_out0_stream_5,28224
StreamingLineBuffer_39_out0_stream_6,28224
StreamingLineBuffer_39_out0_stream_7,28224
StreamingLineBuffer_39_out0_stream_8,28224
StreamingDepthwiseConv_13_out0_stream_0,28224
BandwidthAdjustIncreaseChannels_22_out0_stream_0,3136
StreamingConv_27_out0_stream_0,1960
TensorDuplicator_8_out0_stream_0,1960
TensorDuplicator_8_out1_stream_0,1960
BandwidthAdjustDecreaseChannels_15_out0_stream_0,3920
BandwidthAdjustIncreaseChannels_23_out0_stream_0,784
StreamingConv_28_out0_stream_0,11760
BandwidthAdjustDecreaseChannels_16_out0_stream_0,47040
StreamingLineBuffer_40_out0_stream_prepad_8,34560
StreamingLineBuffer_40_buffer_stream_0,47040
StreamingLineBuffer_40_out0_stream_prepad_7,40320
StreamingLineBuffer_40_buffer_stream_1,47040
StreamingLineBuffer_40_out0_stream_prepad_6,34560
StreamingLineBuffer_40_buffer_stream_2,47040
StreamingLineBuffer_40_out0_stream_prepad_5,40320
StreamingLineBuffer_40_buffer_stream_3,47040
StreamingLineBuffer_40_out0_stream_prepad_4,47040
StreamingLineBuffer_40_buffer_stream_4,47040
StreamingLineBuffer_40_out0_stream_prepad_3,40320
StreamingLineBuffer_40_buffer_stream_5,47040
StreamingLineBuffer_40_out0_stream_prepad_2,34560
StreamingLineBuffer_40_buffer_stream_6,47040
StreamingLineBuffer_40_out0_stream_prepad_1,40320
StreamingLineBuffer_40_buffer_stream_7,47040
StreamingLineBuffer_40_out0_stream_prepad_0,34560
StreamingLineBuffer_40_out0_stream_0,47040
StreamingLineBuffer_40_out0_stream_1,47040
StreamingLineBuffer_40_out0_stream_2,47040
StreamingLineBuffer_40_out0_stream_3,47040
StreamingLineBuffer_40_out0_stream_4,47040
StreamingLineBuffer_40_out0_stream_5,47040
StreamingLineBuffer_40_out0_stream_6,47040
StreamingLineBuffer_40_out0_stream_7,47040
StreamingLineBuffer_40_out0_stream_8,47040
StreamingDepthwiseConv_14_out0_stream_0,47040
BandwidthAdjustIncreaseChannels_24_out0_stream_0,4704
StreamingConv_29_out0_stream_0,1960
StreamingAdd_8_out0_stream_0,1960
TensorDuplicator_9_out0_stream_0,1960
TensorDuplicator_9_out1_stream_0,1960
BandwidthAdjustDecreaseChannels_17_out0_stream_0,3920
BandwidthAdjustDecreaseChannels_18_out0_stream_0,3920
BandwidthAdjustIncreaseChannels_25_out0_stream_0,784
StreamingConv_30_out0_stream_0,11760
BandwidthAdjustDecreaseChannels_19_out0_stream_0,47040
StreamingLineBuffer_41_out0_stream_prepad_8,34560
StreamingLineBuffer_41_buffer_stream_0,47040
StreamingLineBuffer_41_out0_stream_prepad_7,40320
StreamingLineBuffer_41_buffer_stream_1,47040
StreamingLineBuffer_41_out0_stream_prepad_6,34560
StreamingLineBuffer_41_buffer_stream_2,47040
StreamingLineBuffer_41_out0_stream_prepad_5,40320
StreamingLineBuffer_41_buffer_stream_3,47040
StreamingLineBuffer_41_out0_stream_prepad_4,47040
StreamingLineBuffer_41_buffer_stream_4,47040
StreamingLineBuffer_41_out0_stream_prepad_3,40320
StreamingLineBuffer_41_buffer_stream_5,47040
StreamingLineBuffer_41_out0_stream_prepad_2,34560
StreamingLineBuffer_41_buffer_stream_6,47040
StreamingLineBuffer_41_out0_stream_prepad_1,40320
StreamingLineBuffer_41_buffer_stream_7,47040
StreamingLineBuffer_41_out0_stream_prepad_0,34560
StreamingLineBuffer_41_out0_stream_0,47040
StreamingLineBuffer_41_out0_stream_1,47040
StreamingLineBuffer_41_out0_stream_2,47040
StreamingLineBuffer_41_out0_stream_3,47040
StreamingLineBuffer_41_out0_stream_4,47040
StreamingLineBuffer_41_out0_stream_5,47040
StreamingLineBuffer_41_out0_stream_6,47040
StreamingLineBuffer_41_out0_stream_7,47040
StreamingLineBuffer_41_out0_stream_8,47040
StreamingDepthwiseConv_15_out0_stream_0,47040
BandwidthAdjustIncreaseChannels_26_out0_stream_0,2352
StreamingConv_31_out0_stream_0,3920
StreamingAdd_9_out0_stream_0,3920
BandwidthAdjustIncreaseChannels_27_out0_stream_0,392
StreamingConv_32_out0_stream_0,23520
BandwidthAdjustDecreaseChannels_20_out0_stream_0,47040
StreamingLineBuffer_42_out0_stream_prepad_8,34560
StreamingLineBuffer_42_buffer_stream_0,47040
StreamingLineBuffer_42_out0_stream_prepad_7,40320
StreamingLineBuffer_42_buffer_stream_1,47040
StreamingLineBuffer_42_out0_stream_prepad_6,34560
StreamingLineBuffer_42_buffer_stream_2,47040
StreamingLineBuffer_42_out0_stream_prepad_5,40320
StreamingLineBuffer_42_buffer_stream_3,47040
StreamingLineBuffer_42_out0_stream_prepad_4,47040
StreamingLineBuffer_42_buffer_stream_4,47040
StreamingLineBuffer_42_out0_stream_prepad_3,40320
StreamingLineBuffer_42_buffer_stream_5,47040
StreamingLineBuffer_42_out0_stream_prepad_2,34560
StreamingLineBuffer_42_buffer_stream_6,47040
StreamingLineBuffer_42_out0_stream_prepad_1,40320
StreamingLineBuffer_42_buffer_stream_7,47040
StreamingLineBuffer_42_out0_stream_prepad_0,34560
StreamingLineBuffer_42_out0_stream_0,47040
StreamingLineBuffer_42_out0_stream_1,47040
StreamingLineBuffer_42_out0_stream_2,47040
StreamingLineBuffer_42_out0_stream_3,47040
StreamingLineBuffer_42_out0_stream_4,47040
StreamingLineBuffer_42_out0_stream_5,47040
StreamingLineBuffer_42_out0_stream_6,47040
StreamingLineBuffer_42_out0_stream_7,47040
StreamingLineBuffer_42_out0_stream_8,47040
StreamingDepthwiseConv_16_out0_stream_0,47040
BandwidthAdjustIncreaseChannels_28_out0_stream_0,1568
StreamingConv_33_out0_stream_0,3920
BandwidthAdjustIncreaseChannels_29_out0_stream_0,392
StreamingConv_34_out0_stream_0,15680
BandwidthAdjustDecreaseChannels_21_out0_stream_0,62720
StreamingGlobalAveragePool_0_out0_stream_0,1280
BandwidthAdjustIncreaseChannels_30_out0_stream_0,256
StreamingConv_35_out0_stream_0,500