NHWCToStream_0_out0_stream_0,1228800
StreamingLineBuffer_0_out0_stream_prepad_8,307200
StreamingLineBuffer_0_buffer_stream_0,1228800
StreamingLineBuffer_0_out0_stream_prepad_7,307200
StreamingLineBuffer_0_buffer_stream_1,1228800
StreamingLineBuffer_0_out0_stream_prepad_6,306240
StreamingLineBuffer_0_buffer_stream_2,1228800
StreamingLineBuffer_0_out0_stream_prepad_5,307200
StreamingLineBuffer_0_buffer_stream_3,1228800
StreamingLineBuffer_0_out0_stream_prepad_4,307200
StreamingLineBuffer_0_buffer_stream_4,1228800
StreamingLineBuffer_0_out0_stream_prepad_3,306240
StreamingLineBuffer_0_buffer_stream_5,1228800
StreamingLineBuffer_0_out0_stream_prepad_2,306240
StreamingLineBuffer_0_buffer_stream_6,1228800
StreamingLineBuffer_0_out0_stream_prepad_1,306240
StreamingLineBuffer_0_buffer_stream_7,1228800
StreamingLineBuffer_0_out0_stream_prepad_0,305283
StreamingLineBuffer_0_out0_stream_0,307200
StreamingLineBuffer_0_out0_stream_1,307200
StreamingLineBuffer_0_out0_stream_2,307200
StreamingLineBuffer_0_out0_stream_3,307200
StreamingLineBuffer_0_out0_stream_4,307200
StreamingLineBuffer_0_out0_stream_5,307200
StreamingLineBuffer_0_out0_stream_6,307200
StreamingLineBuffer_0_out0_stream_7,307200
StreamingLineBuffer_0_out0_stream_8,307200
StreamingConv_0_out0_stream_0,1638400
StreamingSwish_0_out0_stream_0,1638400
BandwidthAdjustIncreaseStreams_0_out0_stream_0,819200
BandwidthAdjustIncreaseStreams_0_out0_stream_1,819200
StreamingLineBuffer_1_out0_stream_prepad_14,204800
StreamingLineBuffer_1_buffer_stream_0,819200
StreamingLineBuffer_1_out0_stream_prepad_13,204800
StreamingLineBuffer_1_buffer_stream_1,819200
StreamingLineBuffer_1_out0_stream_prepad_12,204800
StreamingLineBuffer_1_buffer_stream_2,819200
StreamingLineBuffer_1_out0_stream_prepad_11,204800
StreamingLineBuffer_1_buffer_stream_4,819200
StreamingLineBuffer_1_out0_stream_prepad_10,202240
StreamingLineBuffer_1_buffer_stream_3,819200
StreamingLineBuffer_1_out0_stream_prepad_8,204800
StreamingLineBuffer_1_buffer_stream_6,819200
StreamingLineBuffer_1_out0_stream_prepad_9,204800
StreamingLineBuffer_1_buffer_stream_5,819200
StreamingLineBuffer_1_out0_stream_prepad_6,204800
StreamingLineBuffer_1_buffer_stream_9,819200
StreamingLineBuffer_1_out0_stream_prepad_7,204800
StreamingLineBuffer_1_buffer_stream_7,819200
StreamingLineBuffer_1_out0_stream_prepad_3,203520
StreamingLineBuffer_1_buffer_stream_11,819200
StreamingLineBuffer_1_out0_stream_prepad_5,202240
StreamingLineBuffer_1_buffer_stream_8,819200
StreamingLineBuffer_1_out0_stream_prepad_1,203520
StreamingLineBuffer_1_out0_stream_prepad_4,203520
StreamingLineBuffer_1_buffer_stream_10,819200
StreamingLineBuffer_1_out0_stream_prepad_2,203520
StreamingLineBuffer_1_buffer_stream_12,819200
StreamingLineBuffer_1_out0_stream_prepad_0,200976
StreamingLineBuffer_1_out0_stream_0,204800
StreamingLineBuffer_1_out0_stream_1,204800
StreamingLineBuffer_1_out0_stream_2,204800
StreamingLineBuffer_1_out0_stream_3,204800
StreamingLineBuffer_1_out0_stream_4,204800
StreamingLineBuffer_1_out0_stream_5,204800
StreamingLineBuffer_1_out0_stream_6,204800
StreamingLineBuffer_1_out0_stream_7,204800
StreamingLineBuffer_1_out0_stream_8,204800
StreamingLineBuffer_1_out0_stream_9,204800
StreamingLineBuffer_1_out0_stream_10,204800
StreamingLineBuffer_1_out0_stream_11,204800
StreamingLineBuffer_1_out0_stream_12,204800
StreamingLineBuffer_1_out0_stream_13,204800
StreamingLineBuffer_1_out0_stream_14,204800
StreamingConv_1_out0_stream_0,409600
StreamingConv_1_out0_stream_1,409600
StreamingSwish_1_out0_stream_0,409600
StreamingSwish_1_out0_stream_1,409600
BandwidthAdjustIncreaseChannels_0_out0_stream_0,204800
BandwidthAdjustIncreaseChannels_0_out0_stream_1,204800
StreamingLineBuffer_2_out0_stream_1,204800
StreamingLineBuffer_2_out0_stream_0,204800
StreamingConv_2_out0_stream_0,409600
StreamingConv_2_out0_stream_1,409600
StreamingSwish_2_out0_stream_0,409600
StreamingSwish_2_out0_stream_1,409600
StreamingSplit_0_out0_stream_0,204800
StreamingSplit_0_out0_stream_1,204800
StreamingSplit_0_out1_stream_0,204800
StreamingSplit_0_out1_stream_1,204800
TensorDuplicator_0_out0_stream_0,204800
TensorDuplicator_0_out0_stream_1,204800
TensorDuplicator_0_out1_stream_0,204800
TensorDuplicator_0_out1_stream_1,204800
TensorDuplicator_1_out0_stream_0,204800
TensorDuplicator_1_out0_stream_1,204800
TensorDuplicator_1_out1_stream_0,204800
TensorDuplicator_1_out1_stream_1,204800
StreamingConcat_0_out0_stream_0,409600
StreamingConcat_0_out0_stream_1,409600
StreamingLineBuffer_3_out0_stream_prepad_11,200976
StreamingLineBuffer_3_buffer_stream_0,204800
StreamingLineBuffer_3_out0_stream_prepad_10,203520
StreamingLineBuffer_3_buffer_stream_1,204800
StreamingLineBuffer_3_out0_stream_prepad_9,203520
StreamingLineBuffer_3_buffer_stream_2,204800
StreamingLineBuffer_3_out0_stream_prepad_8,200976
StreamingLineBuffer_3_buffer_stream_3,204800
StreamingLineBuffer_3_out0_stream_prepad_7,202240
StreamingLineBuffer_3_buffer_stream_4,204800
StreamingLineBuffer_3_out0_stream_prepad_6,204800
StreamingLineBuffer_3_buffer_stream_5,204800
StreamingLineBuffer_3_out0_stream_prepad_5,204800
StreamingLineBuffer_3_buffer_stream_6,204800
StreamingLineBuffer_3_out0_stream_prepad_4,202240
StreamingLineBuffer_3_buffer_stream_7,204800
StreamingLineBuffer_3_out0_stream_prepad_3,200976
StreamingLineBuffer_3_buffer_stream_8,204800
StreamingLineBuffer_3_out0_stream_prepad_2,203520
StreamingLineBuffer_3_buffer_stream_9,204800
StreamingLineBuffer_3_out0_stream_prepad_1,203520
StreamingLineBuffer_3_out0_stream_prepad_0,200976
StreamingLineBuffer_3_out0_stream_0,204800
StreamingLineBuffer_3_out0_stream_1,204800
StreamingLineBuffer_3_out0_stream_2,204800
StreamingLineBuffer_3_out0_stream_3,204800
StreamingLineBuffer_3_out0_stream_4,204800
StreamingLineBuffer_3_out0_stream_5,204800
StreamingLineBuffer_3_out0_stream_6,204800
StreamingLineBuffer_3_out0_stream_7,204800
StreamingLineBuffer_3_out0_stream_8,204800
StreamingLineBuffer_3_out0_stream_9,204800
StreamingLineBuffer_3_out0_stream_10,204800
StreamingLineBuffer_3_out0_stream_11,204800
StreamingConv_3_out0_stream_0,204800
StreamingConv_3_out0_stream_1,204800
StreamingSwish_3_out0_stream_0,204800
StreamingSwish_3_out0_stream_1,204800
StreamingLineBuffer_4_out0_stream_prepad_11,200976
StreamingLineBuffer_4_buffer_stream_0,204800
StreamingLineBuffer_4_out0_stream_prepad_10,203520
StreamingLineBuffer_4_buffer_stream_1,204800
StreamingLineBuffer_4_out0_stream_prepad_9,203520
StreamingLineBuffer_4_buffer_stream_2,204800
StreamingLineBuffer_4_out0_stream_prepad_8,200976
StreamingLineBuffer_4_buffer_stream_3,204800
StreamingLineBuffer_4_out0_stream_prepad_7,202240
StreamingLineBuffer_4_buffer_stream_4,204800
StreamingLineBuffer_4_out0_stream_prepad_6,204800
StreamingLineBuffer_4_buffer_stream_5,204800
StreamingLineBuffer_4_out0_stream_prepad_5,204800
StreamingLineBuffer_4_buffer_stream_6,204800
StreamingLineBuffer_4_out0_stream_prepad_4,202240
StreamingLineBuffer_4_buffer_stream_7,204800
StreamingLineBuffer_4_out0_stream_prepad_3,200976
StreamingLineBuffer_4_buffer_stream_8,204800
StreamingLineBuffer_4_out0_stream_prepad_2,203520
StreamingLineBuffer_4_buffer_stream_9,204800
StreamingLineBuffer_4_out0_stream_prepad_1,203520
StreamingLineBuffer_4_out0_stream_prepad_0,200976
StreamingLineBuffer_4_out0_stream_0,204800
StreamingLineBuffer_4_out0_stream_1,204800
StreamingLineBuffer_4_out0_stream_2,204800
StreamingLineBuffer_4_out0_stream_3,204800
StreamingLineBuffer_4_out0_stream_4,204800
StreamingLineBuffer_4_out0_stream_5,204800
StreamingLineBuffer_4_out0_stream_6,204800
StreamingLineBuffer_4_out0_stream_7,204800
StreamingLineBuffer_4_out0_stream_8,204800
StreamingLineBuffer_4_out0_stream_9,204800
StreamingLineBuffer_4_out0_stream_10,204800
StreamingLineBuffer_4_out0_stream_11,204800
StreamingConv_4_out0_stream_0,204800
StreamingConv_4_out0_stream_1,204800
StreamingSwish_4_out0_stream_0,204800
StreamingSwish_4_out0_stream_1,204800
StreamingAdd_0_out0_stream_0,204800
StreamingAdd_0_out0_stream_1,204800
StreamingConcat_1_out0_stream_0,614400
StreamingConcat_1_out0_stream_1,614400
StreamingLineBuffer_5_out0_stream_1,614400
StreamingLineBuffer_5_out0_stream_0,614400
StreamingConv_5_out0_stream_0,204800
StreamingConv_5_out0_stream_1,204800
StreamingSwish_5_out0_stream_0,204800
StreamingSwish_5_out0_stream_1,204800
BandwidthAdjustDecreaseChannels_0_out0_stream_0,409600
BandwidthAdjustDecreaseChannels_0_out0_stream_1,409600
StreamingLineBuffer_6_out0_stream_prepad_14,102400
StreamingLineBuffer_6_buffer_stream_0,409600
StreamingLineBuffer_6_out0_stream_prepad_13,102400
StreamingLineBuffer_6_buffer_stream_1,409600
StreamingLineBuffer_6_out0_stream_prepad_12,102400
StreamingLineBuffer_6_buffer_stream_2,409600
StreamingLineBuffer_6_out0_stream_prepad_11,102400
StreamingLineBuffer_6_buffer_stream_4,409600
StreamingLineBuffer_6_out0_stream_prepad_10,99840
StreamingLineBuffer_6_buffer_stream_3,409600
StreamingLineBuffer_6_out0_stream_prepad_8,102400
StreamingLineBuffer_6_buffer_stream_6,409600
StreamingLineBuffer_6_out0_stream_prepad_9,102400
StreamingLineBuffer_6_buffer_stream_5,409600
StreamingLineBuffer_6_out0_stream_prepad_6,102400
StreamingLineBuffer_6_buffer_stream_9,409600
StreamingLineBuffer_6_out0_stream_prepad_7,102400
StreamingLineBuffer_6_buffer_stream_7,409600
StreamingLineBuffer_6_out0_stream_prepad_3,101120
StreamingLineBuffer_6_buffer_stream_11,409600
StreamingLineBuffer_6_out0_stream_prepad_5,99840
StreamingLineBuffer_6_buffer_stream_8,409600
StreamingLineBuffer_6_out0_stream_prepad_1,101120
StreamingLineBuffer_6_out0_stream_prepad_4,101120
StreamingLineBuffer_6_buffer_stream_10,409600
StreamingLineBuffer_6_out0_stream_prepad_2,101120
StreamingLineBuffer_6_buffer_stream_12,409600
StreamingLineBuffer_6_out0_stream_prepad_0,98592
StreamingLineBuffer_6_out0_stream_0,102400
StreamingLineBuffer_6_out0_stream_1,102400
StreamingLineBuffer_6_out0_stream_2,102400
StreamingLineBuffer_6_out0_stream_3,102400
StreamingLineBuffer_6_out0_stream_4,102400
StreamingLineBuffer_6_out0_stream_5,102400
StreamingLineBuffer_6_out0_stream_6,102400
StreamingLineBuffer_6_out0_stream_7,102400
StreamingLineBuffer_6_out0_stream_8,102400
StreamingLineBuffer_6_out0_stream_9,102400
StreamingLineBuffer_6_out0_stream_10,102400
StreamingLineBuffer_6_out0_stream_11,102400
StreamingLineBuffer_6_out0_stream_12,102400
StreamingLineBuffer_6_out0_stream_13,102400
StreamingLineBuffer_6_out0_stream_14,102400
StreamingConv_6_out0_stream_0,204800
StreamingConv_6_out0_stream_1,204800
StreamingSwish_6_out0_stream_0,204800
StreamingSwish_6_out0_stream_1,204800
StreamingLineBuffer_7_out0_stream_1,204800
StreamingLineBuffer_7_out0_stream_0,204800
StreamingConv_7_out0_stream_0,102400
StreamingConv_7_out0_stream_1,102400
StreamingSwish_7_out0_stream_0,102400
StreamingSwish_7_out0_stream_1,102400
BandwidthAdjustIncreaseChannels_1_out0_stream_0,51200
BandwidthAdjustIncreaseChannels_1_out0_stream_1,51200
StreamingSplit_1_out0_stream_0,25600
StreamingSplit_1_out0_stream_1,25600
StreamingSplit_1_out1_stream_0,25600
StreamingSplit_1_out1_stream_1,25600
TensorDuplicator_2_out0_stream_0,25600
TensorDuplicator_2_out0_stream_1,25600
TensorDuplicator_2_out1_stream_0,25600
TensorDuplicator_2_out1_stream_1,25600
TensorDuplicator_3_out0_stream_0,25600
TensorDuplicator_3_out0_stream_1,25600
TensorDuplicator_3_out1_stream_0,25600
TensorDuplicator_3_out1_stream_1,25600
BandwidthAdjustDecreaseChannels_1_out0_stream_0,102400
BandwidthAdjustDecreaseChannels_1_out0_stream_1,102400
StreamingConcat_2_out0_stream_0,51200
StreamingConcat_2_out0_stream_1,51200
BandwidthAdjustDecreaseChannels_2_out0_stream_0,102400
BandwidthAdjustDecreaseChannels_2_out0_stream_1,102400
BandwidthAdjustDecreaseChannels_3_out0_stream_0,204800
BandwidthAdjustDecreaseChannels_3_out0_stream_1,204800
StreamingLineBuffer_8_out0_stream_prepad_11,98592
StreamingLineBuffer_8_buffer_stream_0,102400
StreamingLineBuffer_8_out0_stream_prepad_10,101120
StreamingLineBuffer_8_buffer_stream_1,102400
StreamingLineBuffer_8_out0_stream_prepad_9,101120
StreamingLineBuffer_8_buffer_stream_2,102400
StreamingLineBuffer_8_out0_stream_prepad_8,98592
StreamingLineBuffer_8_buffer_stream_3,102400
StreamingLineBuffer_8_out0_stream_prepad_7,99840
StreamingLineBuffer_8_buffer_stream_4,102400
StreamingLineBuffer_8_out0_stream_prepad_6,102400
StreamingLineBuffer_8_buffer_stream_5,102400
StreamingLineBuffer_8_out0_stream_prepad_5,102400
StreamingLineBuffer_8_buffer_stream_6,102400
StreamingLineBuffer_8_out0_stream_prepad_4,99840
StreamingLineBuffer_8_buffer_stream_7,102400
StreamingLineBuffer_8_out0_stream_prepad_3,98592
StreamingLineBuffer_8_buffer_stream_8,102400
StreamingLineBuffer_8_out0_stream_prepad_2,101120
StreamingLineBuffer_8_buffer_stream_9,102400
StreamingLineBuffer_8_out0_stream_prepad_1,101120
StreamingLineBuffer_8_out0_stream_prepad_0,98592
StreamingLineBuffer_8_out0_stream_0,102400
StreamingLineBuffer_8_out0_stream_1,102400
StreamingLineBuffer_8_out0_stream_2,102400
StreamingLineBuffer_8_out0_stream_3,102400
StreamingLineBuffer_8_out0_stream_4,102400
StreamingLineBuffer_8_out0_stream_5,102400
StreamingLineBuffer_8_out0_stream_6,102400
StreamingLineBuffer_8_out0_stream_7,102400
StreamingLineBuffer_8_out0_stream_8,102400
StreamingLineBuffer_8_out0_stream_9,102400
StreamingLineBuffer_8_out0_stream_10,102400
StreamingLineBuffer_8_out0_stream_11,102400
StreamingConv_8_out0_stream_0,102400
StreamingConv_8_out0_stream_1,102400
StreamingSwish_8_out0_stream_0,102400
StreamingSwish_8_out0_stream_1,102400
StreamingLineBuffer_9_out0_stream_prepad_11,98592
StreamingLineBuffer_9_buffer_stream_0,102400
StreamingLineBuffer_9_out0_stream_prepad_10,101120
StreamingLineBuffer_9_buffer_stream_1,102400
StreamingLineBuffer_9_out0_stream_prepad_9,101120
StreamingLineBuffer_9_buffer_stream_2,102400
StreamingLineBuffer_9_out0_stream_prepad_8,98592
StreamingLineBuffer_9_buffer_stream_3,102400
StreamingLineBuffer_9_out0_stream_prepad_7,99840
StreamingLineBuffer_9_buffer_stream_4,102400
StreamingLineBuffer_9_out0_stream_prepad_6,102400
StreamingLineBuffer_9_buffer_stream_5,102400
StreamingLineBuffer_9_out0_stream_prepad_5,102400
StreamingLineBuffer_9_buffer_stream_6,102400
StreamingLineBuffer_9_out0_stream_prepad_4,99840
StreamingLineBuffer_9_buffer_stream_7,102400
StreamingLineBuffer_9_out0_stream_prepad_3,98592
StreamingLineBuffer_9_buffer_stream_8,102400
StreamingLineBuffer_9_out0_stream_prepad_2,101120
StreamingLineBuffer_9_buffer_stream_9,102400
StreamingLineBuffer_9_out0_stream_prepad_1,101120
StreamingLineBuffer_9_out0_stream_prepad_0,98592
StreamingLineBuffer_9_out0_stream_0,102400
StreamingLineBuffer_9_out0_stream_1,102400
StreamingLineBuffer_9_out0_stream_2,102400
StreamingLineBuffer_9_out0_stream_3,102400
StreamingLineBuffer_9_out0_stream_4,102400
StreamingLineBuffer_9_out0_stream_5,102400
StreamingLineBuffer_9_out0_stream_6,102400
StreamingLineBuffer_9_out0_stream_7,102400
StreamingLineBuffer_9_out0_stream_8,102400
StreamingLineBuffer_9_out0_stream_9,102400
StreamingLineBuffer_9_out0_stream_10,102400
StreamingLineBuffer_9_out0_stream_11,102400
StreamingConv_9_out0_stream_0,102400
StreamingConv_9_out0_stream_1,102400
StreamingSwish_9_out0_stream_0,102400
StreamingSwish_9_out0_stream_1,102400
StreamingAdd_1_out0_stream_0,102400
StreamingAdd_1_out0_stream_1,102400
BandwidthAdjustIncreaseChannels_2_out0_stream_0,25600
BandwidthAdjustIncreaseChannels_2_out0_stream_1,25600
TensorDuplicator_4_out0_stream_0,25600
TensorDuplicator_4_out0_stream_1,25600
TensorDuplicator_4_out1_stream_0,25600
TensorDuplicator_4_out1_stream_1,25600
TensorDuplicator_5_out0_stream_0,25600
TensorDuplicator_5_out0_stream_1,25600
TensorDuplicator_5_out1_stream_0,25600
TensorDuplicator_5_out1_stream_1,25600
BandwidthAdjustDecreaseChannels_4_out0_stream_0,102400
BandwidthAdjustDecreaseChannels_4_out0_stream_1,102400
BandwidthAdjustDecreaseChannels_5_out0_stream_0,102400
BandwidthAdjustDecreaseChannels_5_out0_stream_1,102400
BandwidthAdjustDecreaseChannels_6_out0_stream_0,102400
BandwidthAdjustDecreaseChannels_6_out0_stream_1,102400
StreamingLineBuffer_10_out0_stream_prepad_11,98592
StreamingLineBuffer_10_buffer_stream_0,102400
StreamingLineBuffer_10_out0_stream_prepad_10,101120
StreamingLineBuffer_10_buffer_stream_1,102400
StreamingLineBuffer_10_out0_stream_prepad_9,101120
StreamingLineBuffer_10_buffer_stream_2,102400
StreamingLineBuffer_10_out0_stream_prepad_8,98592
StreamingLineBuffer_10_buffer_stream_3,102400
StreamingLineBuffer_10_out0_stream_prepad_7,99840
StreamingLineBuffer_10_buffer_stream_4,102400
StreamingLineBuffer_10_out0_stream_prepad_6,102400
StreamingLineBuffer_10_buffer_stream_5,102400
StreamingLineBuffer_10_out0_stream_prepad_5,102400
StreamingLineBuffer_10_buffer_stream_6,102400
StreamingLineBuffer_10_out0_stream_prepad_4,99840
StreamingLineBuffer_10_buffer_stream_7,102400
StreamingLineBuffer_10_out0_stream_prepad_3,98592
StreamingLineBuffer_10_buffer_stream_8,102400
StreamingLineBuffer_10_out0_stream_prepad_2,101120
StreamingLineBuffer_10_buffer_stream_9,102400
StreamingLineBuffer_10_out0_stream_prepad_1,101120
StreamingLineBuffer_10_out0_stream_prepad_0,98592
StreamingLineBuffer_10_out0_stream_0,102400
StreamingLineBuffer_10_out0_stream_1,102400
StreamingLineBuffer_10_out0_stream_2,102400
StreamingLineBuffer_10_out0_stream_3,102400
StreamingLineBuffer_10_out0_stream_4,102400
StreamingLineBuffer_10_out0_stream_5,102400
StreamingLineBuffer_10_out0_stream_6,102400
StreamingLineBuffer_10_out0_stream_7,102400
StreamingLineBuffer_10_out0_stream_8,102400
StreamingLineBuffer_10_out0_stream_9,102400
StreamingLineBuffer_10_out0_stream_10,102400
StreamingLineBuffer_10_out0_stream_11,102400
StreamingConv_10_out0_stream_0,102400
StreamingConv_10_out0_stream_1,102400
StreamingSwish_10_out0_stream_0,102400
StreamingSwish_10_out0_stream_1,102400
StreamingLineBuffer_11_out0_stream_prepad_11,98592
StreamingLineBuffer_11_buffer_stream_0,102400
StreamingLineBuffer_11_out0_stream_prepad_10,101120
StreamingLineBuffer_11_buffer_stream_1,102400
StreamingLineBuffer_11_out0_stream_prepad_9,101120
StreamingLineBuffer_11_buffer_stream_2,102400
StreamingLineBuffer_11_out0_stream_prepad_8,98592
StreamingLineBuffer_11_buffer_stream_3,102400
StreamingLineBuffer_11_out0_stream_prepad_7,99840
StreamingLineBuffer_11_buffer_stream_4,102400
StreamingLineBuffer_11_out0_stream_prepad_6,102400
StreamingLineBuffer_11_buffer_stream_5,102400
StreamingLineBuffer_11_out0_stream_prepad_5,102400
StreamingLineBuffer_11_buffer_stream_6,102400
StreamingLineBuffer_11_out0_stream_prepad_4,99840
StreamingLineBuffer_11_buffer_stream_7,102400
StreamingLineBuffer_11_out0_stream_prepad_3,98592
StreamingLineBuffer_11_buffer_stream_8,102400
StreamingLineBuffer_11_out0_stream_prepad_2,101120
StreamingLineBuffer_11_buffer_stream_9,102400
StreamingLineBuffer_11_out0_stream_prepad_1,101120
StreamingLineBuffer_11_out0_stream_prepad_0,98592
StreamingLineBuffer_11_out0_stream_0,102400
StreamingLineBuffer_11_out0_stream_1,102400
StreamingLineBuffer_11_out0_stream_2,102400
StreamingLineBuffer_11_out0_stream_3,102400
StreamingLineBuffer_11_out0_stream_4,102400
StreamingLineBuffer_11_out0_stream_5,102400
StreamingLineBuffer_11_out0_stream_6,102400
StreamingLineBuffer_11_out0_stream_7,102400
StreamingLineBuffer_11_out0_stream_8,102400
StreamingLineBuffer_11_out0_stream_9,102400
StreamingLineBuffer_11_out0_stream_10,102400
StreamingLineBuffer_11_out0_stream_11,102400
StreamingConv_11_out0_stream_0,102400
StreamingConv_11_out0_stream_1,102400
StreamingSwish_11_out0_stream_0,102400
StreamingSwish_11_out0_stream_1,102400
StreamingAdd_2_out0_stream_0,102400
StreamingAdd_2_out0_stream_1,102400
StreamingConcat_3_out0_stream_0,204800
StreamingConcat_3_out0_stream_1,204800
StreamingConcat_4_out0_stream_0,409600
StreamingConcat_4_out0_stream_1,409600
StreamingLineBuffer_12_out0_stream_1,409600
StreamingLineBuffer_12_out0_stream_0,409600
StreamingConv_12_out0_stream_0,51200
StreamingConv_12_out0_stream_1,51200
StreamingSwish_12_out0_stream_0,51200
StreamingSwish_12_out0_stream_1,51200
TensorDuplicator_6_out0_stream_0,51200
TensorDuplicator_6_out0_stream_1,51200
TensorDuplicator_6_out1_stream_0,51200
TensorDuplicator_6_out1_stream_1,51200
StreamingLineBuffer_13_out0_stream_1,51200
StreamingLineBuffer_13_out0_stream_0,51200
StreamingConv_13_out0_stream_0,409600
StreamingConv_13_out0_stream_1,409600
StreamingSwish_13_out0_stream_0,409600
StreamingSwish_13_out0_stream_1,409600
StreamingLineBuffer_14_out0_stream_prepad_14,102400
StreamingLineBuffer_14_buffer_stream_0,409600
StreamingLineBuffer_14_out0_stream_prepad_13,102400
StreamingLineBuffer_14_buffer_stream_1,409600
StreamingLineBuffer_14_out0_stream_prepad_12,102400
StreamingLineBuffer_14_buffer_stream_2,409600
StreamingLineBuffer_14_out0_stream_prepad_11,102400
StreamingLineBuffer_14_buffer_stream_4,409600
StreamingLineBuffer_14_out0_stream_prepad_10,97280
StreamingLineBuffer_14_buffer_stream_3,409600
StreamingLineBuffer_14_out0_stream_prepad_8,102400
StreamingLineBuffer_14_buffer_stream_6,409600
StreamingLineBuffer_14_out0_stream_prepad_9,102400
StreamingLineBuffer_14_buffer_stream_5,409600
StreamingLineBuffer_14_out0_stream_prepad_6,102400
StreamingLineBuffer_14_buffer_stream_9,409600
StreamingLineBuffer_14_out0_stream_prepad_7,102400
StreamingLineBuffer_14_buffer_stream_7,409600
StreamingLineBuffer_14_out0_stream_prepad_3,99840
StreamingLineBuffer_14_buffer_stream_11,409600
StreamingLineBuffer_14_out0_stream_prepad_5,97280
StreamingLineBuffer_14_buffer_stream_8,409600
StreamingLineBuffer_14_out0_stream_prepad_1,99840
StreamingLineBuffer_14_out0_stream_prepad_4,99840
StreamingLineBuffer_14_buffer_stream_10,409600
StreamingLineBuffer_14_out0_stream_prepad_2,99840
StreamingLineBuffer_14_buffer_stream_12,409600
StreamingLineBuffer_14_out0_stream_prepad_0,94848
StreamingLineBuffer_14_out0_stream_0,102400
StreamingLineBuffer_14_out0_stream_1,102400
StreamingLineBuffer_14_out0_stream_2,102400
StreamingLineBuffer_14_out0_stream_3,102400
StreamingLineBuffer_14_out0_stream_4,102400
StreamingLineBuffer_14_out0_stream_5,102400
StreamingLineBuffer_14_out0_stream_6,102400
StreamingLineBuffer_14_out0_stream_7,102400
StreamingLineBuffer_14_out0_stream_8,102400
StreamingLineBuffer_14_out0_stream_9,102400
StreamingLineBuffer_14_out0_stream_10,102400
StreamingLineBuffer_14_out0_stream_11,102400
StreamingLineBuffer_14_out0_stream_12,102400
StreamingLineBuffer_14_out0_stream_13,102400
StreamingLineBuffer_14_out0_stream_14,102400
StreamingDepthwiseConv_0_out0_stream_0,102400
StreamingDepthwiseConv_0_out0_stream_1,102400
StreamingLineBuffer_15_out0_stream_1,102400
StreamingLineBuffer_15_out0_stream_0,102400
StreamingConv_14_out0_stream_0,51200
StreamingConv_14_out0_stream_1,51200
StreamingSwish_14_out0_stream_0,51200
StreamingSwish_14_out0_stream_1,51200
BandwidthAdjustDecreaseChannels_7_out0_stream_0,102400
BandwidthAdjustDecreaseChannels_7_out0_stream_1,102400
StreamingSplit_2_out0_stream_0,51200
StreamingSplit_2_out0_stream_1,51200
StreamingSplit_2_out1_stream_0,51200
StreamingSplit_2_out1_stream_1,51200
TensorDuplicator_7_out0_stream_0,51200
TensorDuplicator_7_out0_stream_1,51200
TensorDuplicator_7_out1_stream_0,51200
TensorDuplicator_7_out1_stream_1,51200
TensorDuplicator_8_out0_stream_0,51200
TensorDuplicator_8_out0_stream_1,51200
TensorDuplicator_8_out1_stream_0,51200
TensorDuplicator_8_out1_stream_1,51200
StreamingConcat_5_out0_stream_0,102400
StreamingConcat_5_out0_stream_1,102400
StreamingLineBuffer_16_out0_stream_prepad_11,47424
StreamingLineBuffer_16_buffer_stream_0,51200
StreamingLineBuffer_16_out0_stream_prepad_10,49920
StreamingLineBuffer_16_buffer_stream_1,51200
StreamingLineBuffer_16_out0_stream_prepad_9,49920
StreamingLineBuffer_16_buffer_stream_2,51200
StreamingLineBuffer_16_out0_stream_prepad_8,47424
StreamingLineBuffer_16_buffer_stream_3,51200
StreamingLineBuffer_16_out0_stream_prepad_7,48640
StreamingLineBuffer_16_buffer_stream_4,51200
StreamingLineBuffer_16_out0_stream_prepad_6,51200
StreamingLineBuffer_16_buffer_stream_5,51200
StreamingLineBuffer_16_out0_stream_prepad_5,51200
StreamingLineBuffer_16_buffer_stream_6,51200
StreamingLineBuffer_16_out0_stream_prepad_4,48640
StreamingLineBuffer_16_buffer_stream_7,51200
StreamingLineBuffer_16_out0_stream_prepad_3,47424
StreamingLineBuffer_16_buffer_stream_8,51200
StreamingLineBuffer_16_out0_stream_prepad_2,49920
StreamingLineBuffer_16_buffer_stream_9,51200
StreamingLineBuffer_16_out0_stream_prepad_1,49920
StreamingLineBuffer_16_out0_stream_prepad_0,47424
StreamingLineBuffer_16_out0_stream_0,51200
StreamingLineBuffer_16_out0_stream_1,51200
StreamingLineBuffer_16_out0_stream_2,51200
StreamingLineBuffer_16_out0_stream_3,51200
StreamingLineBuffer_16_out0_stream_4,51200
StreamingLineBuffer_16_out0_stream_5,51200
StreamingLineBuffer_16_out0_stream_6,51200
StreamingLineBuffer_16_out0_stream_7,51200
StreamingLineBuffer_16_out0_stream_8,51200
StreamingLineBuffer_16_out0_stream_9,51200
StreamingLineBuffer_16_out0_stream_10,51200
StreamingLineBuffer_16_out0_stream_11,51200
StreamingConv_15_out0_stream_0,51200
StreamingConv_15_out0_stream_1,51200
StreamingSwish_15_out0_stream_0,51200
StreamingSwish_15_out0_stream_1,51200
StreamingLineBuffer_17_out0_stream_prepad_11,47424
StreamingLineBuffer_17_buffer_stream_0,51200
StreamingLineBuffer_17_out0_stream_prepad_10,49920
StreamingLineBuffer_17_buffer_stream_1,51200
StreamingLineBuffer_17_out0_stream_prepad_9,49920
StreamingLineBuffer_17_buffer_stream_2,51200
StreamingLineBuffer_17_out0_stream_prepad_8,47424
StreamingLineBuffer_17_buffer_stream_3,51200
StreamingLineBuffer_17_out0_stream_prepad_7,48640
StreamingLineBuffer_17_buffer_stream_4,51200
StreamingLineBuffer_17_out0_stream_prepad_6,51200
StreamingLineBuffer_17_buffer_stream_5,51200
StreamingLineBuffer_17_out0_stream_prepad_5,51200
StreamingLineBuffer_17_buffer_stream_6,51200
StreamingLineBuffer_17_out0_stream_prepad_4,48640
StreamingLineBuffer_17_buffer_stream_7,51200
StreamingLineBuffer_17_out0_stream_prepad_3,47424
StreamingLineBuffer_17_buffer_stream_8,51200
StreamingLineBuffer_17_out0_stream_prepad_2,49920
StreamingLineBuffer_17_buffer_stream_9,51200
StreamingLineBuffer_17_out0_stream_prepad_1,49920
StreamingLineBuffer_17_out0_stream_prepad_0,47424
StreamingLineBuffer_17_out0_stream_0,51200
StreamingLineBuffer_17_out0_stream_1,51200
StreamingLineBuffer_17_out0_stream_2,51200
StreamingLineBuffer_17_out0_stream_3,51200
StreamingLineBuffer_17_out0_stream_4,51200
StreamingLineBuffer_17_out0_stream_5,51200
StreamingLineBuffer_17_out0_stream_6,51200
StreamingLineBuffer_17_out0_stream_7,51200
StreamingLineBuffer_17_out0_stream_8,51200
StreamingLineBuffer_17_out0_stream_9,51200
StreamingLineBuffer_17_out0_stream_10,51200
StreamingLineBuffer_17_out0_stream_11,51200
StreamingConv_16_out0_stream_0,51200
StreamingConv_16_out0_stream_1,51200
StreamingSwish_16_out0_stream_0,51200
StreamingSwish_16_out0_stream_1,51200
StreamingAdd_3_out0_stream_0,51200
StreamingAdd_3_out0_stream_1,51200
TensorDuplicator_9_out0_stream_0,51200
TensorDuplicator_9_out0_stream_1,51200
TensorDuplicator_9_out1_stream_0,51200
TensorDuplicator_9_out1_stream_1,51200
TensorDuplicator_10_out0_stream_0,51200
TensorDuplicator_10_out0_stream_1,51200
TensorDuplicator_10_out1_stream_0,51200
TensorDuplicator_10_out1_stream_1,51200
StreamingLineBuffer_18_out0_stream_prepad_11,47424
StreamingLineBuffer_18_buffer_stream_0,51200
StreamingLineBuffer_18_out0_stream_prepad_10,49920
StreamingLineBuffer_18_buffer_stream_1,51200
StreamingLineBuffer_18_out0_stream_prepad_9,49920
StreamingLineBuffer_18_buffer_stream_2,51200
StreamingLineBuffer_18_out0_stream_prepad_8,47424
StreamingLineBuffer_18_buffer_stream_3,51200
StreamingLineBuffer_18_out0_stream_prepad_7,48640
StreamingLineBuffer_18_buffer_stream_4,51200
StreamingLineBuffer_18_out0_stream_prepad_6,51200
StreamingLineBuffer_18_buffer_stream_5,51200
StreamingLineBuffer_18_out0_stream_prepad_5,51200
StreamingLineBuffer_18_buffer_stream_6,51200
StreamingLineBuffer_18_out0_stream_prepad_4,48640
StreamingLineBuffer_18_buffer_stream_7,51200
StreamingLineBuffer_18_out0_stream_prepad_3,47424
StreamingLineBuffer_18_buffer_stream_8,51200
StreamingLineBuffer_18_out0_stream_prepad_2,49920
StreamingLineBuffer_18_buffer_stream_9,51200
StreamingLineBuffer_18_out0_stream_prepad_1,49920
StreamingLineBuffer_18_out0_stream_prepad_0,47424
StreamingLineBuffer_18_out0_stream_0,51200
StreamingLineBuffer_18_out0_stream_1,51200
StreamingLineBuffer_18_out0_stream_2,51200
StreamingLineBuffer_18_out0_stream_3,51200
StreamingLineBuffer_18_out0_stream_4,51200
StreamingLineBuffer_18_out0_stream_5,51200
StreamingLineBuffer_18_out0_stream_6,51200
StreamingLineBuffer_18_out0_stream_7,51200
StreamingLineBuffer_18_out0_stream_8,51200
StreamingLineBuffer_18_out0_stream_9,51200
StreamingLineBuffer_18_out0_stream_10,51200
StreamingLineBuffer_18_out0_stream_11,51200
StreamingConv_17_out0_stream_0,51200
StreamingConv_17_out0_stream_1,51200
StreamingSwish_17_out0_stream_0,51200
StreamingSwish_17_out0_stream_1,51200
StreamingLineBuffer_19_out0_stream_prepad_11,47424
StreamingLineBuffer_19_buffer_stream_0,51200
StreamingLineBuffer_19_out0_stream_prepad_10,49920
StreamingLineBuffer_19_buffer_stream_1,51200
StreamingLineBuffer_19_out0_stream_prepad_9,49920
StreamingLineBuffer_19_buffer_stream_2,51200
StreamingLineBuffer_19_out0_stream_prepad_8,47424
StreamingLineBuffer_19_buffer_stream_3,51200
StreamingLineBuffer_19_out0_stream_prepad_7,48640
StreamingLineBuffer_19_buffer_stream_4,51200
StreamingLineBuffer_19_out0_stream_prepad_6,51200
StreamingLineBuffer_19_buffer_stream_5,51200
StreamingLineBuffer_19_out0_stream_prepad_5,51200
StreamingLineBuffer_19_buffer_stream_6,51200
StreamingLineBuffer_19_out0_stream_prepad_4,48640
StreamingLineBuffer_19_buffer_stream_7,51200
StreamingLineBuffer_19_out0_stream_prepad_3,47424
StreamingLineBuffer_19_buffer_stream_8,51200
StreamingLineBuffer_19_out0_stream_prepad_2,49920
StreamingLineBuffer_19_buffer_stream_9,51200
StreamingLineBuffer_19_out0_stream_prepad_1,49920
StreamingLineBuffer_19_out0_stream_prepad_0,47424
StreamingLineBuffer_19_out0_stream_0,51200
StreamingLineBuffer_19_out0_stream_1,51200
StreamingLineBuffer_19_out0_stream_2,51200
StreamingLineBuffer_19_out0_stream_3,51200
StreamingLineBuffer_19_out0_stream_4,51200
StreamingLineBuffer_19_out0_stream_5,51200
StreamingLineBuffer_19_out0_stream_6,51200
StreamingLineBuffer_19_out0_stream_7,51200
StreamingLineBuffer_19_out0_stream_8,51200
StreamingLineBuffer_19_out0_stream_9,51200
StreamingLineBuffer_19_out0_stream_10,51200
StreamingLineBuffer_19_out0_stream_11,51200
StreamingConv_18_out0_stream_0,51200
StreamingConv_18_out0_stream_1,51200
StreamingSwish_18_out0_stream_0,51200
StreamingSwish_18_out0_stream_1,51200
StreamingAdd_4_out0_stream_0,51200
StreamingAdd_4_out0_stream_1,51200
StreamingConcat_6_out0_stream_0,102400
StreamingConcat_6_out0_stream_1,102400
StreamingConcat_7_out0_stream_0,204800
StreamingConcat_7_out0_stream_1,204800
StreamingLineBuffer_20_out0_stream_1,204800
StreamingLineBuffer_20_out0_stream_0,204800
StreamingConv_19_out0_stream_0,25600
StreamingConv_19_out0_stream_1,25600
StreamingSwish_19_out0_stream_0,25600
StreamingSwish_19_out0_stream_1,25600
TensorDuplicator_11_out0_stream_0,25600
TensorDuplicator_11_out0_stream_1,25600
TensorDuplicator_11_out1_stream_0,25600
TensorDuplicator_11_out1_stream_1,25600
BandwidthAdjustDecreaseStreams_0_out0_stream_0,51200
StreamingLineBuffer_21_out0_stream_1,25600
StreamingLineBuffer_21_out0_stream_0,25600
StreamingConv_20_out0_stream_0,204800
StreamingConv_20_out0_stream_1,204800
StreamingSwish_20_out0_stream_0,204800
StreamingSwish_20_out0_stream_1,204800
StreamingLineBuffer_22_out0_stream_prepad_14,51200
StreamingLineBuffer_22_buffer_stream_0,204800
StreamingLineBuffer_22_out0_stream_prepad_13,51200
StreamingLineBuffer_22_buffer_stream_1,204800
StreamingLineBuffer_22_out0_stream_prepad_12,51200
StreamingLineBuffer_22_buffer_stream_2,204800
StreamingLineBuffer_22_out0_stream_prepad_11,51200
StreamingLineBuffer_22_buffer_stream_4,204800
StreamingLineBuffer_22_out0_stream_prepad_10,46080
StreamingLineBuffer_22_buffer_stream_3,204800
StreamingLineBuffer_22_out0_stream_prepad_8,51200
StreamingLineBuffer_22_buffer_stream_6,204800
StreamingLineBuffer_22_out0_stream_prepad_9,51200
StreamingLineBuffer_22_buffer_stream_5,204800
StreamingLineBuffer_22_out0_stream_prepad_6,51200
StreamingLineBuffer_22_buffer_stream_9,204800
StreamingLineBuffer_22_out0_stream_prepad_7,51200
StreamingLineBuffer_22_buffer_stream_7,204800
StreamingLineBuffer_22_out0_stream_prepad_3,48640
StreamingLineBuffer_22_buffer_stream_11,204800
StreamingLineBuffer_22_out0_stream_prepad_5,46080
StreamingLineBuffer_22_buffer_stream_8,204800
StreamingLineBuffer_22_out0_stream_prepad_1,48640
StreamingLineBuffer_22_out0_stream_prepad_4,48640
StreamingLineBuffer_22_buffer_stream_10,204800
StreamingLineBuffer_22_out0_stream_prepad_2,48640
StreamingLineBuffer_22_buffer_stream_12,204800
StreamingLineBuffer_22_out0_stream_prepad_0,43776
StreamingLineBuffer_22_out0_stream_0,51200
StreamingLineBuffer_22_out0_stream_1,51200
StreamingLineBuffer_22_out0_stream_2,51200
StreamingLineBuffer_22_out0_stream_3,51200
StreamingLineBuffer_22_out0_stream_4,51200
StreamingLineBuffer_22_out0_stream_5,51200
StreamingLineBuffer_22_out0_stream_6,51200
StreamingLineBuffer_22_out0_stream_7,51200
StreamingLineBuffer_22_out0_stream_8,51200
StreamingLineBuffer_22_out0_stream_9,51200
StreamingLineBuffer_22_out0_stream_10,51200
StreamingLineBuffer_22_out0_stream_11,51200
StreamingLineBuffer_22_out0_stream_12,51200
StreamingLineBuffer_22_out0_stream_13,51200
StreamingLineBuffer_22_out0_stream_14,51200
StreamingDepthwiseConv_1_out0_stream_0,51200
StreamingDepthwiseConv_1_out0_stream_1,51200
StreamingLineBuffer_23_out0_stream_1,51200
StreamingLineBuffer_23_out0_stream_0,51200
StreamingConv_21_out0_stream_0,25600
StreamingConv_21_out0_stream_1,25600
StreamingSwish_21_out0_stream_0,25600
StreamingSwish_21_out0_stream_1,25600
BandwidthAdjustDecreaseChannels_8_out0_stream_0,51200
BandwidthAdjustDecreaseChannels_8_out0_stream_1,51200
StreamingSplit_3_out0_stream_0,25600
StreamingSplit_3_out0_stream_1,25600
StreamingSplit_3_out1_stream_0,25600
StreamingSplit_3_out1_stream_1,25600
TensorDuplicator_12_out0_stream_0,25600
TensorDuplicator_12_out0_stream_1,25600
TensorDuplicator_12_out1_stream_0,25600
TensorDuplicator_12_out1_stream_1,25600
TensorDuplicator_13_out0_stream_0,25600
TensorDuplicator_13_out0_stream_1,25600
TensorDuplicator_13_out1_stream_0,25600
TensorDuplicator_13_out1_stream_1,25600
StreamingConcat_8_out0_stream_0,51200
StreamingConcat_8_out0_stream_1,51200
StreamingLineBuffer_24_out0_stream_prepad_11,21888
StreamingLineBuffer_24_buffer_stream_0,25600
StreamingLineBuffer_24_out0_stream_prepad_10,24320
StreamingLineBuffer_24_buffer_stream_1,25600
StreamingLineBuffer_24_out0_stream_prepad_9,24320
StreamingLineBuffer_24_buffer_stream_2,25600
StreamingLineBuffer_24_out0_stream_prepad_8,21888
StreamingLineBuffer_24_buffer_stream_3,25600
StreamingLineBuffer_24_out0_stream_prepad_7,23040
StreamingLineBuffer_24_buffer_stream_4,25600
StreamingLineBuffer_24_out0_stream_prepad_6,25600
StreamingLineBuffer_24_buffer_stream_5,25600
StreamingLineBuffer_24_out0_stream_prepad_5,25600
StreamingLineBuffer_24_buffer_stream_6,25600
StreamingLineBuffer_24_out0_stream_prepad_4,23040
StreamingLineBuffer_24_buffer_stream_7,25600
StreamingLineBuffer_24_out0_stream_prepad_3,21888
StreamingLineBuffer_24_buffer_stream_8,25600
StreamingLineBuffer_24_out0_stream_prepad_2,24320
StreamingLineBuffer_24_buffer_stream_9,25600
StreamingLineBuffer_24_out0_stream_prepad_1,24320
StreamingLineBuffer_24_out0_stream_prepad_0,21888
StreamingLineBuffer_24_out0_stream_0,25600
StreamingLineBuffer_24_out0_stream_1,25600
StreamingLineBuffer_24_out0_stream_2,25600
StreamingLineBuffer_24_out0_stream_3,25600
StreamingLineBuffer_24_out0_stream_4,25600
StreamingLineBuffer_24_out0_stream_5,25600
StreamingLineBuffer_24_out0_stream_6,25600
StreamingLineBuffer_24_out0_stream_7,25600
StreamingLineBuffer_24_out0_stream_8,25600
StreamingLineBuffer_24_out0_stream_9,25600
StreamingLineBuffer_24_out0_stream_10,25600
StreamingLineBuffer_24_out0_stream_11,25600
StreamingConv_22_out0_stream_0,25600
StreamingConv_22_out0_stream_1,25600
StreamingSwish_22_out0_stream_0,25600
StreamingSwish_22_out0_stream_1,25600
StreamingLineBuffer_25_out0_stream_prepad_11,21888
StreamingLineBuffer_25_buffer_stream_0,25600
StreamingLineBuffer_25_out0_stream_prepad_10,24320
StreamingLineBuffer_25_buffer_stream_1,25600
StreamingLineBuffer_25_out0_stream_prepad_9,24320
StreamingLineBuffer_25_buffer_stream_2,25600
StreamingLineBuffer_25_out0_stream_prepad_8,21888
StreamingLineBuffer_25_buffer_stream_3,25600
StreamingLineBuffer_25_out0_stream_prepad_7,23040
StreamingLineBuffer_25_buffer_stream_4,25600
StreamingLineBuffer_25_out0_stream_prepad_6,25600
StreamingLineBuffer_25_buffer_stream_5,25600
StreamingLineBuffer_25_out0_stream_prepad_5,25600
StreamingLineBuffer_25_buffer_stream_6,25600
StreamingLineBuffer_25_out0_stream_prepad_4,23040
StreamingLineBuffer_25_buffer_stream_7,25600
StreamingLineBuffer_25_out0_stream_prepad_3,21888
StreamingLineBuffer_25_buffer_stream_8,25600
StreamingLineBuffer_25_out0_stream_prepad_2,24320
StreamingLineBuffer_25_buffer_stream_9,25600
StreamingLineBuffer_25_out0_stream_prepad_1,24320
StreamingLineBuffer_25_out0_stream_prepad_0,21888
StreamingLineBuffer_25_out0_stream_0,25600
StreamingLineBuffer_25_out0_stream_1,25600
StreamingLineBuffer_25_out0_stream_2,25600
StreamingLineBuffer_25_out0_stream_3,25600
StreamingLineBuffer_25_out0_stream_4,25600
StreamingLineBuffer_25_out0_stream_5,25600
StreamingLineBuffer_25_out0_stream_6,25600
StreamingLineBuffer_25_out0_stream_7,25600
StreamingLineBuffer_25_out0_stream_8,25600
StreamingLineBuffer_25_out0_stream_9,25600
StreamingLineBuffer_25_out0_stream_10,25600
StreamingLineBuffer_25_out0_stream_11,25600
StreamingConv_23_out0_stream_0,25600
StreamingConv_23_out0_stream_1,25600
StreamingSwish_23_out0_stream_0,25600
StreamingSwish_23_out0_stream_1,25600
StreamingAdd_5_out0_stream_0,25600
StreamingAdd_5_out0_stream_1,25600
StreamingConcat_9_out0_stream_0,76800
StreamingConcat_9_out0_stream_1,76800
StreamingLineBuffer_26_out0_stream_1,76800
StreamingLineBuffer_26_out0_stream_0,76800
StreamingConv_24_out0_stream_0,25600
StreamingConv_24_out0_stream_1,25600
StreamingSwish_24_out0_stream_0,25600
StreamingSwish_24_out0_stream_1,25600
BandwidthAdjustDecreaseChannels_9_out0_stream_0,51200
BandwidthAdjustDecreaseChannels_9_out0_stream_1,51200
StreamingLineBuffer_27_out0_stream_1,51200
StreamingLineBuffer_27_out0_stream_0,51200
StreamingConv_25_out0_stream_0,25600
StreamingConv_25_out0_stream_1,25600
StreamingSwish_25_out0_stream_0,25600
StreamingSwish_25_out0_stream_1,25600
TensorDuplicator_14_out0_stream_0,25600
TensorDuplicator_14_out0_stream_1,25600
TensorDuplicator_14_out1_stream_0,25600
TensorDuplicator_14_out1_stream_1,25600
BandwidthAdjustDecreaseStreams_1_out0_stream_0,51200
BandwidthAdjustDecreaseStreams_2_out0_stream_0,51200
StreamingLineBuffer_28_out0_stream_prepad_24,41472
StreamingLineBuffer_28_buffer_stream_0,51200
StreamingLineBuffer_28_out0_stream_prepad_23,43776
StreamingLineBuffer_28_buffer_stream_1,51200
StreamingLineBuffer_28_out0_stream_prepad_22,46080
StreamingLineBuffer_28_buffer_stream_2,51200
StreamingLineBuffer_28_out0_stream_prepad_21,43776
StreamingLineBuffer_28_buffer_stream_3,51200
StreamingLineBuffer_28_out0_stream_prepad_20,41472
StreamingLineBuffer_28_buffer_stream_4,51200
StreamingLineBuffer_28_out0_stream_prepad_19,43776
StreamingLineBuffer_28_buffer_stream_5,51200
StreamingLineBuffer_28_out0_stream_prepad_18,46208
StreamingLineBuffer_28_buffer_stream_6,51200
StreamingLineBuffer_28_out0_stream_prepad_17,48640
StreamingLineBuffer_28_buffer_stream_7,51200
StreamingLineBuffer_28_out0_stream_prepad_16,46208
StreamingLineBuffer_28_buffer_stream_8,51200
StreamingLineBuffer_28_out0_stream_prepad_15,43776
StreamingLineBuffer_28_buffer_stream_9,51200
StreamingLineBuffer_28_out0_stream_prepad_14,46080
StreamingLineBuffer_28_buffer_stream_10,51200
StreamingLineBuffer_28_out0_stream_prepad_13,48640
StreamingLineBuffer_28_buffer_stream_11,51200
StreamingLineBuffer_28_out0_stream_prepad_12,51200
StreamingLineBuffer_28_buffer_stream_12,51200
StreamingLineBuffer_28_out0_stream_prepad_11,48640
StreamingLineBuffer_28_buffer_stream_13,51200
StreamingLineBuffer_28_out0_stream_prepad_10,46080
StreamingLineBuffer_28_buffer_stream_14,51200
StreamingLineBuffer_28_out0_stream_prepad_9,43776
StreamingLineBuffer_28_buffer_stream_15,51200
StreamingLineBuffer_28_out0_stream_prepad_8,46208
StreamingLineBuffer_28_buffer_stream_16,51200
StreamingLineBuffer_28_out0_stream_prepad_7,48640
StreamingLineBuffer_28_buffer_stream_17,51200
StreamingLineBuffer_28_out0_stream_prepad_6,46208
StreamingLineBuffer_28_buffer_stream_18,51200
StreamingLineBuffer_28_out0_stream_prepad_5,43776
StreamingLineBuffer_28_buffer_stream_19,51200
StreamingLineBuffer_28_out0_stream_prepad_4,41472
StreamingLineBuffer_28_buffer_stream_20,51200
StreamingLineBuffer_28_out0_stream_prepad_3,43776
StreamingLineBuffer_28_buffer_stream_21,51200
StreamingLineBuffer_28_out0_stream_prepad_2,46080
StreamingLineBuffer_28_buffer_stream_22,51200
StreamingLineBuffer_28_out0_stream_prepad_1,43776
StreamingLineBuffer_28_buffer_stream_23,51200
StreamingLineBuffer_28_out0_stream_prepad_0,41472
StreamingLineBuffer_28_out0_stream_0,51200
StreamingLineBuffer_28_out0_stream_1,51200
StreamingLineBuffer_28_out0_stream_2,51200
StreamingLineBuffer_28_out0_stream_3,51200
StreamingLineBuffer_28_out0_stream_4,51200
StreamingLineBuffer_28_out0_stream_5,51200
StreamingLineBuffer_28_out0_stream_6,51200
StreamingLineBuffer_28_out0_stream_7,51200
StreamingLineBuffer_28_out0_stream_8,51200
StreamingLineBuffer_28_out0_stream_9,51200
StreamingLineBuffer_28_out0_stream_10,51200
StreamingLineBuffer_28_out0_stream_11,51200
StreamingLineBuffer_28_out0_stream_12,51200
StreamingLineBuffer_28_out0_stream_13,51200
StreamingLineBuffer_28_out0_stream_14,51200
StreamingLineBuffer_28_out0_stream_15,51200
StreamingLineBuffer_28_out0_stream_16,51200
StreamingLineBuffer_28_out0_stream_17,51200
StreamingLineBuffer_28_out0_stream_18,51200
StreamingLineBuffer_28_out0_stream_19,51200
StreamingLineBuffer_28_out0_stream_20,51200
StreamingLineBuffer_28_out0_stream_21,51200
StreamingLineBuffer_28_out0_stream_22,51200
StreamingLineBuffer_28_out0_stream_23,51200
StreamingLineBuffer_28_out0_stream_24,51200
StreamingMaxPool_0_out0_stream_0,51200
TensorDuplicator_15_out0_stream_0,51200
TensorDuplicator_15_out1_stream_0,51200
StreamingConcat_10_out0_stream_0,102400
StreamingLineBuffer_29_out0_stream_prepad_24,41472
StreamingLineBuffer_29_buffer_stream_0,51200
StreamingLineBuffer_29_out0_stream_prepad_23,43776
StreamingLineBuffer_29_buffer_stream_1,51200
StreamingLineBuffer_29_out0_stream_prepad_22,46080
StreamingLineBuffer_29_buffer_stream_2,51200
StreamingLineBuffer_29_out0_stream_prepad_21,43776
StreamingLineBuffer_29_buffer_stream_3,51200
StreamingLineBuffer_29_out0_stream_prepad_20,41472
StreamingLineBuffer_29_buffer_stream_4,51200
StreamingLineBuffer_29_out0_stream_prepad_19,43776
StreamingLineBuffer_29_buffer_stream_5,51200
StreamingLineBuffer_29_out0_stream_prepad_18,46208
StreamingLineBuffer_29_buffer_stream_6,51200
StreamingLineBuffer_29_out0_stream_prepad_17,48640
StreamingLineBuffer_29_buffer_stream_7,51200
StreamingLineBuffer_29_out0_stream_prepad_16,46208
StreamingLineBuffer_29_buffer_stream_8,51200
StreamingLineBuffer_29_out0_stream_prepad_15,43776
StreamingLineBuffer_29_buffer_stream_9,51200
StreamingLineBuffer_29_out0_stream_prepad_14,46080
StreamingLineBuffer_29_buffer_stream_10,51200
StreamingLineBuffer_29_out0_stream_prepad_13,48640
StreamingLineBuffer_29_buffer_stream_11,51200
StreamingLineBuffer_29_out0_stream_prepad_12,51200
StreamingLineBuffer_29_buffer_stream_12,51200
StreamingLineBuffer_29_out0_stream_prepad_11,48640
StreamingLineBuffer_29_buffer_stream_13,51200
StreamingLineBuffer_29_out0_stream_prepad_10,46080
StreamingLineBuffer_29_buffer_stream_14,51200
StreamingLineBuffer_29_out0_stream_prepad_9,43776
StreamingLineBuffer_29_buffer_stream_15,51200
StreamingLineBuffer_29_out0_stream_prepad_8,46208
StreamingLineBuffer_29_buffer_stream_16,51200
StreamingLineBuffer_29_out0_stream_prepad_7,48640
StreamingLineBuffer_29_buffer_stream_17,51200
StreamingLineBuffer_29_out0_stream_prepad_6,46208
StreamingLineBuffer_29_buffer_stream_18,51200
StreamingLineBuffer_29_out0_stream_prepad_5,43776
StreamingLineBuffer_29_buffer_stream_19,51200
StreamingLineBuffer_29_out0_stream_prepad_4,41472
StreamingLineBuffer_29_buffer_stream_20,51200
StreamingLineBuffer_29_out0_stream_prepad_3,43776
StreamingLineBuffer_29_buffer_stream_21,51200
StreamingLineBuffer_29_out0_stream_prepad_2,46080
StreamingLineBuffer_29_buffer_stream_22,51200
StreamingLineBuffer_29_out0_stream_prepad_1,43776
StreamingLineBuffer_29_buffer_stream_23,51200
StreamingLineBuffer_29_out0_stream_prepad_0,41472
StreamingLineBuffer_29_out0_stream_0,51200
StreamingLineBuffer_29_out0_stream_1,51200
StreamingLineBuffer_29_out0_stream_2,51200
StreamingLineBuffer_29_out0_stream_3,51200
StreamingLineBuffer_29_out0_stream_4,51200
StreamingLineBuffer_29_out0_stream_5,51200
StreamingLineBuffer_29_out0_stream_6,51200
StreamingLineBuffer_29_out0_stream_7,51200
StreamingLineBuffer_29_out0_stream_8,51200
StreamingLineBuffer_29_out0_stream_9,51200
StreamingLineBuffer_29_out0_stream_10,51200
StreamingLineBuffer_29_out0_stream_11,51200
StreamingLineBuffer_29_out0_stream_12,51200
StreamingLineBuffer_29_out0_stream_13,51200
StreamingLineBuffer_29_out0_stream_14,51200
StreamingLineBuffer_29_out0_stream_15,51200
StreamingLineBuffer_29_out0_stream_16,51200
StreamingLineBuffer_29_out0_stream_17,51200
StreamingLineBuffer_29_out0_stream_18,51200
StreamingLineBuffer_29_out0_stream_19,51200
StreamingLineBuffer_29_out0_stream_20,51200
StreamingLineBuffer_29_out0_stream_21,51200
StreamingLineBuffer_29_out0_stream_22,51200
StreamingLineBuffer_29_out0_stream_23,51200
StreamingLineBuffer_29_out0_stream_24,51200
StreamingMaxPool_1_out0_stream_0,51200
TensorDuplicator_16_out0_stream_0,51200
TensorDuplicator_16_out1_stream_0,51200
StreamingLineBuffer_30_out0_stream_prepad_24,41472
StreamingLineBuffer_30_buffer_stream_0,51200
StreamingLineBuffer_30_out0_stream_prepad_23,43776
StreamingLineBuffer_30_buffer_stream_1,51200
StreamingLineBuffer_30_out0_stream_prepad_22,46080
StreamingLineBuffer_30_buffer_stream_2,51200
StreamingLineBuffer_30_out0_stream_prepad_21,43776
StreamingLineBuffer_30_buffer_stream_3,51200
StreamingLineBuffer_30_out0_stream_prepad_20,41472
StreamingLineBuffer_30_buffer_stream_4,51200
StreamingLineBuffer_30_out0_stream_prepad_19,43776
StreamingLineBuffer_30_buffer_stream_5,51200
StreamingLineBuffer_30_out0_stream_prepad_18,46208
StreamingLineBuffer_30_buffer_stream_6,51200
StreamingLineBuffer_30_out0_stream_prepad_17,48640
StreamingLineBuffer_30_buffer_stream_7,51200
StreamingLineBuffer_30_out0_stream_prepad_16,46208
StreamingLineBuffer_30_buffer_stream_8,51200
StreamingLineBuffer_30_out0_stream_prepad_15,43776
StreamingLineBuffer_30_buffer_stream_9,51200
StreamingLineBuffer_30_out0_stream_prepad_14,46080
StreamingLineBuffer_30_buffer_stream_10,51200
StreamingLineBuffer_30_out0_stream_prepad_13,48640
StreamingLineBuffer_30_buffer_stream_11,51200
StreamingLineBuffer_30_out0_stream_prepad_12,51200
StreamingLineBuffer_30_buffer_stream_12,51200
StreamingLineBuffer_30_out0_stream_prepad_11,48640
StreamingLineBuffer_30_buffer_stream_13,51200
StreamingLineBuffer_30_out0_stream_prepad_10,46080
StreamingLineBuffer_30_buffer_stream_14,51200
StreamingLineBuffer_30_out0_stream_prepad_9,43776
StreamingLineBuffer_30_buffer_stream_15,51200
StreamingLineBuffer_30_out0_stream_prepad_8,46208
StreamingLineBuffer_30_buffer_stream_16,51200
StreamingLineBuffer_30_out0_stream_prepad_7,48640
StreamingLineBuffer_30_buffer_stream_17,51200
StreamingLineBuffer_30_out0_stream_prepad_6,46208
StreamingLineBuffer_30_buffer_stream_18,51200
StreamingLineBuffer_30_out0_stream_prepad_5,43776
StreamingLineBuffer_30_buffer_stream_19,51200
StreamingLineBuffer_30_out0_stream_prepad_4,41472
StreamingLineBuffer_30_buffer_stream_20,51200
StreamingLineBuffer_30_out0_stream_prepad_3,43776
StreamingLineBuffer_30_buffer_stream_21,51200
StreamingLineBuffer_30_out0_stream_prepad_2,46080
StreamingLineBuffer_30_buffer_stream_22,51200
StreamingLineBuffer_30_out0_stream_prepad_1,43776
StreamingLineBuffer_30_buffer_stream_23,51200
StreamingLineBuffer_30_out0_stream_prepad_0,41472
StreamingLineBuffer_30_out0_stream_0,51200
StreamingLineBuffer_30_out0_stream_1,51200
StreamingLineBuffer_30_out0_stream_2,51200
StreamingLineBuffer_30_out0_stream_3,51200
StreamingLineBuffer_30_out0_stream_4,51200
StreamingLineBuffer_30_out0_stream_5,51200
StreamingLineBuffer_30_out0_stream_6,51200
StreamingLineBuffer_30_out0_stream_7,51200
StreamingLineBuffer_30_out0_stream_8,51200
StreamingLineBuffer_30_out0_stream_9,51200
StreamingLineBuffer_30_out0_stream_10,51200
StreamingLineBuffer_30_out0_stream_11,51200
StreamingLineBuffer_30_out0_stream_12,51200
StreamingLineBuffer_30_out0_stream_13,51200
StreamingLineBuffer_30_out0_stream_14,51200
StreamingLineBuffer_30_out0_stream_15,51200
StreamingLineBuffer_30_out0_stream_16,51200
StreamingLineBuffer_30_out0_stream_17,51200
StreamingLineBuffer_30_out0_stream_18,51200
StreamingLineBuffer_30_out0_stream_19,51200
StreamingLineBuffer_30_out0_stream_20,51200
StreamingLineBuffer_30_out0_stream_21,51200
StreamingLineBuffer_30_out0_stream_22,51200
StreamingLineBuffer_30_out0_stream_23,51200
StreamingLineBuffer_30_out0_stream_24,51200
StreamingMaxPool_2_out0_stream_0,51200
StreamingConcat_11_out0_stream_0,102400
StreamingConcat_12_out0_stream_0,204800
BandwidthAdjustIncreaseStreams_1_out0_stream_0,102400
BandwidthAdjustIncreaseStreams_1_out0_stream_1,102400
StreamingLineBuffer_31_out0_stream_1,102400
StreamingLineBuffer_31_out0_stream_0,102400
StreamingConv_26_out0_stream_0,12800
StreamingConv_26_out0_stream_1,12800
StreamingSwish_26_out0_stream_0,12800
StreamingSwish_26_out0_stream_1,12800
BandwidthAdjustDecreaseChannels_10_out0_stream_0,25600
BandwidthAdjustDecreaseChannels_10_out0_stream_1,25600
StreamingLineBuffer_32_out0_stream_1,25600
StreamingLineBuffer_32_out0_stream_0,25600
StreamingConv_27_out0_stream_0,51200
StreamingConv_27_out0_stream_1,51200
StreamingSwish_27_out0_stream_0,51200
StreamingSwish_27_out0_stream_1,51200
StreamingSplit_4_out0_stream_0,25600
StreamingSplit_4_out0_stream_1,25600
StreamingSplit_4_out1_stream_0,25600
StreamingSplit_4_out1_stream_1,25600
TensorDuplicator_17_out0_stream_0,25600
TensorDuplicator_17_out0_stream_1,25600
TensorDuplicator_17_out1_stream_0,25600
TensorDuplicator_17_out1_stream_1,25600
StreamingLineBuffer_33_out0_stream_1,25600
StreamingLineBuffer_33_out0_stream_0,25600
StreamingConv_28_out0_stream_0,51200
StreamingConv_28_out0_stream_1,51200
BandwidthAdjustDecreaseStreams_3_out0_stream_0,102400
stream_q_0,12800
stream_q_1,12800
stream_k_0,12800
stream_k_1,12800
stream_v_0,25600
stream_v_1,25600
stream_v_out_0,25600
stream_v_copy_0,25600
stream_v_out_1,25600
stream_v_copy_1,25600
stream_qk_0,160000
stream_qk_1,160000
stream_qkscaled_0,160000
stream_qkscaled_1,160000
stream_v_transposed_0,25600
stream_v_transposed_1,25600
StreamingYoloAttention_0_out1_stream_0,51200
stream_p_0,160000
stream_p_1,160000
BandwidthAdjustIncreaseStreams_3_out0_stream_0,25600
BandwidthAdjustIncreaseStreams_3_out0_stream_1,25600
stream_y_0,25600
stream_y_1,25600
StreamingLineBuffer_34_out0_stream_prepad_11,21888
StreamingLineBuffer_34_buffer_stream_0,25600
StreamingLineBuffer_34_out0_stream_prepad_10,24320
StreamingLineBuffer_34_buffer_stream_1,25600
StreamingYoloAttention_0_out0_stream_0,51200
StreamingLineBuffer_34_out0_stream_prepad_9,24320
StreamingLineBuffer_34_buffer_stream_2,25600
StreamingLineBuffer_34_out0_stream_prepad_8,21888
StreamingLineBuffer_34_buffer_stream_3,25600
BandwidthAdjustIncreaseStreams_2_out0_stream_0,25600
BandwidthAdjustIncreaseStreams_2_out0_stream_1,25600
StreamingLineBuffer_34_out0_stream_prepad_7,23040
StreamingLineBuffer_34_buffer_stream_4,25600
StreamingLineBuffer_34_out0_stream_prepad_6,25600
StreamingLineBuffer_34_buffer_stream_5,25600
StreamingLineBuffer_34_out0_stream_prepad_5,25600
StreamingLineBuffer_34_buffer_stream_6,25600
StreamingLineBuffer_34_out0_stream_prepad_4,23040
StreamingLineBuffer_34_buffer_stream_7,25600
StreamingLineBuffer_34_out0_stream_prepad_3,21888
StreamingLineBuffer_34_buffer_stream_8,25600
StreamingLineBuffer_34_out0_stream_prepad_2,24320
StreamingLineBuffer_34_buffer_stream_9,25600
StreamingLineBuffer_34_out0_stream_prepad_1,24320
StreamingLineBuffer_34_out0_stream_prepad_0,21888
StreamingLineBuffer_34_out0_stream_0,25600
StreamingLineBuffer_34_out0_stream_1,25600
StreamingLineBuffer_34_out0_stream_2,25600
StreamingLineBuffer_34_out0_stream_3,25600
StreamingLineBuffer_34_out0_stream_4,25600
StreamingLineBuffer_34_out0_stream_5,25600
StreamingLineBuffer_34_out0_stream_6,25600
StreamingLineBuffer_34_out0_stream_7,25600
StreamingLineBuffer_34_out0_stream_8,25600
StreamingLineBuffer_34_out0_stream_9,25600
StreamingLineBuffer_34_out0_stream_10,25600
StreamingLineBuffer_34_out0_stream_11,25600
StreamingDepthwiseConv_2_out0_stream_0,25600
StreamingDepthwiseConv_2_out0_stream_1,25600
StreamingAdd_6_out0_stream_0,25600
StreamingAdd_6_out0_stream_1,25600
StreamingLineBuffer_35_out0_stream_1,25600
StreamingLineBuffer_35_out0_stream_0,25600
StreamingConv_29_out0_stream_0,25600
StreamingConv_29_out0_stream_1,25600
StreamingAdd_7_out0_stream_0,25600
StreamingAdd_7_out0_stream_1,25600
TensorDuplicator_18_out0_stream_0,25600
TensorDuplicator_18_out0_stream_1,25600
TensorDuplicator_18_out1_stream_0,25600
TensorDuplicator_18_out1_stream_1,25600
StreamingLineBuffer_36_out0_stream_1,25600
StreamingLineBuffer_36_out0_stream_0,25600
StreamingConv_30_out0_stream_0,51200
StreamingConv_30_out0_stream_1,51200
StreamingSwish_28_out0_stream_0,51200
StreamingSwish_28_out0_stream_1,51200
StreamingLineBuffer_37_out0_stream_1,51200
StreamingLineBuffer_37_out0_stream_0,51200
StreamingConv_31_out0_stream_0,25600
StreamingConv_31_out0_stream_1,25600
StreamingAdd_8_out0_stream_0,25600
StreamingAdd_8_out0_stream_1,25600
StreamingConcat_13_out0_stream_0,51200
StreamingConcat_13_out0_stream_1,51200
BandwidthAdjustDecreaseStreams_4_out0_stream_0,102400
StreamingConv_32_out0_stream_0,25600
StreamingSwish_29_out0_stream_0,25600
TensorDuplicator_19_out0_stream_0,25600
TensorDuplicator_19_out1_stream_0,25600
StreamingUpsample_0_out0_stream_0,51200
StreamingUpsample_0_out0_stream_1,51200
BandwidthAdjustDecreaseStreams_5_out0_stream_0,102400
StreamingConcat_14_out0_stream_0,153600
StreamingConv_33_out0_stream_0,102400
StreamingSwish_30_out0_stream_0,102400
StreamingSplit_5_out0_stream_0,51200
StreamingSplit_5_out1_stream_0,51200
TensorDuplicator_20_out0_stream_0,51200
TensorDuplicator_20_out1_stream_0,51200
StreamingConcat_15_out0_stream_0,102400
BandwidthAdjustDecreaseChannels_11_out0_stream_0,102400
StreamingLineBuffer_38_out0_stream_prepad_8,97344
StreamingLineBuffer_38_buffer_stream_0,102400
StreamingLineBuffer_38_out0_stream_prepad_7,99840
StreamingLineBuffer_38_buffer_stream_1,102400
StreamingLineBuffer_38_out0_stream_prepad_6,97344
StreamingLineBuffer_38_buffer_stream_2,102400
StreamingLineBuffer_38_out0_stream_prepad_5,99840
StreamingLineBuffer_38_buffer_stream_3,102400
StreamingLineBuffer_38_out0_stream_prepad_4,102400
StreamingLineBuffer_38_buffer_stream_4,102400
StreamingLineBuffer_38_out0_stream_prepad_3,99840
StreamingLineBuffer_38_buffer_stream_5,102400
StreamingLineBuffer_38_out0_stream_prepad_2,97344
StreamingLineBuffer_38_buffer_stream_6,102400
StreamingLineBuffer_38_out0_stream_prepad_1,99840
StreamingLineBuffer_38_buffer_stream_7,102400
StreamingLineBuffer_38_out0_stream_prepad_0,97344
StreamingLineBuffer_38_out0_stream_0,102400
StreamingLineBuffer_38_out0_stream_1,102400
StreamingLineBuffer_38_out0_stream_2,102400
StreamingLineBuffer_38_out0_stream_3,102400
StreamingLineBuffer_38_out0_stream_4,102400
StreamingLineBuffer_38_out0_stream_5,102400
StreamingLineBuffer_38_out0_stream_6,102400
StreamingLineBuffer_38_out0_stream_7,102400
StreamingLineBuffer_38_out0_stream_8,102400
StreamingConv_34_out0_stream_0,102400
StreamingSwish_31_out0_stream_0,102400
StreamingLineBuffer_39_out0_stream_prepad_8,97344
StreamingLineBuffer_39_buffer_stream_0,102400
StreamingLineBuffer_39_out0_stream_prepad_7,99840
StreamingLineBuffer_39_buffer_stream_1,102400
StreamingLineBuffer_39_out0_stream_prepad_6,97344
StreamingLineBuffer_39_buffer_stream_2,102400
StreamingLineBuffer_39_out0_stream_prepad_5,99840
StreamingLineBuffer_39_buffer_stream_3,102400
StreamingLineBuffer_39_out0_stream_prepad_4,102400
StreamingLineBuffer_39_buffer_stream_4,102400
StreamingLineBuffer_39_out0_stream_prepad_3,99840
StreamingLineBuffer_39_buffer_stream_5,102400
StreamingLineBuffer_39_out0_stream_prepad_2,97344
StreamingLineBuffer_39_buffer_stream_6,102400
StreamingLineBuffer_39_out0_stream_prepad_1,99840
StreamingLineBuffer_39_buffer_stream_7,102400
StreamingLineBuffer_39_out0_stream_prepad_0,97344
StreamingLineBuffer_39_out0_stream_0,102400
StreamingLineBuffer_39_out0_stream_1,102400
StreamingLineBuffer_39_out0_stream_2,102400
StreamingLineBuffer_39_out0_stream_3,102400
StreamingLineBuffer_39_out0_stream_4,102400
StreamingLineBuffer_39_out0_stream_5,102400
StreamingLineBuffer_39_out0_stream_6,102400
StreamingLineBuffer_39_out0_stream_7,102400
StreamingLineBuffer_39_out0_stream_8,102400
StreamingConv_35_out0_stream_0,51200
StreamingSwish_32_out0_stream_0,51200
StreamingConcat_16_out0_stream_0,153600
StreamingConv_36_out0_stream_0,102400
StreamingSwish_33_out0_stream_0,102400
TensorDuplicator_21_out0_stream_0,102400
TensorDuplicator_21_out1_stream_0,102400
StreamingUpsample_1_out0_stream_0,204800
StreamingUpsample_1_out0_stream_1,204800
BandwidthAdjustIncreaseChannels_3_out0_stream_0,102400
BandwidthAdjustIncreaseChannels_3_out0_stream_1,102400
StreamingConcat_17_out0_stream_0,153600
StreamingConcat_17_out0_stream_1,153600
BandwidthAdjustDecreaseChannels_12_out0_stream_0,614400
BandwidthAdjustDecreaseChannels_12_out0_stream_1,614400
StreamingLineBuffer_40_out0_stream_1,614400
StreamingLineBuffer_40_out0_stream_0,614400
StreamingConv_37_out0_stream_0,51200
StreamingConv_37_out0_stream_1,51200
StreamingSwish_34_out0_stream_0,51200
StreamingSwish_34_out0_stream_1,51200
StreamingSplit_6_out0_stream_0,25600
StreamingSplit_6_out0_stream_1,25600
StreamingSplit_6_out1_stream_0,25600
StreamingSplit_6_out1_stream_1,25600
TensorDuplicator_22_out0_stream_0,25600
TensorDuplicator_22_out0_stream_1,25600
TensorDuplicator_22_out1_stream_0,25600
TensorDuplicator_22_out1_stream_1,25600
BandwidthAdjustDecreaseChannels_13_out0_stream_0,102400
BandwidthAdjustDecreaseChannels_13_out0_stream_1,102400
BandwidthAdjustDecreaseChannels_14_out0_stream_0,102400
BandwidthAdjustDecreaseChannels_14_out0_stream_1,102400
BandwidthAdjustDecreaseChannels_15_out0_stream_0,102400
BandwidthAdjustDecreaseChannels_15_out0_stream_1,102400
StreamingConcat_18_out0_stream_0,204800
StreamingConcat_18_out0_stream_1,204800
StreamingLineBuffer_41_out0_stream_prepad_11,98592
StreamingLineBuffer_41_buffer_stream_0,102400
StreamingLineBuffer_41_out0_stream_prepad_10,101120
StreamingLineBuffer_41_buffer_stream_1,102400
StreamingLineBuffer_41_out0_stream_prepad_9,101120
StreamingLineBuffer_41_buffer_stream_2,102400
StreamingLineBuffer_41_out0_stream_prepad_8,98592
StreamingLineBuffer_41_buffer_stream_3,102400
StreamingLineBuffer_41_out0_stream_prepad_7,99840
StreamingLineBuffer_41_buffer_stream_4,102400
StreamingLineBuffer_41_out0_stream_prepad_6,102400
StreamingLineBuffer_41_buffer_stream_5,102400
StreamingLineBuffer_41_out0_stream_prepad_5,102400
StreamingLineBuffer_41_buffer_stream_6,102400
StreamingLineBuffer_41_out0_stream_prepad_4,99840
StreamingLineBuffer_41_buffer_stream_7,102400
StreamingLineBuffer_41_out0_stream_prepad_3,98592
StreamingLineBuffer_41_buffer_stream_8,102400
StreamingLineBuffer_41_out0_stream_prepad_2,101120
StreamingLineBuffer_41_buffer_stream_9,102400
StreamingLineBuffer_41_out0_stream_prepad_1,101120
StreamingLineBuffer_41_out0_stream_prepad_0,98592
StreamingLineBuffer_41_out0_stream_0,102400
StreamingLineBuffer_41_out0_stream_1,102400
StreamingLineBuffer_41_out0_stream_2,102400
StreamingLineBuffer_41_out0_stream_3,102400
StreamingLineBuffer_41_out0_stream_4,102400
StreamingLineBuffer_41_out0_stream_5,102400
StreamingLineBuffer_41_out0_stream_6,102400
StreamingLineBuffer_41_out0_stream_7,102400
StreamingLineBuffer_41_out0_stream_8,102400
StreamingLineBuffer_41_out0_stream_9,102400
StreamingLineBuffer_41_out0_stream_10,102400
StreamingLineBuffer_41_out0_stream_11,102400
StreamingConv_38_out0_stream_0,102400
StreamingConv_38_out0_stream_1,102400
StreamingSwish_35_out0_stream_0,102400
StreamingSwish_35_out0_stream_1,102400
StreamingLineBuffer_42_out0_stream_prepad_11,98592
StreamingLineBuffer_42_buffer_stream_0,102400
StreamingLineBuffer_42_out0_stream_prepad_10,101120
StreamingLineBuffer_42_buffer_stream_1,102400
StreamingLineBuffer_42_out0_stream_prepad_9,101120
StreamingLineBuffer_42_buffer_stream_2,102400
StreamingLineBuffer_42_out0_stream_prepad_8,98592
StreamingLineBuffer_42_buffer_stream_3,102400
StreamingLineBuffer_42_out0_stream_prepad_7,99840
StreamingLineBuffer_42_buffer_stream_4,102400
StreamingLineBuffer_42_out0_stream_prepad_6,102400
StreamingLineBuffer_42_buffer_stream_5,102400
StreamingLineBuffer_42_out0_stream_prepad_5,102400
StreamingLineBuffer_42_buffer_stream_6,102400
StreamingLineBuffer_42_out0_stream_prepad_4,99840
StreamingLineBuffer_42_buffer_stream_7,102400
StreamingLineBuffer_42_out0_stream_prepad_3,98592
StreamingLineBuffer_42_buffer_stream_8,102400
StreamingLineBuffer_42_out0_stream_prepad_2,101120
StreamingLineBuffer_42_buffer_stream_9,102400
StreamingLineBuffer_42_out0_stream_prepad_1,101120
StreamingLineBuffer_42_out0_stream_prepad_0,98592
StreamingLineBuffer_42_out0_stream_0,102400
StreamingLineBuffer_42_out0_stream_1,102400
StreamingLineBuffer_42_out0_stream_2,102400
StreamingLineBuffer_42_out0_stream_3,102400
StreamingLineBuffer_42_out0_stream_4,102400
StreamingLineBuffer_42_out0_stream_5,102400
StreamingLineBuffer_42_out0_stream_6,102400
StreamingLineBuffer_42_out0_stream_7,102400
StreamingLineBuffer_42_out0_stream_8,102400
StreamingLineBuffer_42_out0_stream_9,102400
StreamingLineBuffer_42_out0_stream_10,102400
StreamingLineBuffer_42_out0_stream_11,102400
StreamingConv_39_out0_stream_0,102400
StreamingConv_39_out0_stream_1,102400
StreamingSwish_36_out0_stream_0,102400
StreamingSwish_36_out0_stream_1,102400
StreamingConcat_19_out0_stream_0,307200
StreamingConcat_19_out0_stream_1,307200
StreamingLineBuffer_43_out0_stream_1,307200
StreamingLineBuffer_43_out0_stream_0,307200
StreamingConv_40_out0_stream_0,102400
StreamingConv_40_out0_stream_1,102400
StreamingSwish_37_out0_stream_0,102400
StreamingSwish_37_out0_stream_1,102400
TensorDuplicator_23_out0_stream_0,102400
TensorDuplicator_23_out0_stream_1,102400
TensorDuplicator_23_out1_stream_0,102400
TensorDuplicator_23_out1_stream_1,102400
TensorDuplicator_24_out0_stream_0,102400
TensorDuplicator_24_out0_stream_1,102400
TensorDuplicator_24_out1_stream_0,102400
TensorDuplicator_24_out1_stream_1,102400
BandwidthAdjustDecreaseChannels_16_out0_stream_0,204800
BandwidthAdjustDecreaseChannels_16_out0_stream_1,204800
BandwidthAdjustDecreaseChannels_17_out0_stream_0,204800
BandwidthAdjustDecreaseChannels_17_out0_stream_1,204800
StreamingLineBuffer_44_out0_stream_prepad_11,197184
StreamingLineBuffer_44_buffer_stream_0,204800
StreamingLineBuffer_44_out0_stream_prepad_10,202240
StreamingLineBuffer_44_buffer_stream_1,204800
StreamingLineBuffer_45_out0_stream_prepad_11,98592
StreamingLineBuffer_45_buffer_stream_0,102400
StreamingLineBuffer_45_out0_stream_prepad_10,101120
StreamingLineBuffer_45_buffer_stream_1,102400
StreamingLineBuffer_44_out0_stream_prepad_9,202240
StreamingLineBuffer_44_buffer_stream_2,204800
StreamingLineBuffer_44_out0_stream_prepad_8,197184
StreamingLineBuffer_44_buffer_stream_3,204800
StreamingLineBuffer_45_out0_stream_prepad_9,101120
StreamingLineBuffer_45_buffer_stream_2,102400
StreamingLineBuffer_45_out0_stream_prepad_8,98592
StreamingLineBuffer_45_buffer_stream_3,102400
BandwidthAdjustDecreaseStreams_6_out0_stream_0,409600
StreamingLineBuffer_44_out0_stream_prepad_7,199680
StreamingLineBuffer_44_buffer_stream_4,204800
StreamingLineBuffer_44_out0_stream_prepad_6,204800
StreamingLineBuffer_44_buffer_stream_5,204800
StreamingLineBuffer_45_out0_stream_prepad_7,99840
StreamingLineBuffer_45_buffer_stream_4,102400
StreamingLineBuffer_45_out0_stream_prepad_6,102400
StreamingLineBuffer_45_buffer_stream_5,102400
StreamingLineBuffer_46_out0_stream_prepad_8,102400
StreamingLineBuffer_46_buffer_stream_0,409600
StreamingLineBuffer_44_out0_stream_prepad_5,204800
StreamingLineBuffer_44_buffer_stream_6,204800
StreamingLineBuffer_44_out0_stream_prepad_4,199680
StreamingLineBuffer_44_buffer_stream_7,204800
StreamingLineBuffer_45_out0_stream_prepad_5,102400
StreamingLineBuffer_45_buffer_stream_6,102400
StreamingLineBuffer_45_out0_stream_prepad_4,99840
StreamingLineBuffer_45_buffer_stream_7,102400
StreamingLineBuffer_46_out0_stream_prepad_7,102400
StreamingLineBuffer_46_buffer_stream_1,409600
StreamingLineBuffer_44_out0_stream_prepad_3,197184
StreamingLineBuffer_44_buffer_stream_8,204800
StreamingLineBuffer_44_out0_stream_prepad_2,202240
StreamingLineBuffer_44_buffer_stream_9,204800
StreamingLineBuffer_45_out0_stream_prepad_3,98592
StreamingLineBuffer_45_buffer_stream_8,102400
StreamingLineBuffer_45_out0_stream_prepad_2,101120
StreamingLineBuffer_45_buffer_stream_9,102400
StreamingLineBuffer_46_out0_stream_prepad_6,99840
StreamingLineBuffer_46_buffer_stream_2,409600
StreamingLineBuffer_44_out0_stream_prepad_1,202240
StreamingLineBuffer_44_out0_stream_prepad_0,197184
StreamingLineBuffer_45_out0_stream_prepad_1,101120
StreamingLineBuffer_45_out0_stream_prepad_0,98592
StreamingLineBuffer_46_out0_stream_prepad_5,102400
StreamingLineBuffer_46_buffer_stream_3,409600
StreamingLineBuffer_44_out0_stream_0,204800
StreamingLineBuffer_44_out0_stream_1,204800
StreamingLineBuffer_44_out0_stream_2,204800
StreamingLineBuffer_44_out0_stream_3,204800
StreamingLineBuffer_44_out0_stream_4,204800
StreamingLineBuffer_44_out0_stream_5,204800
StreamingLineBuffer_44_out0_stream_6,204800
StreamingLineBuffer_44_out0_stream_7,204800
StreamingLineBuffer_44_out0_stream_8,204800
StreamingLineBuffer_44_out0_stream_9,204800
StreamingLineBuffer_44_out0_stream_10,204800
StreamingLineBuffer_44_out0_stream_11,204800
StreamingLineBuffer_45_out0_stream_0,102400
StreamingLineBuffer_45_out0_stream_1,102400
StreamingLineBuffer_45_out0_stream_2,102400
StreamingLineBuffer_45_out0_stream_3,102400
StreamingLineBuffer_45_out0_stream_4,102400
StreamingLineBuffer_45_out0_stream_5,102400
StreamingLineBuffer_45_out0_stream_6,102400
StreamingLineBuffer_45_out0_stream_7,102400
StreamingLineBuffer_45_out0_stream_8,102400
StreamingLineBuffer_45_out0_stream_9,102400
StreamingLineBuffer_45_out0_stream_10,102400
StreamingLineBuffer_45_out0_stream_11,102400
StreamingLineBuffer_46_out0_stream_prepad_4,102400
StreamingLineBuffer_46_buffer_stream_4,409600
StreamingDepthwiseConv_3_out0_stream_0,204800
StreamingDepthwiseConv_3_out0_stream_1,204800
StreamingConv_41_out0_stream_0,204800
StreamingConv_41_out0_stream_1,204800
StreamingLineBuffer_46_out0_stream_prepad_3,99840
StreamingLineBuffer_46_buffer_stream_5,409600
StreamingSwish_38_out0_stream_0,204800
StreamingSwish_38_out0_stream_1,204800
StreamingSwish_39_out0_stream_0,204800
StreamingSwish_39_out0_stream_1,204800
StreamingLineBuffer_46_out0_stream_prepad_2,99840
StreamingLineBuffer_46_buffer_stream_6,409600
StreamingLineBuffer_46_out0_stream_prepad_1,99840
StreamingLineBuffer_46_buffer_stream_7,409600
StreamingLineBuffer_47_out0_stream_1,204800
StreamingLineBuffer_47_out0_stream_0,204800
StreamingLineBuffer_48_out0_stream_prepad_11,197184
StreamingLineBuffer_48_buffer_stream_0,204800
StreamingLineBuffer_48_out0_stream_prepad_10,202240
StreamingLineBuffer_48_buffer_stream_1,204800
StreamingLineBuffer_46_out0_stream_prepad_0,97344
StreamingLineBuffer_48_out0_stream_prepad_9,202240
StreamingLineBuffer_48_buffer_stream_2,204800
StreamingLineBuffer_48_out0_stream_prepad_8,197184
StreamingLineBuffer_48_buffer_stream_3,204800
StreamingConv_43_out0_stream_0,128000
StreamingConv_43_out0_stream_1,128000
StreamingLineBuffer_46_out0_stream_0,102400
StreamingLineBuffer_46_out0_stream_1,102400
StreamingLineBuffer_46_out0_stream_2,102400
StreamingLineBuffer_46_out0_stream_3,102400
StreamingLineBuffer_46_out0_stream_4,102400
StreamingLineBuffer_46_out0_stream_5,102400
StreamingLineBuffer_46_out0_stream_6,102400
StreamingLineBuffer_46_out0_stream_7,102400
StreamingLineBuffer_46_out0_stream_8,102400
StreamingLineBuffer_48_out0_stream_prepad_7,199680
StreamingLineBuffer_48_buffer_stream_4,204800
StreamingLineBuffer_48_out0_stream_prepad_6,204800
StreamingLineBuffer_48_buffer_stream_5,204800
StreamingSwish_41_out0_stream_0,128000
StreamingSwish_41_out0_stream_1,128000
StreamingConv_42_out0_stream_0,51200
StreamingLineBuffer_48_out0_stream_prepad_5,204800
StreamingLineBuffer_48_buffer_stream_6,204800
StreamingLineBuffer_48_out0_stream_prepad_4,199680
StreamingLineBuffer_48_buffer_stream_7,204800
BandwidthAdjustDecreaseChannels_18_out0_stream_0,256000
BandwidthAdjustDecreaseChannels_18_out0_stream_1,256000
StreamingLineBuffer_48_out0_stream_prepad_3,197184
StreamingLineBuffer_48_buffer_stream_8,204800
StreamingLineBuffer_48_out0_stream_prepad_2,202240
StreamingLineBuffer_48_buffer_stream_9,204800
StreamingSwish_40_out0_stream_0,51200
StreamingLineBuffer_50_out0_stream_prepad_11,246480
StreamingLineBuffer_50_buffer_stream_0,256000
StreamingLineBuffer_50_out0_stream_prepad_10,252800
StreamingLineBuffer_50_buffer_stream_1,256000
StreamingLineBuffer_48_out0_stream_prepad_1,202240
StreamingLineBuffer_48_out0_stream_prepad_0,197184
StreamingConcat_20_out0_stream_0,153600
StreamingLineBuffer_50_out0_stream_prepad_9,252800
StreamingLineBuffer_50_buffer_stream_2,256000
StreamingLineBuffer_50_out0_stream_prepad_8,246480
StreamingLineBuffer_50_buffer_stream_3,256000
StreamingLineBuffer_48_out0_stream_0,204800
StreamingLineBuffer_48_out0_stream_1,204800
StreamingLineBuffer_48_out0_stream_2,204800
StreamingLineBuffer_48_out0_stream_3,204800
StreamingLineBuffer_48_out0_stream_4,204800
StreamingLineBuffer_48_out0_stream_5,204800
StreamingLineBuffer_48_out0_stream_6,204800
StreamingLineBuffer_48_out0_stream_7,204800
StreamingLineBuffer_48_out0_stream_8,204800
StreamingLineBuffer_48_out0_stream_9,204800
StreamingLineBuffer_48_out0_stream_10,204800
StreamingLineBuffer_48_out0_stream_11,204800
StreamingConv_45_out0_stream_0,102400
StreamingLineBuffer_50_out0_stream_prepad_7,249600
StreamingLineBuffer_50_buffer_stream_4,256000
StreamingLineBuffer_50_out0_stream_prepad_6,256000
StreamingLineBuffer_50_buffer_stream_5,256000
StreamingConv_44_out0_stream_0,102400
StreamingConv_44_out0_stream_1,102400
StreamingSwish_43_out0_stream_0,102400
StreamingLineBuffer_50_out0_stream_prepad_5,256000
StreamingLineBuffer_50_buffer_stream_6,256000
StreamingLineBuffer_50_out0_stream_prepad_4,249600
StreamingLineBuffer_50_buffer_stream_7,256000
StreamingSwish_42_out0_stream_0,102400
StreamingSwish_42_out0_stream_1,102400
StreamingLineBuffer_50_out0_stream_prepad_3,246480
StreamingLineBuffer_50_buffer_stream_8,256000
StreamingLineBuffer_50_out0_stream_prepad_2,252800
StreamingLineBuffer_50_buffer_stream_9,256000
BandwidthAdjustDecreaseChannels_19_out0_stream_0,204800
StreamingLineBuffer_49_out0_stream_1,102400
StreamingLineBuffer_49_out0_stream_0,102400
StreamingLineBuffer_50_out0_stream_prepad_1,252800
StreamingLineBuffer_50_out0_stream_prepad_0,246480
StreamingSplit_7_out0_stream_0,102400
StreamingSplit_7_out1_stream_0,102400
StreamingConv_46_out0_stream_0,204800
StreamingConv_46_out0_stream_1,204800
StreamingLineBuffer_50_out0_stream_0,256000
StreamingLineBuffer_50_out0_stream_1,256000
StreamingLineBuffer_50_out0_stream_2,256000
StreamingLineBuffer_50_out0_stream_3,256000
StreamingLineBuffer_50_out0_stream_4,256000
StreamingLineBuffer_50_out0_stream_5,256000
StreamingLineBuffer_50_out0_stream_6,256000
StreamingLineBuffer_50_out0_stream_7,256000
StreamingLineBuffer_50_out0_stream_8,256000
StreamingLineBuffer_50_out0_stream_9,256000
StreamingLineBuffer_50_out0_stream_10,256000
StreamingLineBuffer_50_out0_stream_11,256000
TensorDuplicator_25_out0_stream_0,102400
TensorDuplicator_25_out1_stream_0,102400
StreamingDepthwiseConv_4_out0_stream_0,256000
StreamingDepthwiseConv_4_out0_stream_1,256000
StreamingConcat_21_out0_stream_0,204800
StreamingLineBuffer_52_out0_stream_prepad_8,97344
StreamingLineBuffer_52_buffer_stream_0,102400
StreamingSwish_44_out0_stream_0,256000
StreamingSwish_44_out0_stream_1,256000
StreamingLineBuffer_52_out0_stream_prepad_7,99840
StreamingLineBuffer_52_buffer_stream_1,102400
StreamingLineBuffer_51_out0_stream_1,256000
StreamingLineBuffer_51_out0_stream_0,256000
StreamingLineBuffer_52_out0_stream_prepad_6,97344
StreamingLineBuffer_52_buffer_stream_2,102400
StreamingConv_47_out0_stream_0,128000
StreamingConv_47_out0_stream_1,128000
StreamingLineBuffer_52_out0_stream_prepad_5,99840
StreamingLineBuffer_52_buffer_stream_3,102400
StreamingLineBuffer_52_out0_stream_prepad_4,102400
StreamingLineBuffer_52_buffer_stream_4,102400
StreamingSwish_45_out0_stream_0,128000
StreamingSwish_45_out0_stream_1,128000
StreamingLineBuffer_52_out0_stream_prepad_3,99840
StreamingLineBuffer_52_buffer_stream_5,102400
StreamingLineBuffer_53_out0_stream_1,128000
StreamingLineBuffer_53_out0_stream_0,128000
StreamingLineBuffer_52_out0_stream_prepad_2,97344
StreamingLineBuffer_52_buffer_stream_6,102400
StreamingConv_49_out0_stream_0,256000
StreamingConv_49_out0_stream_1,256000
StreamingLineBuffer_52_out0_stream_prepad_1,99840
StreamingLineBuffer_52_buffer_stream_7,102400
StreamingConcat_22_out0_stream_0,460800
StreamingConcat_22_out0_stream_1,460800
StreamingLineBuffer_52_out0_stream_prepad_0,97344
BandwidthAdjustDecreaseStreams_7_out0_stream_0,921600
StreamingLineBuffer_52_out0_stream_0,102400
StreamingLineBuffer_52_out0_stream_1,102400
StreamingLineBuffer_52_out0_stream_2,102400
StreamingLineBuffer_52_out0_stream_3,102400
StreamingLineBuffer_52_out0_stream_4,102400
StreamingLineBuffer_52_out0_stream_5,102400
StreamingLineBuffer_52_out0_stream_6,102400
StreamingLineBuffer_52_out0_stream_7,102400
StreamingLineBuffer_52_out0_stream_8,102400
StreamingReshape_0_out0_stream_0,921600
StreamingConv_48_out0_stream_0,102400
StreamingSwish_46_out0_stream_0,102400
StreamingLineBuffer_54_out0_stream_prepad_8,97344
StreamingLineBuffer_54_buffer_stream_0,102400
StreamingLineBuffer_54_out0_stream_prepad_7,99840
StreamingLineBuffer_54_buffer_stream_1,102400
StreamingLineBuffer_54_out0_stream_prepad_6,97344
StreamingLineBuffer_54_buffer_stream_2,102400
StreamingLineBuffer_54_out0_stream_prepad_5,99840
StreamingLineBuffer_54_buffer_stream_3,102400
StreamingLineBuffer_54_out0_stream_prepad_4,102400
StreamingLineBuffer_54_buffer_stream_4,102400
StreamingLineBuffer_54_out0_stream_prepad_3,99840
StreamingLineBuffer_54_buffer_stream_5,102400
StreamingLineBuffer_54_out0_stream_prepad_2,97344
StreamingLineBuffer_54_buffer_stream_6,102400
StreamingLineBuffer_54_out0_stream_prepad_1,99840
StreamingLineBuffer_54_buffer_stream_7,102400
StreamingLineBuffer_54_out0_stream_prepad_0,97344
StreamingLineBuffer_54_out0_stream_0,102400
StreamingLineBuffer_54_out0_stream_1,102400
StreamingLineBuffer_54_out0_stream_2,102400
StreamingLineBuffer_54_out0_stream_3,102400
StreamingLineBuffer_54_out0_stream_4,102400
StreamingLineBuffer_54_out0_stream_5,102400
StreamingLineBuffer_54_out0_stream_6,102400
StreamingLineBuffer_54_out0_stream_7,102400
StreamingLineBuffer_54_out0_stream_8,102400
StreamingConv_50_out0_stream_0,102400
StreamingSwish_47_out0_stream_0,102400
StreamingConcat_23_out0_stream_0,307200