latency,bram,latency_bram_product,design_name,optimizer_name
51757,398,20599286,Autoencoder__opt5,random_search
81801,336,27485136,Autoencoder__opt5,random_search
64882,360,23357520,Autoencoder__opt5,random_search
64131,386,24754566,Autoencoder__opt5,random_search
90865,330,29985450,Autoencoder__opt5,random_search
93890,324,30420360,Autoencoder__opt5,random_search
93831,328,30776568,Autoencoder__opt5,random_search
64948,352,22861696,Autoencoder__opt5,random_search
64847,364,23604308,Autoencoder__opt5,random_search
64686,368,23804448,Autoencoder__opt5,random_search
51725,430,22241750,Autoencoder__opt5,random_search
79296,340,26960640,Autoencoder__opt5,random_search
154139,312,48091368,Autoencoder__opt5,random_search
64917,354,22980618,Autoencoder__opt5,random_search
51712,446,23063552,Autoencoder__opt5,random_search
82030,334,27398020,Autoencoder__opt5,random_search
65099,344,22394056,Autoencoder__opt5,random_search
64558,378,24402924,Autoencoder__opt5,random_search
51756,404,20909424,Autoencoder__opt5,random_search
94044,318,29905992,Autoencoder__opt5,random_search
124189,8,993512,Autoencoder__opt5,group_random_search
63406,20,1268120,Autoencoder__opt5,group_random_search
49892,48,2394816,Autoencoder__opt5,group_random_search
50543,36,1819548,Autoencoder__opt5,group_random_search
40066,52,2083432,Autoencoder__opt5,group_random_search
40066,460,18430360,Autoencoder__opt5,heuristic
151714,240,36411360,DepthwiseSeparableConvBlock__opt5,random_search
134577,309,41584293,DepthwiseSeparableConvBlock__opt5,random_search
150669,307,46255383,DepthwiseSeparableConvBlock__opt5,random_search
150184,0,0,DepthwiseSeparableConvBlock__opt5,group_random_search
134540,56,7534240,DepthwiseSeparableConvBlock__opt5,group_random_search
134540,56,7534240,DepthwiseSeparableConvBlock__opt5,heuristic
150632,54,8134128,DepthwiseSeparableConvBlock__opt5,heuristic
66256,1058,70098848,FeedForward__opt5,random_search
108696,961,104456856,FeedForward__opt5,random_search
108695,1000,108695000,FeedForward__opt5,random_search
110487,932,102973884,FeedForward__opt5,random_search
68041,1048,71306968,FeedForward__opt5,random_search
107918,0,0,FeedForward__opt5,group_random_search
65994,64,4223616,FeedForward__opt5,group_random_search
65994,128,8447232,FeedForward__opt5,heuristic
67779,120,8133480,FeedForward__opt5,heuristic
65837,1090,71762330,ResMLP__opt5,random_search
54767,48,2628816,ResMLP__opt5,group_random_search
39775,112,4454800,ResMLP__opt5,group_random_search
39776,106,4216256,ResMLP__opt5,group_random_search
42701,64,2732864,ResMLP__opt5,group_random_search
62469,34,2123946,ResMLP__opt5,group_random_search
40458,72,2912976,ResMLP__opt5,group_random_search
39775,104,4136600,ResMLP__opt5,heuristic
2092532,262,548243384,ResidualBlock__opt5,random_search
2099011,191,400911101,ResidualBlock__opt5,random_search
2099015,113,237188695,ResidualBlock__opt5,random_search
2099012,128,268673536,ResidualBlock__opt5,random_search
2098981,0,0,ResidualBlock__opt5,group_random_search
2092529,56,117181624,ResidualBlock__opt5,group_random_search
2092529,56,117181624,ResidualBlock__opt5,heuristic
2098981,0,0,ResidualBlock__opt5,heuristic
2733,276,754308,atax__opt5,random_search
2712,336,911232,atax__opt5,random_search
4308,252,1085616,atax__opt5,random_search
4329,234,1012986,atax__opt5,random_search
3243,0,0,atax__opt5,group_random_search
2179,300,653700,atax__opt5,group_random_search
2179,600,1307400,atax__opt5,heuristic
2711,596,1615756,atax__opt5,heuristic
1111,4,4444,bicg__opt5,random_search
1111,0,0,bicg__opt5,group_random_search
1111,0,0,bicg__opt5,heuristic
24556,44,1080464,gemm__opt5,random_search
24049,0,0,gemm__opt5,group_random_search
24049,0,0,gemm__opt5,heuristic
686,8,5488,gesummv__opt5,random_search
693,6,4158,gesummv__opt5,random_search
673,0,0,gesummv__opt5,group_random_search
673,0,0,gesummv__opt5,heuristic
65025,70,4551750,k2mm__opt5,random_search
36376,124,4510624,k2mm__opt5,random_search
64313,78,5016414,k2mm__opt5,random_search
64117,0,0,k2mm__opt5,group_random_search
36350,40,1454000,k2mm__opt5,group_random_search
36350,40,1454000,k2mm__opt5,heuristic
63495,38,2412810,k2mm__opt5,heuristic
85500,141,12055500,k3mm__opt5,random_search
86588,91,7879508,k3mm__opt5,random_search
85241,142,12104222,k3mm__opt5,random_search
86329,98,8460242,k3mm__opt5,random_search
50348,100,5034800,k3mm__opt5,group_random_search
86090,0,0,k3mm__opt5,group_random_search
84833,60,5089980,k3mm__opt5,group_random_search
49091,160,7854560,k3mm__opt5,group_random_search
49091,136,6676376,k3mm__opt5,heuristic
50193,134,6725862,k3mm__opt5,heuristic
23811,70,1666770,k7mmseq_balanced__opt5,random_search
23886,66,1576476,k7mmseq_balanced__opt5,random_search
18258,122,2227476,k7mmseq_balanced__opt5,random_search
23736,82,1946352,k7mmseq_balanced__opt5,random_search
15982,132,2109624,k7mmseq_balanced__opt5,random_search
16047,128,2054016,k7mmseq_balanced__opt5,random_search
23661,96,2271456,k7mmseq_balanced__opt5,random_search
23586,110,2594460,k7mmseq_balanced__opt5,random_search
8682,160,1389120,k7mmseq_balanced__opt5,group_random_search
9081,128,1162368,k7mmseq_balanced__opt5,group_random_search
12479,64,798656,k7mmseq_balanced__opt5,group_random_search
15878,32,508096,k7mmseq_balanced__opt5,group_random_search
9480,96,910080,k7mmseq_balanced__opt5,group_random_search
23677,0,0,k7mmseq_balanced__opt5,group_random_search
5683,192,1091136,k7mmseq_balanced__opt5,group_random_search
5683,192,1091136,k7mmseq_balanced__opt5,heuristic
8623,190,1638370,k7mmseq_balanced__opt5,heuristic
26208,68,1782144,k7mmseq_unbalanced__opt5,random_search
23268,94,2187192,k7mmseq_unbalanced__opt5,random_search
23164,98,2270072,k7mmseq_unbalanced__opt5,random_search
26321,64,1684544,k7mmseq_unbalanced__opt5,random_search
23276,92,2141392,k7mmseq_unbalanced__opt5,random_search
23150,102,2361300,k7mmseq_unbalanced__opt5,random_search
23290,90,2096100,k7mmseq_unbalanced__opt5,random_search
26082,76,1982232,k7mmseq_unbalanced__opt5,random_search
23142,108,2499336,k7mmseq_unbalanced__opt5,random_search
23118,110,2542980,k7mmseq_unbalanced__opt5,random_search
26007,86,2236602,k7mmseq_unbalanced__opt5,random_search
26195,74,1938430,k7mmseq_unbalanced__opt5,random_search
21378,112,2394336,k7mmseq_unbalanced__opt5,random_search
10234,176,1801184,k7mmseq_unbalanced__opt5,group_random_search
19719,32,631008,k7mmseq_unbalanced__opt5,group_random_search
13636,96,1309056,k7mmseq_unbalanced__opt5,group_random_search
23214,16,371424,k7mmseq_unbalanced__opt5,group_random_search
15596,80,1247680,k7mmseq_unbalanced__opt5,group_random_search
26138,0,0,k7mmseq_unbalanced__opt5,group_random_search
12629,128,1616512,k7mmseq_unbalanced__opt5,group_random_search
13247,112,1483664,k7mmseq_unbalanced__opt5,group_random_search
16795,48,806160,k7mmseq_unbalanced__opt5,group_random_search
15985,64,1023040,k7mmseq_unbalanced__opt5,group_random_search
10433,144,1502352,k7mmseq_unbalanced__opt5,group_random_search
10035,208,2087280,k7mmseq_unbalanced__opt5,group_random_search
10035,208,2087280,k7mmseq_unbalanced__opt5,heuristic
10231,206,2107586,k7mmseq_unbalanced__opt5,heuristic
12230,110,1345300,k7mmtree_balanced__opt5,random_search
11849,120,1421880,k7mmtree_balanced__opt5,random_search
11541,32,369312,k7mmtree_balanced__opt5,group_random_search
8261,96,793056,k7mmtree_balanced__opt5,group_random_search
8514,64,544896,k7mmtree_balanced__opt5,group_random_search
8260,104,859040,k7mmtree_balanced__opt5,heuristic
11303,102,1152906,k7mmtree_balanced__opt5,heuristic
18235,94,1714090,k7mmtree_unbalanced__opt5,random_search
15359,104,1597336,k7mmtree_unbalanced__opt5,random_search
18343,84,1540812,k7mmtree_unbalanced__opt5,random_search
18487,80,1478960,k7mmtree_unbalanced__opt5,random_search
15251,112,1708112,k7mmtree_unbalanced__opt5,random_search
15232,114,1736448,k7mmtree_unbalanced__opt5,random_search
15123,122,1845006,k7mmtree_unbalanced__opt5,random_search
18238,88,1604944,k7mmtree_unbalanced__opt5,random_search
11285,64,722240,k7mmtree_unbalanced__opt5,group_random_search
15095,16,241520,k7mmtree_unbalanced__opt5,group_random_search
8749,144,1259856,k7mmtree_unbalanced__opt5,group_random_search
18124,0,0,k7mmtree_unbalanced__opt5,group_random_search
11083,80,886640,k7mmtree_unbalanced__opt5,group_random_search
8749,144,1259856,k7mmtree_unbalanced__opt5,heuristic
11000,142,1562000,k7mmtree_unbalanced__opt5,heuristic
992,218,216256,mvt__opt5,random_search
979,278,272162,mvt__opt5,random_search
666,0,0,mvt__opt5,group_random_search
666,0,0,mvt__opt5,heuristic
