NHWCToStream_0_out0_stream_0,204800
NHWCToStream_0_out0_stream_1,204800
NHWCToStream_1_out0_stream_0,663976
BandwidthAdjustDecreaseChannels_0_out0_stream_0,614400
BandwidthAdjustDecreaseChannels_0_out0_stream_1,614400
StreamingMemory_0_out0_stream_0,2457600
StreamingMemory_0_out1_stream_0,663544
StreamingLineBuffer_0_out0_stream_prepad_47,152163
StreamingLineBuffer_0_buffer_stream_0,614400
StreamingLineBuffer_0_out0_stream_prepad_46,152163
StreamingLineBuffer_0_buffer_stream_1,614400
StreamingMemory_1_out0_stream_0,819200
StreamingMemory_1_out1_stream_0,663536
StreamingLineBuffer_0_out0_stream_prepad_45,153120
StreamingLineBuffer_0_buffer_stream_2,614400
StreamingLineBuffer_0_out0_stream_prepad_44,153120
StreamingLineBuffer_0_buffer_stream_3,614400
StreamingMemory_2_out0_stream_0,3276800
StreamingMemory_2_out1_stream_0,662384
StreamingLineBuffer_0_out0_stream_prepad_43,153120
StreamingLineBuffer_0_buffer_stream_4,614400
StreamingLineBuffer_0_out0_stream_prepad_42,153120
StreamingLineBuffer_0_buffer_stream_5,614400
StreamingMemory_3_out0_stream_0,204800
StreamingMemory_3_out1_stream_0,662368
StreamingLineBuffer_0_out0_stream_prepad_41,152163
StreamingLineBuffer_0_buffer_stream_6,614400
StreamingLineBuffer_0_out0_stream_prepad_40,152163
StreamingLineBuffer_0_buffer_stream_7,614400
StreamingMemory_4_out0_stream_0,3276800
StreamingMemory_4_out1_stream_0,662240
StreamingLineBuffer_0_out0_stream_prepad_39,152163
StreamingLineBuffer_0_buffer_stream_8,614400
StreamingLineBuffer_0_out0_stream_prepad_38,152163
StreamingLineBuffer_0_buffer_stream_9,614400
StreamingMemory_5_out0_stream_0,204800
StreamingMemory_5_out1_stream_0,662232
StreamingLineBuffer_0_out0_stream_prepad_37,153120
StreamingLineBuffer_0_buffer_stream_10,614400
StreamingLineBuffer_0_out0_stream_prepad_36,153120
StreamingLineBuffer_0_buffer_stream_11,614400
StreamingMemory_6_out0_stream_0,3276800
StreamingMemory_6_out1_stream_0,662104
StreamingLineBuffer_0_out0_stream_prepad_35,153120
StreamingLineBuffer_0_buffer_stream_12,614400
StreamingLineBuffer_0_out0_stream_prepad_34,153120
StreamingLineBuffer_0_buffer_stream_13,614400
StreamingMemory_7_out0_stream_0,204800
StreamingMemory_7_out1_stream_0,662096
StreamingLineBuffer_0_out0_stream_prepad_33,152163
StreamingLineBuffer_0_buffer_stream_14,614400
StreamingLineBuffer_0_out0_stream_prepad_32,152163
StreamingLineBuffer_0_buffer_stream_15,614400
StreamingMemory_8_out0_stream_0,3276800
StreamingMemory_8_out1_stream_0,662032
StreamingLineBuffer_0_out0_stream_prepad_31,152640
StreamingLineBuffer_0_buffer_stream_16,614400
StreamingLineBuffer_0_out0_stream_prepad_30,152640
StreamingLineBuffer_0_buffer_stream_17,614400
StreamingMemory_9_out0_stream_0,204800
StreamingMemory_9_out1_stream_0,662024
StreamingLineBuffer_0_out0_stream_prepad_29,153600
StreamingLineBuffer_0_buffer_stream_18,614400
StreamingLineBuffer_0_out0_stream_prepad_28,153600
StreamingLineBuffer_0_buffer_stream_19,614400
StreamingMemory_10_out0_stream_0,3276800
StreamingMemory_10_out1_stream_0,661448
StreamingLineBuffer_0_out0_stream_prepad_27,153600
StreamingLineBuffer_0_buffer_stream_20,614400
StreamingLineBuffer_0_out0_stream_prepad_26,153600
StreamingLineBuffer_0_buffer_stream_21,614400
StreamingMemory_11_out0_stream_0,204800
StreamingMemory_11_out1_stream_0,661440
StreamingLineBuffer_0_out0_stream_prepad_25,152640
StreamingLineBuffer_0_buffer_stream_22,614400
StreamingLineBuffer_0_out0_stream_prepad_24,152640
StreamingLineBuffer_0_buffer_stream_23,614400
StreamingMemory_12_out0_stream_0,3276800
StreamingMemory_12_out1_stream_0,661184
StreamingLineBuffer_0_out0_stream_prepad_23,152640
StreamingLineBuffer_0_buffer_stream_24,614400
StreamingLineBuffer_0_out0_stream_prepad_22,152640
StreamingLineBuffer_0_buffer_stream_25,614400
StreamingMemory_13_out0_stream_0,102400
StreamingMemory_13_out1_stream_0,661168
StreamingLineBuffer_0_out0_stream_prepad_21,153600
StreamingLineBuffer_0_buffer_stream_26,614400
StreamingLineBuffer_0_out0_stream_prepad_20,153600
StreamingLineBuffer_0_buffer_stream_27,614400
StreamingMemory_14_out0_stream_0,3276800
StreamingMemory_14_out1_stream_0,656560
StreamingLineBuffer_0_out0_stream_prepad_19,153600
StreamingLineBuffer_0_buffer_stream_28,614400
StreamingLineBuffer_0_out0_stream_prepad_18,153600
StreamingLineBuffer_0_buffer_stream_29,614400
StreamingMemory_15_out0_stream_0,102400
StreamingMemory_15_out1_stream_0,656528
StreamingLineBuffer_0_out0_stream_prepad_17,152640
StreamingLineBuffer_0_buffer_stream_30,614400
StreamingLineBuffer_0_out0_stream_prepad_16,152640
StreamingLineBuffer_0_buffer_stream_31,614400
StreamingMemory_16_out0_stream_0,3276800
StreamingMemory_16_out1_stream_0,656016
StreamingLineBuffer_0_out0_stream_prepad_15,152163
StreamingLineBuffer_0_buffer_stream_32,614400
StreamingLineBuffer_0_out0_stream_prepad_14,152163
StreamingLineBuffer_0_buffer_stream_33,614400
StreamingMemory_17_out0_stream_0,102400
StreamingMemory_17_out1_stream_0,656000
StreamingLineBuffer_0_out0_stream_prepad_13,153120
StreamingLineBuffer_0_buffer_stream_34,614400
StreamingLineBuffer_0_out0_stream_prepad_12,153120
StreamingLineBuffer_0_buffer_stream_35,614400
StreamingMemory_18_out0_stream_0,3276800
StreamingMemory_18_out1_stream_0,655488
StreamingLineBuffer_0_out0_stream_prepad_11,153120
StreamingLineBuffer_0_buffer_stream_36,614400
StreamingLineBuffer_0_out0_stream_prepad_10,153120
StreamingLineBuffer_0_buffer_stream_37,614400
StreamingMemory_19_out0_stream_0,102400
StreamingMemory_19_out1_stream_0,655472
StreamingLineBuffer_0_out0_stream_prepad_9,152163
StreamingLineBuffer_0_buffer_stream_38,614400
StreamingLineBuffer_0_out0_stream_prepad_8,152163
StreamingLineBuffer_0_buffer_stream_39,614400
StreamingMemory_20_out0_stream_0,3276800
StreamingMemory_20_out1_stream_0,655216
StreamingLineBuffer_0_out0_stream_prepad_7,152163
StreamingLineBuffer_0_buffer_stream_40,614400
StreamingLineBuffer_0_out0_stream_prepad_6,152163
StreamingLineBuffer_0_buffer_stream_41,614400
StreamingMemory_21_out0_stream_0,102400
StreamingMemory_21_out1_stream_0,655200
StreamingLineBuffer_0_out0_stream_prepad_5,153120
StreamingLineBuffer_0_buffer_stream_42,614400
StreamingLineBuffer_0_out0_stream_prepad_4,153120
StreamingLineBuffer_0_buffer_stream_43,614400
StreamingMemory_22_out0_stream_0,3276800
StreamingMemory_22_out1_stream_0,652896
StreamingLineBuffer_0_out0_stream_prepad_3,153120
StreamingLineBuffer_0_buffer_stream_44,614400
StreamingLineBuffer_0_out0_stream_prepad_2,153120
StreamingLineBuffer_0_buffer_stream_45,614400
StreamingMemory_23_out0_stream_0,102400
StreamingMemory_23_out1_stream_0,652880
StreamingLineBuffer_0_out0_stream_prepad_1,152163
StreamingLineBuffer_0_out0_stream_prepad_0,152163
StreamingMemory_24_out0_stream_0,3276800
StreamingMemory_24_out1_stream_0,652624
StreamingLineBuffer_0_out0_stream_0,153600
StreamingMemory_25_out0_stream_0,102400
StreamingMemory_25_out1_stream_0,652608
StreamingConv_0_out0_stream_0,819200
StreamingConv_0_out0_stream_1,819200
StreamingMemory_26_out0_stream_0,3276800
StreamingMemory_26_out1_stream_0,650304
StreamingSwish_0_out0_stream_0,819200
StreamingSwish_0_out0_stream_1,819200
StreamingMemory_27_out0_stream_0,102400
StreamingMemory_27_out1_stream_0,650288
StreamingLineBuffer_1_out0_stream_prepad_14,204800
StreamingLineBuffer_1_buffer_stream_0,819200
StreamingLineBuffer_1_out0_stream_prepad_13,204800
StreamingLineBuffer_1_buffer_stream_1,819200
StreamingMemory_28_out0_stream_0,3276800
StreamingMemory_28_out1_stream_0,649264
StreamingLineBuffer_1_out0_stream_prepad_12,204800
StreamingLineBuffer_1_buffer_stream_2,819200
StreamingLineBuffer_1_out0_stream_prepad_11,204800
StreamingLineBuffer_1_buffer_stream_4,819200
StreamingMemory_29_out0_stream_0,51200
StreamingMemory_29_out1_stream_0,649232
StreamingLineBuffer_1_out0_stream_prepad_10,202240
StreamingLineBuffer_1_buffer_stream_3,819200
StreamingLineBuffer_1_out0_stream_prepad_8,204800
StreamingLineBuffer_1_buffer_stream_6,819200
StreamingMemory_30_out0_stream_0,3276800
StreamingMemory_30_out1_stream_0,630800
StreamingLineBuffer_1_out0_stream_prepad_9,204800
StreamingLineBuffer_1_buffer_stream_5,819200
StreamingLineBuffer_1_out0_stream_prepad_6,204800
StreamingLineBuffer_1_buffer_stream_9,819200
StreamingMemory_31_out0_stream_0,102400
StreamingMemory_31_out1_stream_0,630736
StreamingLineBuffer_1_out0_stream_prepad_7,204800
StreamingLineBuffer_1_buffer_stream_7,819200
StreamingLineBuffer_1_out0_stream_prepad_3,203520
StreamingLineBuffer_1_buffer_stream_11,819200
StreamingMemory_32_out0_stream_0,3276800
StreamingMemory_32_out1_stream_0,628688
StreamingLineBuffer_1_out0_stream_prepad_5,202240
StreamingLineBuffer_1_buffer_stream_8,819200
StreamingLineBuffer_1_out0_stream_prepad_1,203520
StreamingMemory_33_out0_stream_0,25600
StreamingMemory_33_out1_stream_0,628656
StreamingLineBuffer_1_out0_stream_prepad_4,203520
StreamingLineBuffer_1_buffer_stream_10,819200
StreamingMemory_34_out0_stream_0,3276800
StreamingMemory_34_out1_stream_0,626608
StreamingLineBuffer_1_out0_stream_prepad_2,203520
StreamingLineBuffer_1_buffer_stream_12,819200
StreamingMemory_35_out0_stream_0,51200
StreamingMemory_35_out1_stream_0,626576
StreamingLineBuffer_1_out0_stream_prepad_0,200976
StreamingMemory_36_out0_stream_0,3276800
StreamingMemory_36_out1_stream_0,625552
StreamingLineBuffer_1_out0_stream_0,204800
StreamingMemory_37_out0_stream_0,51200
StreamingMemory_37_out1_stream_0,625520
StreamingConv_1_out0_stream_0,204800
StreamingConv_1_out0_stream_1,204800
StreamingMemory_38_out0_stream_0,3276800
StreamingMemory_38_out1_stream_0,616304
StreamingSwish_1_out0_stream_0,204800
StreamingSwish_1_out0_stream_1,204800
StreamingMemory_39_out0_stream_0,51200
StreamingMemory_39_out1_stream_0,616272
TensorDuplicator_0_out0_stream_0,204800
TensorDuplicator_0_out0_stream_1,204800
TensorDuplicator_0_out1_stream_0,204800
TensorDuplicator_0_out1_stream_1,204800
StreamingMemory_40_out0_stream_0,3276800
StreamingMemory_40_out1_stream_0,615248
StreamingLineBuffer_2_out0_stream_prepad_1,204800
StreamingLineBuffer_2_out0_stream_prepad_0,204800
StreamingLineBuffer_3_out0_stream_prepad_1,204800
StreamingLineBuffer_3_out0_stream_prepad_0,204800
StreamingMemory_41_out0_stream_0,51200
StreamingMemory_41_out1_stream_0,615216
StreamingLineBuffer_2_out0_stream_0,204800
StreamingLineBuffer_3_out0_stream_0,204800
StreamingMemory_42_out0_stream_0,3276800
StreamingMemory_42_out1_stream_0,606000
StreamingConv_2_out0_stream_0,204800
StreamingConv_2_out0_stream_1,204800
StreamingConv_3_out0_stream_0,204800
StreamingConv_3_out0_stream_1,204800
StreamingMemory_43_out0_stream_0,51200
StreamingMemory_43_out1_stream_0,605968
StreamingSwish_2_out0_stream_0,204800
StreamingSwish_2_out0_stream_1,204800
StreamingSwish_3_out0_stream_0,204800
StreamingSwish_3_out0_stream_1,204800
StreamingMemory_44_out0_stream_0,3276800
StreamingMemory_44_out1_stream_0,604944
TensorDuplicator_1_out0_stream_0,204800
TensorDuplicator_1_out0_stream_1,204800
TensorDuplicator_1_out1_stream_0,204800
TensorDuplicator_1_out1_stream_1,204800
StreamingMemory_45_out0_stream_0,51200
StreamingMemory_45_out1_stream_0,604912
StreamingLineBuffer_4_out0_stream_prepad_1,204800
StreamingLineBuffer_4_out0_stream_prepad_0,204800
StreamingMemory_46_out0_stream_0,3276800
StreamingMemory_46_out1_stream_0,595696
StreamingLineBuffer_4_out0_stream_0,204800
StreamingMemory_47_out0_stream_0,51200
StreamingMemory_47_out1_stream_0,595664
StreamingConv_4_out0_stream_0,204800
StreamingConv_4_out0_stream_1,204800
StreamingMemory_48_out0_stream_0,3276800
StreamingMemory_48_out1_stream_0,591568
StreamingSwish_4_out0_stream_0,204800
StreamingSwish_4_out0_stream_1,204800
StreamingMemory_49_out0_stream_0,102400
StreamingMemory_49_out1_stream_0,591504
StreamingLineBuffer_5_out0_stream_prepad_11,200976
StreamingLineBuffer_5_buffer_stream_0,204800
StreamingLineBuffer_5_out0_stream_prepad_10,203520
StreamingLineBuffer_5_buffer_stream_1,204800
StreamingMemory_50_out0_stream_0,3276800
StreamingMemory_50_out1_stream_0,517776
StreamingLineBuffer_5_out0_stream_prepad_9,203520
StreamingLineBuffer_5_buffer_stream_2,204800
StreamingLineBuffer_5_out0_stream_prepad_8,200976
StreamingLineBuffer_5_buffer_stream_3,204800
StreamingMemory_51_out0_stream_0,25600
StreamingMemory_51_out1_stream_0,517648
StreamingLineBuffer_5_out0_stream_prepad_7,202240
StreamingLineBuffer_5_buffer_stream_4,204800
StreamingLineBuffer_5_out0_stream_prepad_6,204800
StreamingLineBuffer_5_buffer_stream_5,204800
StreamingMemory_52_out0_stream_0,3276800
StreamingMemory_52_out1_stream_0,509456
StreamingLineBuffer_5_out0_stream_prepad_5,204800
StreamingLineBuffer_5_buffer_stream_6,204800
StreamingLineBuffer_5_out0_stream_prepad_4,202240
StreamingLineBuffer_5_buffer_stream_7,204800
StreamingMemory_53_out0_stream_0,25600
StreamingMemory_53_out1_stream_0,509392
StreamingLineBuffer_5_out0_stream_prepad_3,200976
StreamingLineBuffer_5_buffer_stream_8,204800
StreamingLineBuffer_5_out0_stream_prepad_2,203520
StreamingLineBuffer_5_buffer_stream_9,204800
StreamingMemory_54_out0_stream_0,3276800
StreamingMemory_54_out1_stream_0,501200
StreamingLineBuffer_5_out0_stream_prepad_1,203520
StreamingLineBuffer_5_out0_stream_prepad_0,200976
StreamingMemory_55_out0_stream_0,25600
StreamingMemory_55_out1_stream_0,501136
StreamingLineBuffer_5_out0_stream_0,204800
StreamingMemory_56_out0_stream_0,3276800
StreamingMemory_56_out1_stream_0,497040
StreamingConv_5_out0_stream_0,204800
StreamingConv_5_out0_stream_1,204800
StreamingMemory_57_out0_stream_0,25600
StreamingMemory_57_out1_stream_0,496976
StreamingSwish_5_out0_stream_0,204800
StreamingSwish_5_out0_stream_1,204800
StreamingMemory_58_out0_stream_0,3276800
StreamingMemory_58_out1_stream_0,460112
StreamingAdd_0_out0_stream_0,204800
StreamingAdd_0_out0_stream_1,204800
StreamingMemory_59_out0_stream_0,25600
StreamingMemory_59_out1_stream_0,460048
StreamingConcat_0_out0_stream_0,409600
StreamingConcat_0_out0_stream_1,409600
StreamingMemory_60_out0_stream_0,3276800
StreamingMemory_60_out1_stream_0,443664
StreamingLineBuffer_6_out0_stream_prepad_1,409600
StreamingLineBuffer_6_out0_stream_prepad_0,409600
StreamingMemory_61_out0_stream_0,12800
StreamingMemory_61_out1_stream_0,443536
StreamingLineBuffer_6_out0_stream_0,409600
StreamingMemory_62_out0_stream_0,3276800
StreamingMemory_62_out1_stream_0,435344
StreamingConv_6_out0_stream_0,102400
StreamingConv_6_out0_stream_1,102400
StreamingMemory_63_out0_stream_0,25600
StreamingMemory_63_out1_stream_0,435280
StreamingSwish_6_out0_stream_0,102400
StreamingSwish_6_out0_stream_1,102400
StreamingMemory_64_out0_stream_0,3276800
StreamingMemory_64_out1_stream_0,402512
BandwidthAdjustDecreaseChannels_1_out0_stream_0,409600
BandwidthAdjustDecreaseChannels_1_out0_stream_1,409600
StreamingMemory_65_out0_stream_0,51200
StreamingMemory_65_out1_stream_0,402256
StreamingLineBuffer_7_out0_stream_prepad_14,102400
StreamingLineBuffer_7_buffer_stream_0,409600
StreamingLineBuffer_7_out0_stream_prepad_13,102400
StreamingLineBuffer_7_buffer_stream_1,409600
StreamingMemory_66_out0_stream_0,3276800
StreamingMemory_66_out1_stream_0,394064
StreamingLineBuffer_7_out0_stream_prepad_12,102400
StreamingLineBuffer_7_buffer_stream_2,409600
StreamingLineBuffer_7_out0_stream_prepad_11,102400
StreamingLineBuffer_7_buffer_stream_4,409600
StreamingMemory_67_out0_stream_0,25600
StreamingMemory_67_out1_stream_0,394000
StreamingLineBuffer_7_out0_stream_prepad_10,99840
StreamingLineBuffer_7_buffer_stream_3,409600
StreamingLineBuffer_7_out0_stream_prepad_8,102400
StreamingLineBuffer_7_buffer_stream_6,409600
StreamingMemory_68_out0_stream_0,3276800
StreamingMemory_68_out1_stream_0,389904
StreamingLineBuffer_7_out0_stream_prepad_9,102400
StreamingLineBuffer_7_buffer_stream_5,409600
StreamingLineBuffer_7_out0_stream_prepad_6,102400
StreamingLineBuffer_7_buffer_stream_9,409600
StreamingMemory_69_out0_stream_0,51200
StreamingMemory_69_out1_stream_0,389872
StreamingLineBuffer_7_out0_stream_prepad_7,102400
StreamingLineBuffer_7_buffer_stream_7,409600
StreamingLineBuffer_7_out0_stream_prepad_3,101120
StreamingLineBuffer_7_buffer_stream_11,409600
StreamingMemory_70_out0_stream_0,3276800
StreamingMemory_70_out1_stream_0,385776
StreamingLineBuffer_7_out0_stream_prepad_5,99840
StreamingLineBuffer_7_buffer_stream_8,409600
StreamingLineBuffer_7_out0_stream_prepad_1,101120
StreamingMemory_71_out0_stream_0,51200
StreamingMemory_71_out1_stream_0,385744
StreamingLineBuffer_7_out0_stream_prepad_4,101120
StreamingLineBuffer_7_buffer_stream_10,409600
StreamingMemory_72_out0_stream_0,3276800
StreamingMemory_72_out1_stream_0,384720
StreamingLineBuffer_7_out0_stream_prepad_2,101120
StreamingLineBuffer_7_buffer_stream_12,409600
StreamingMemory_73_out0_stream_0,51200
StreamingMemory_73_out1_stream_0,384688
StreamingLineBuffer_7_out0_stream_prepad_0,98592
StreamingMemory_74_out0_stream_0,3276800
StreamingMemory_74_out1_stream_0,375472
StreamingLineBuffer_7_out0_stream_0,102400
StreamingMemory_75_out0_stream_0,51200
StreamingMemory_75_out1_stream_0,375440
StreamingConv_7_out0_stream_0,102400
StreamingConv_7_out0_stream_1,102400
StreamingMemory_76_out0_stream_0,3276800
StreamingMemory_76_out1_stream_0,371344
StreamingSwish_7_out0_stream_0,102400
StreamingSwish_7_out0_stream_1,102400
StreamingMemory_77_out0_stream_0,25600
StreamingMemory_77_out1_stream_0,371280
TensorDuplicator_2_out0_stream_0,102400
TensorDuplicator_2_out0_stream_1,102400
TensorDuplicator_2_out1_stream_0,102400
TensorDuplicator_2_out1_stream_1,102400
StreamingMemory_78_out0_stream_0,3276800
StreamingMemory_78_out1_stream_0,369232
StreamingLineBuffer_8_out0_stream_prepad_1,102400
StreamingLineBuffer_8_out0_stream_prepad_0,102400
StreamingLineBuffer_9_out0_stream_prepad_1,102400
StreamingLineBuffer_9_out0_stream_prepad_0,102400
StreamingMemory_79_out0_stream_0,25600
StreamingMemory_79_out1_stream_0,369200
StreamingLineBuffer_8_out0_stream_0,102400
StreamingLineBuffer_9_out0_stream_0,102400
StreamingMemory_80_out0_stream_0,3276800
StreamingMemory_80_out1_stream_0,368176
StreamingConv_8_out0_stream_0,102400
StreamingConv_8_out0_stream_1,102400
StreamingConv_9_out0_stream_0,102400
StreamingConv_9_out0_stream_1,102400
StreamingMemory_81_out0_stream_0,102400
StreamingMemory_81_out1_stream_0,368160
StreamingSwish_8_out0_stream_0,102400
StreamingSwish_8_out0_stream_1,102400
StreamingSwish_9_out0_stream_0,102400
StreamingSwish_9_out0_stream_1,102400
StreamingMemory_82_out0_stream_0,3276800
StreamingMemory_82_out1_stream_0,367136
TensorDuplicator_3_out0_stream_0,102400
TensorDuplicator_3_out0_stream_1,102400
TensorDuplicator_3_out1_stream_0,102400
TensorDuplicator_3_out1_stream_1,102400
StreamingMemory_83_out0_stream_0,102400
StreamingMemory_83_out1_stream_0,367120
StreamingLineBuffer_10_out0_stream_prepad_1,102400
StreamingLineBuffer_10_out0_stream_prepad_0,102400
StreamingMemory_84_out0_stream_0,3276800
StreamingMemory_84_out1_stream_0,366864
StreamingLineBuffer_10_out0_stream_0,102400
StreamingMemory_85_out0_stream_0,102400
StreamingMemory_85_out1_stream_0,366848
StreamingConv_10_out0_stream_0,102400
StreamingConv_10_out0_stream_1,102400
StreamingMemory_86_out0_stream_0,3276800
StreamingMemory_86_out1_stream_0,364544
StreamingSwish_10_out0_stream_0,102400
StreamingSwish_10_out0_stream_1,102400
StreamingMemory_87_out0_stream_0,102400
StreamingMemory_87_out1_stream_0,364528
StreamingLineBuffer_11_out0_stream_prepad_11,98592
StreamingLineBuffer_11_buffer_stream_0,102400
StreamingLineBuffer_11_out0_stream_prepad_10,101120
StreamingLineBuffer_11_buffer_stream_1,102400
StreamingMemory_88_out0_stream_0,3276800
StreamingMemory_88_out1_stream_0,363504
StreamingLineBuffer_11_out0_stream_prepad_9,101120
StreamingLineBuffer_11_buffer_stream_2,102400
StreamingLineBuffer_11_out0_stream_prepad_8,98592
StreamingLineBuffer_11_buffer_stream_3,102400
StreamingMemory_89_out0_stream_0,204800
StreamingMemory_89_out1_stream_0,363472
StreamingLineBuffer_11_out0_stream_prepad_7,99840
StreamingLineBuffer_11_buffer_stream_4,102400
StreamingLineBuffer_11_out0_stream_prepad_6,102400
StreamingLineBuffer_11_buffer_stream_5,102400
StreamingMemory_90_out0_stream_0,3276800
StreamingMemory_90_out1_stream_0,351952
StreamingLineBuffer_11_out0_stream_prepad_5,102400
StreamingLineBuffer_11_buffer_stream_6,102400
StreamingLineBuffer_11_out0_stream_prepad_4,99840
StreamingLineBuffer_11_buffer_stream_7,102400
StreamingMemory_91_out0_stream_0,51200
StreamingMemory_91_out1_stream_0,351912
StreamingLineBuffer_11_out0_stream_prepad_3,98592
StreamingLineBuffer_11_buffer_stream_8,102400
StreamingLineBuffer_11_out0_stream_prepad_2,101120
StreamingLineBuffer_11_buffer_stream_9,102400
StreamingMemory_92_out0_stream_0,3276800
StreamingMemory_92_out1_stream_0,342696
StreamingLineBuffer_11_out0_stream_prepad_1,101120
StreamingLineBuffer_11_out0_stream_prepad_0,98592
StreamingMemory_93_out0_stream_0,51200
StreamingMemory_93_out1_stream_0,342664
StreamingLineBuffer_11_out0_stream_0,102400
StreamingMemory_94_out0_stream_0,3276800
StreamingMemory_94_out1_stream_0,333448
StreamingConv_11_out0_stream_0,102400
StreamingConv_11_out0_stream_1,102400
StreamingMemory_95_out0_stream_0,51200
StreamingMemory_95_out1_stream_0,333416
StreamingSwish_11_out0_stream_0,102400
StreamingSwish_11_out0_stream_1,102400
StreamingMemory_96_out0_stream_0,3276800
StreamingMemory_96_out1_stream_0,324200
StreamingAdd_1_out0_stream_0,102400
StreamingAdd_1_out0_stream_1,102400
StreamingMemory_97_out0_stream_0,204800
StreamingMemory_97_out1_stream_0,324168
TensorDuplicator_4_out0_stream_0,102400
TensorDuplicator_4_out0_stream_1,102400
TensorDuplicator_4_out1_stream_0,102400
TensorDuplicator_4_out1_stream_1,102400
StreamingMemory_98_out0_stream_0,2560000
StreamingMemory_98_out1_stream_0,309768
StreamingLineBuffer_12_out0_stream_prepad_1,102400
StreamingLineBuffer_12_out0_stream_prepad_0,102400
StreamingMemory_99_out0_stream_0,128000
StreamingMemory_99_out1_stream_0,309728
StreamingLineBuffer_12_out0_stream_0,102400
StreamingMemory_100_out0_stream_0,3276800
StreamingMemory_100_out1_stream_0,308704
StreamingConv_12_out0_stream_0,102400
StreamingConv_12_out0_stream_1,102400
StreamingMemory_101_out0_stream_0,51200
StreamingMemory_101_out1_stream_0,308672
StreamingSwish_12_out0_stream_0,102400
StreamingSwish_12_out0_stream_1,102400
StreamingMemory_102_out0_stream_0,3276800
StreamingMemory_102_out1_stream_0,306624
StreamingLineBuffer_13_out0_stream_prepad_11,98592
StreamingLineBuffer_13_buffer_stream_0,102400
StreamingLineBuffer_13_out0_stream_prepad_10,101120
StreamingLineBuffer_13_buffer_stream_1,102400
StreamingMemory_103_out0_stream_0,51200
StreamingMemory_103_out1_stream_0,306592
StreamingLineBuffer_13_out0_stream_prepad_9,101120
StreamingLineBuffer_13_buffer_stream_2,102400
StreamingLineBuffer_13_out0_stream_prepad_8,98592
StreamingLineBuffer_13_buffer_stream_3,102400
StreamingMemory_104_out0_stream_0,3276800
StreamingMemory_104_out1_stream_0,304544
StreamingLineBuffer_13_out0_stream_prepad_7,99840
StreamingLineBuffer_13_buffer_stream_4,102400
StreamingLineBuffer_13_out0_stream_prepad_6,102400
StreamingLineBuffer_13_buffer_stream_5,102400
StreamingMemory_105_out0_stream_0,51200
StreamingMemory_105_out1_stream_0,304512
StreamingLineBuffer_13_out0_stream_prepad_5,102400
StreamingLineBuffer_13_buffer_stream_6,102400
StreamingLineBuffer_13_out0_stream_prepad_4,99840
StreamingLineBuffer_13_buffer_stream_7,102400
StreamingMemory_106_out0_stream_0,2560000
StreamingMemory_106_out1_stream_0,302912
StreamingLineBuffer_13_out0_stream_prepad_3,98592
StreamingLineBuffer_13_buffer_stream_8,102400
StreamingLineBuffer_13_out0_stream_prepad_2,101120
StreamingLineBuffer_13_buffer_stream_9,102400
StreamingMemory_107_out0_stream_0,64000
StreamingMemory_107_out1_stream_0,302832
StreamingLineBuffer_13_out0_stream_prepad_1,101120
StreamingLineBuffer_13_out0_stream_prepad_0,98592
StreamingMemory_108_out0_stream_0,3276800
StreamingMemory_108_out1_stream_0,301808
StreamingLineBuffer_13_out0_stream_0,102400
StreamingMemory_109_out0_stream_0,51200
StreamingMemory_109_out1_stream_0,301776
StreamingConv_13_out0_stream_0,102400
StreamingConv_13_out0_stream_1,102400
StreamingMemory_110_out0_stream_0,3276800
StreamingMemory_110_out1_stream_0,292560
StreamingSwish_13_out0_stream_0,102400
StreamingSwish_13_out0_stream_1,102400
StreamingMemory_111_out0_stream_0,51200
StreamingMemory_111_out1_stream_0,292528
StreamingAdd_2_out0_stream_0,102400
StreamingAdd_2_out0_stream_1,102400
StreamingMemory_112_out0_stream_0,3276800
StreamingMemory_112_out1_stream_0,288432
StreamingConcat_1_out0_stream_0,204800
StreamingConcat_1_out0_stream_1,204800
StreamingMemory_113_out0_stream_0,51200
StreamingMemory_113_out1_stream_0,288368
StreamingLineBuffer_14_out0_stream_prepad_1,204800
StreamingLineBuffer_14_out0_stream_prepad_0,204800
StreamingMemory_114_out0_stream_0,2048000
StreamingMemory_114_out1_stream_0,265328
StreamingLineBuffer_14_out0_stream_0,204800
StreamingMemory_115_out0_stream_0,32000
StreamingMemory_115_out1_stream_0,265288
StreamingConv_14_out0_stream_0,51200
StreamingConv_14_out0_stream_1,51200
StreamingMemory_116_out0_stream_0,3276800
StreamingMemory_116_out1_stream_0,246856
StreamingSwish_14_out0_stream_0,51200
StreamingSwish_14_out0_stream_1,51200
StreamingMemory_117_out0_stream_0,51200
StreamingMemory_117_out1_stream_0,246824
TensorDuplicator_5_out0_stream_0,51200
TensorDuplicator_5_out0_stream_1,51200
TensorDuplicator_5_out1_stream_0,51200
TensorDuplicator_5_out1_stream_1,51200
StreamingMemory_118_out0_stream_0,3276800
StreamingMemory_118_out1_stream_0,209960
BandwidthAdjustDecreaseChannels_2_out0_stream_0,102400
BandwidthAdjustDecreaseChannels_2_out0_stream_1,102400
StreamingMemory_119_out0_stream_0,25600
StreamingMemory_119_out1_stream_0,209896
StreamingLineBuffer_15_out0_stream_prepad_14,25600
StreamingLineBuffer_15_buffer_stream_0,102400
StreamingLineBuffer_15_out0_stream_prepad_13,25600
StreamingLineBuffer_15_buffer_stream_1,102400
StreamingMemory_120_out0_stream_0,2560000
StreamingMemory_120_out1_stream_0,195496
StreamingLineBuffer_15_out0_stream_prepad_12,25600
StreamingLineBuffer_15_buffer_stream_2,102400
StreamingLineBuffer_15_out0_stream_prepad_11,25600
StreamingLineBuffer_15_buffer_stream_4,102400
StreamingMemory_121_out0_stream_0,64000
StreamingMemory_121_out1_stream_0,195456
StreamingLineBuffer_15_out0_stream_prepad_10,24320
StreamingLineBuffer_15_buffer_stream_3,102400
StreamingLineBuffer_15_out0_stream_prepad_8,25600
StreamingLineBuffer_15_buffer_stream_6,102400
StreamingMemory_122_out0_stream_0,3276800
StreamingMemory_122_out1_stream_0,186240
StreamingLineBuffer_15_out0_stream_prepad_9,25600
StreamingLineBuffer_15_buffer_stream_5,102400
StreamingLineBuffer_15_out0_stream_prepad_6,25600
StreamingLineBuffer_15_buffer_stream_9,102400
StreamingMemory_123_out0_stream_0,51200
StreamingMemory_123_out1_stream_0,186208
StreamingLineBuffer_15_out0_stream_prepad_7,25600
StreamingLineBuffer_15_buffer_stream_7,102400
StreamingLineBuffer_15_out0_stream_prepad_3,24960
StreamingLineBuffer_15_buffer_stream_11,102400
StreamingMemory_124_out0_stream_0,2560000
StreamingMemory_124_out1_stream_0,184608
StreamingLineBuffer_15_out0_stream_prepad_5,24320
StreamingLineBuffer_15_buffer_stream_8,102400
StreamingLineBuffer_15_out0_stream_prepad_1,24960
StreamingMemory_125_out0_stream_0,32000
StreamingMemory_125_out1_stream_0,184568
StreamingLineBuffer_15_out0_stream_prepad_4,24960
StreamingLineBuffer_15_buffer_stream_10,102400
StreamingMemory_126_out0_stream_0,3276800
StreamingMemory_126_out1_stream_0,183544
StreamingLineBuffer_15_out0_stream_prepad_2,24960
StreamingLineBuffer_15_buffer_stream_12,102400
StreamingMemory_127_out0_stream_0,51200
StreamingMemory_127_out1_stream_0,183512
StreamingLineBuffer_15_out0_stream_prepad_0,23712
StreamingMemory_128_out0_stream_0,3276800
StreamingMemory_128_out1_stream_0,175320
StreamingLineBuffer_15_out0_stream_0,25600
StreamingMemory_129_out0_stream_0,25600
StreamingMemory_129_out1_stream_0,175256
StreamingConv_15_out0_stream_0,102400
StreamingConv_15_out0_stream_1,102400
StreamingMemory_130_out0_stream_0,3276800
StreamingMemory_130_out1_stream_0,167064
StreamingSwish_15_out0_stream_0,102400
StreamingSwish_15_out0_stream_1,102400
StreamingMemory_131_out0_stream_0,25600
StreamingMemory_131_out1_stream_0,167000
TensorDuplicator_6_out0_stream_0,102400
TensorDuplicator_6_out0_stream_1,102400
TensorDuplicator_6_out1_stream_0,102400
TensorDuplicator_6_out1_stream_1,102400
StreamingMemory_132_out0_stream_0,3276800
StreamingMemory_132_out1_stream_0,162904
BandwidthAdjustIncreaseChannels_0_out0_stream_0,51200
BandwidthAdjustIncreaseChannels_0_out0_stream_1,51200
StreamingLineBuffer_16_out0_stream_prepad_1,102400
StreamingLineBuffer_16_out0_stream_prepad_0,102400
StreamingMemory_133_out0_stream_0,25600
StreamingMemory_133_out1_stream_0,162840
StreamingLineBuffer_16_out0_stream_0,102400
StreamingLineBuffer_17_out0_stream_prepad_1,51200
StreamingLineBuffer_17_out0_stream_prepad_0,51200
StreamingMemory_134_out0_stream_0,3276800
StreamingMemory_134_out1_stream_0,125976
StreamingConv_16_out0_stream_0,25600
StreamingConv_16_out0_stream_1,25600
StreamingLineBuffer_17_out0_stream_0,51200
StreamingMemory_135_out0_stream_0,25600
StreamingMemory_135_out1_stream_0,125912
StreamingConv_17_out0_stream_0,51200
StreamingConv_17_out0_stream_1,51200
StreamingSwish_16_out0_stream_0,25600
StreamingSwish_16_out0_stream_1,25600
StreamingMemory_136_out0_stream_0,3276800
StreamingMemory_136_out1_stream_0,109528
StreamingSwish_17_out0_stream_0,51200
StreamingSwish_17_out0_stream_1,51200
BandwidthAdjustDecreaseChannels_3_out0_stream_0,51200
BandwidthAdjustDecreaseChannels_3_out0_stream_1,51200
StreamingMemory_137_out0_stream_0,51200
StreamingMemory_137_out1_stream_0,109400
TensorDuplicator_7_out0_stream_0,51200
TensorDuplicator_7_out0_stream_1,51200
TensorDuplicator_7_out1_stream_0,51200
TensorDuplicator_7_out1_stream_1,51200
StreamingMemory_138_out0_stream_0,3276800
StreamingMemory_138_out1_stream_0,72536
StreamingLineBuffer_18_out0_stream_prepad_1,51200
StreamingLineBuffer_18_out0_stream_prepad_0,51200
StreamingMemory_139_out0_stream_0,12800
StreamingMemory_139_out1_stream_0,72504
StreamingLineBuffer_18_out0_stream_0,51200
StreamingMemory_140_out0_stream_0,2048000
StreamingMemory_140_out1_stream_0,26424
StreamingConv_18_out0_stream_0,51200
StreamingConv_18_out0_stream_1,51200
StreamingMemory_141_out0_stream_0,16000
StreamingMemory_141_out1_stream_0,26384
StreamingSwish_18_out0_stream_0,51200
StreamingSwish_18_out0_stream_1,51200
StreamingMemory_142_out0_stream_0,819200
StreamingMemory_142_out1_stream_0,17168
StreamingLineBuffer_19_out0_stream_prepad_11,47424
StreamingLineBuffer_19_buffer_stream_0,51200
StreamingLineBuffer_19_out0_stream_prepad_10,49920
StreamingLineBuffer_19_buffer_stream_1,51200
StreamingMemory_143_out0_stream_0,12800
StreamingMemory_143_out1_stream_0,17136
StreamingLineBuffer_19_out0_stream_prepad_9,49920
StreamingLineBuffer_19_buffer_stream_2,51200
StreamingLineBuffer_19_out0_stream_prepad_8,47424
StreamingLineBuffer_19_buffer_stream_3,51200
StreamingMemory_144_out0_stream_0,2560000
StreamingMemory_144_out1_stream_0,2736
StreamingLineBuffer_19_out0_stream_prepad_7,48640
StreamingLineBuffer_19_buffer_stream_4,51200
StreamingLineBuffer_19_out0_stream_prepad_6,51200
StreamingLineBuffer_19_buffer_stream_5,51200
StreamingMemory_145_out0_stream_0,32000
StreamingMemory_145_out1_stream_0,2696
StreamingLineBuffer_19_out0_stream_prepad_5,51200
StreamingLineBuffer_19_buffer_stream_6,51200
StreamingLineBuffer_19_out0_stream_prepad_4,48640
StreamingLineBuffer_19_buffer_stream_7,51200
StreamingMemory_146_out0_stream_0,1638400
StreamingMemory_146_out1_stream_0,1672
StreamingLineBuffer_19_out0_stream_prepad_3,47424
StreamingLineBuffer_19_buffer_stream_8,51200
StreamingLineBuffer_19_out0_stream_prepad_2,49920
StreamingLineBuffer_19_buffer_stream_9,51200
StreamingMemory_147_out0_stream_0,25600
StreamingMemory_147_out1_stream_0,1640
StreamingLineBuffer_19_out0_stream_prepad_1,49920
StreamingLineBuffer_19_out0_stream_prepad_0,47424
StreamingMemory_148_out0_stream_0,2560000
StreamingMemory_148_out1_stream_0,40
StreamingLineBuffer_19_out0_stream_0,51200
StreamingMemory_149_out0_stream_0,32000
StreamingConv_19_out0_stream_0,51200
StreamingConv_19_out0_stream_1,51200
StreamingSwish_19_out0_stream_0,51200
StreamingSwish_19_out0_stream_1,51200
StreamingAdd_3_out0_stream_0,51200
StreamingAdd_3_out0_stream_1,51200
TensorDuplicator_8_out0_stream_0,51200
TensorDuplicator_8_out0_stream_1,51200
TensorDuplicator_8_out1_stream_0,51200
TensorDuplicator_8_out1_stream_1,51200
StreamingLineBuffer_20_out0_stream_prepad_1,51200
StreamingLineBuffer_20_out0_stream_prepad_0,51200
StreamingLineBuffer_20_out0_stream_0,51200
StreamingConv_20_out0_stream_0,51200
StreamingConv_20_out0_stream_1,51200
StreamingSwish_20_out0_stream_0,51200
StreamingSwish_20_out0_stream_1,51200
StreamingLineBuffer_21_out0_stream_prepad_11,47424
StreamingLineBuffer_21_buffer_stream_0,51200
StreamingLineBuffer_21_out0_stream_prepad_10,49920
StreamingLineBuffer_21_buffer_stream_1,51200
StreamingLineBuffer_21_out0_stream_prepad_9,49920
StreamingLineBuffer_21_buffer_stream_2,51200
StreamingLineBuffer_21_out0_stream_prepad_8,47424
StreamingLineBuffer_21_buffer_stream_3,51200
StreamingLineBuffer_21_out0_stream_prepad_7,48640
StreamingLineBuffer_21_buffer_stream_4,51200
StreamingLineBuffer_21_out0_stream_prepad_6,51200
StreamingLineBuffer_21_buffer_stream_5,51200
StreamingLineBuffer_21_out0_stream_prepad_5,51200
StreamingLineBuffer_21_buffer_stream_6,51200
StreamingLineBuffer_21_out0_stream_prepad_4,48640
StreamingLineBuffer_21_buffer_stream_7,51200
StreamingLineBuffer_21_out0_stream_prepad_3,47424
StreamingLineBuffer_21_buffer_stream_8,51200
StreamingLineBuffer_21_out0_stream_prepad_2,49920
StreamingLineBuffer_21_buffer_stream_9,51200
StreamingLineBuffer_21_out0_stream_prepad_1,49920
StreamingLineBuffer_21_out0_stream_prepad_0,47424
StreamingLineBuffer_21_out0_stream_0,51200
StreamingConv_21_out0_stream_0,51200
StreamingConv_21_out0_stream_1,51200
StreamingSwish_21_out0_stream_0,51200
StreamingSwish_21_out0_stream_1,51200
StreamingAdd_4_out0_stream_0,51200
StreamingAdd_4_out0_stream_1,51200
TensorDuplicator_9_out0_stream_0,51200
TensorDuplicator_9_out0_stream_1,51200
TensorDuplicator_9_out1_stream_0,51200
TensorDuplicator_9_out1_stream_1,51200
StreamingLineBuffer_22_out0_stream_prepad_1,51200
StreamingLineBuffer_22_out0_stream_prepad_0,51200
StreamingLineBuffer_22_out0_stream_0,51200
StreamingConv_22_out0_stream_0,51200
StreamingConv_22_out0_stream_1,51200
StreamingSwish_22_out0_stream_0,51200
StreamingSwish_22_out0_stream_1,51200
StreamingLineBuffer_23_out0_stream_prepad_11,47424
StreamingLineBuffer_23_buffer_stream_0,51200
StreamingLineBuffer_23_out0_stream_prepad_10,49920
StreamingLineBuffer_23_buffer_stream_1,51200
StreamingLineBuffer_23_out0_stream_prepad_9,49920
StreamingLineBuffer_23_buffer_stream_2,51200
StreamingLineBuffer_23_out0_stream_prepad_8,47424
StreamingLineBuffer_23_buffer_stream_3,51200
StreamingLineBuffer_23_out0_stream_prepad_7,48640
StreamingLineBuffer_23_buffer_stream_4,51200
StreamingLineBuffer_23_out0_stream_prepad_6,51200
StreamingLineBuffer_23_buffer_stream_5,51200
StreamingLineBuffer_23_out0_stream_prepad_5,51200
StreamingLineBuffer_23_buffer_stream_6,51200
StreamingLineBuffer_23_out0_stream_prepad_4,48640
StreamingLineBuffer_23_buffer_stream_7,51200
StreamingLineBuffer_23_out0_stream_prepad_3,47424
StreamingLineBuffer_23_buffer_stream_8,51200
StreamingLineBuffer_23_out0_stream_prepad_2,49920
StreamingLineBuffer_23_buffer_stream_9,51200
StreamingLineBuffer_23_out0_stream_prepad_1,49920
StreamingLineBuffer_23_out0_stream_prepad_0,47424
StreamingLineBuffer_23_out0_stream_0,51200
StreamingConv_23_out0_stream_0,51200
StreamingConv_23_out0_stream_1,51200
StreamingSwish_23_out0_stream_0,51200
StreamingSwish_23_out0_stream_1,51200
StreamingAdd_5_out0_stream_0,51200
StreamingAdd_5_out0_stream_1,51200
StreamingConcat_2_out0_stream_0,102400
StreamingConcat_2_out0_stream_1,102400
BandwidthAdjustIncreaseChannels_1_out0_stream_0,25600
BandwidthAdjustIncreaseChannels_1_out0_stream_1,25600
StreamingLineBuffer_24_out0_stream_prepad_1,25600
StreamingLineBuffer_24_out0_stream_prepad_0,25600
StreamingLineBuffer_24_out0_stream_0,25600
StreamingConv_24_out0_stream_0,102400
StreamingConv_24_out0_stream_1,102400
StreamingSwish_24_out0_stream_0,102400
StreamingSwish_24_out0_stream_1,102400
TensorDuplicator_10_out0_stream_0,102400
TensorDuplicator_10_out0_stream_1,102400
TensorDuplicator_10_out1_stream_0,102400
TensorDuplicator_10_out1_stream_1,102400
BandwidthAdjustIncreaseChannels_2_out0_stream_0,25600
BandwidthAdjustIncreaseChannels_2_out0_stream_1,25600
StreamingLineBuffer_25_out0_stream_prepad_14,25600
StreamingLineBuffer_25_buffer_stream_0,102400
StreamingLineBuffer_25_out0_stream_prepad_13,25600
StreamingLineBuffer_25_buffer_stream_1,102400
StreamingLineBuffer_25_out0_stream_prepad_12,25600
StreamingLineBuffer_25_buffer_stream_2,102400
StreamingLineBuffer_25_out0_stream_prepad_11,25600
StreamingLineBuffer_25_buffer_stream_4,102400
StreamingLineBuffer_25_out0_stream_prepad_10,23040
StreamingLineBuffer_25_buffer_stream_3,102400
StreamingLineBuffer_25_out0_stream_prepad_8,25600
StreamingLineBuffer_25_buffer_stream_6,102400
StreamingLineBuffer_25_out0_stream_prepad_9,25600
StreamingLineBuffer_25_buffer_stream_5,102400
StreamingLineBuffer_25_out0_stream_prepad_6,25600
StreamingLineBuffer_25_buffer_stream_9,102400
StreamingLineBuffer_25_out0_stream_prepad_7,25600
StreamingLineBuffer_25_buffer_stream_7,102400
StreamingLineBuffer_25_out0_stream_prepad_3,24320
StreamingLineBuffer_25_buffer_stream_11,102400
StreamingLineBuffer_25_out0_stream_prepad_5,23040
StreamingLineBuffer_25_buffer_stream_8,102400
StreamingLineBuffer_25_out0_stream_prepad_1,24320
StreamingLineBuffer_25_out0_stream_prepad_4,24320
StreamingLineBuffer_25_buffer_stream_10,102400
StreamingLineBuffer_25_out0_stream_prepad_2,24320
StreamingLineBuffer_25_buffer_stream_12,102400
StreamingLineBuffer_25_out0_stream_prepad_0,21888
StreamingLineBuffer_25_out0_stream_0,25600
StreamingConv_25_out0_stream_0,25600
StreamingConv_25_out0_stream_1,25600
StreamingSwish_25_out0_stream_0,25600
StreamingSwish_25_out0_stream_1,25600
TensorDuplicator_11_out0_stream_0,25600
TensorDuplicator_11_out0_stream_1,25600
TensorDuplicator_11_out1_stream_0,25600
TensorDuplicator_11_out1_stream_1,25600
StreamingLineBuffer_26_out0_stream_prepad_1,25600
StreamingLineBuffer_26_out0_stream_prepad_0,25600
StreamingLineBuffer_27_out0_stream_prepad_1,25600
StreamingLineBuffer_27_out0_stream_prepad_0,25600
StreamingLineBuffer_26_out0_stream_0,25600
StreamingLineBuffer_27_out0_stream_0,25600
StreamingConv_26_out0_stream_0,25600
StreamingConv_26_out0_stream_1,25600
StreamingConv_27_out0_stream_0,25600
StreamingConv_27_out0_stream_1,25600
StreamingSwish_26_out0_stream_0,25600
StreamingSwish_26_out0_stream_1,25600
StreamingSwish_27_out0_stream_0,25600
StreamingSwish_27_out0_stream_1,25600
TensorDuplicator_12_out0_stream_0,25600
TensorDuplicator_12_out0_stream_1,25600
TensorDuplicator_12_out1_stream_0,25600
TensorDuplicator_12_out1_stream_1,25600
StreamingLineBuffer_28_out0_stream_prepad_1,25600
StreamingLineBuffer_28_out0_stream_prepad_0,25600
StreamingLineBuffer_28_out0_stream_0,25600
StreamingConv_28_out0_stream_0,25600
StreamingConv_28_out0_stream_1,25600
StreamingSwish_28_out0_stream_0,25600
StreamingSwish_28_out0_stream_1,25600
StreamingLineBuffer_29_out0_stream_prepad_11,21888
StreamingLineBuffer_29_buffer_stream_0,25600
StreamingLineBuffer_29_out0_stream_prepad_10,24320
StreamingLineBuffer_29_buffer_stream_1,25600
StreamingLineBuffer_29_out0_stream_prepad_9,24320
StreamingLineBuffer_29_buffer_stream_2,25600
StreamingLineBuffer_29_out0_stream_prepad_8,21888
StreamingLineBuffer_29_buffer_stream_3,25600
StreamingLineBuffer_29_out0_stream_prepad_7,23040
StreamingLineBuffer_29_buffer_stream_4,25600
StreamingLineBuffer_29_out0_stream_prepad_6,25600
StreamingLineBuffer_29_buffer_stream_5,25600
StreamingLineBuffer_29_out0_stream_prepad_5,25600
StreamingLineBuffer_29_buffer_stream_6,25600
StreamingLineBuffer_29_out0_stream_prepad_4,23040
StreamingLineBuffer_29_buffer_stream_7,25600
StreamingLineBuffer_29_out0_stream_prepad_3,21888
StreamingLineBuffer_29_buffer_stream_8,25600
StreamingLineBuffer_29_out0_stream_prepad_2,24320
StreamingLineBuffer_29_buffer_stream_9,25600
StreamingLineBuffer_29_out0_stream_prepad_1,24320
StreamingLineBuffer_29_out0_stream_prepad_0,21888
StreamingLineBuffer_29_out0_stream_0,25600
StreamingConv_29_out0_stream_0,25600
StreamingConv_29_out0_stream_1,25600
StreamingSwish_29_out0_stream_0,25600
StreamingSwish_29_out0_stream_1,25600
StreamingAdd_6_out0_stream_0,25600
StreamingAdd_6_out0_stream_1,25600
StreamingConcat_3_out0_stream_0,51200
StreamingConcat_3_out0_stream_1,51200
StreamingLineBuffer_30_out0_stream_prepad_1,51200
StreamingLineBuffer_30_out0_stream_prepad_0,51200
StreamingLineBuffer_30_out0_stream_0,51200
StreamingConv_30_out0_stream_0,12800
StreamingConv_30_out0_stream_1,12800
StreamingSwish_30_out0_stream_0,12800
StreamingSwish_30_out0_stream_1,12800
BandwidthAdjustDecreaseChannels_4_out0_stream_0,25600
BandwidthAdjustDecreaseChannels_4_out0_stream_1,25600
StreamingLineBuffer_31_out0_stream_prepad_1,25600
StreamingLineBuffer_31_out0_stream_prepad_0,25600
StreamingLineBuffer_31_out0_stream_0,25600
StreamingConv_31_out0_stream_0,25600
StreamingConv_31_out0_stream_1,25600
StreamingSwish_31_out0_stream_0,25600
StreamingSwish_31_out0_stream_1,25600
TensorDuplicator_13_out0_stream_0,25600
TensorDuplicator_13_out0_stream_1,25600
TensorDuplicator_13_out1_stream_0,25600
TensorDuplicator_13_out1_stream_1,25600
BandwidthAdjustDecreaseStreams_0_out0_stream_0,51200
BandwidthAdjustDecreaseStreams_1_out0_stream_0,51200
StreamingLineBuffer_32_out0_stream_prepad_24,41472
StreamingLineBuffer_32_buffer_stream_0,51200
StreamingLineBuffer_32_out0_stream_prepad_23,43776
StreamingLineBuffer_32_buffer_stream_1,51200
StreamingLineBuffer_32_out0_stream_prepad_22,46080
StreamingLineBuffer_32_buffer_stream_2,51200
StreamingLineBuffer_32_out0_stream_prepad_21,43776
StreamingLineBuffer_32_buffer_stream_3,51200
StreamingLineBuffer_32_out0_stream_prepad_20,41472
StreamingLineBuffer_32_buffer_stream_4,51200
StreamingLineBuffer_32_out0_stream_prepad_19,43776
StreamingLineBuffer_32_buffer_stream_5,51200
StreamingLineBuffer_32_out0_stream_prepad_18,46208
StreamingLineBuffer_32_buffer_stream_6,51200
StreamingLineBuffer_32_out0_stream_prepad_17,48640
StreamingLineBuffer_32_buffer_stream_7,51200
StreamingLineBuffer_32_out0_stream_prepad_16,46208
StreamingLineBuffer_32_buffer_stream_8,51200
StreamingLineBuffer_32_out0_stream_prepad_15,43776
StreamingLineBuffer_32_buffer_stream_9,51200
StreamingLineBuffer_32_out0_stream_prepad_14,46080
StreamingLineBuffer_32_buffer_stream_10,51200
StreamingLineBuffer_32_out0_stream_prepad_13,48640
StreamingLineBuffer_32_buffer_stream_11,51200
StreamingLineBuffer_32_out0_stream_prepad_12,51200
StreamingLineBuffer_32_buffer_stream_12,51200
StreamingLineBuffer_32_out0_stream_prepad_11,48640
StreamingLineBuffer_32_buffer_stream_13,51200
StreamingLineBuffer_32_out0_stream_prepad_10,46080
StreamingLineBuffer_32_buffer_stream_14,51200
StreamingLineBuffer_32_out0_stream_prepad_9,43776
StreamingLineBuffer_32_buffer_stream_15,51200
StreamingLineBuffer_32_out0_stream_prepad_8,46208
StreamingLineBuffer_32_buffer_stream_16,51200
StreamingLineBuffer_32_out0_stream_prepad_7,48640
StreamingLineBuffer_32_buffer_stream_17,51200
StreamingLineBuffer_32_out0_stream_prepad_6,46208
StreamingLineBuffer_32_buffer_stream_18,51200
StreamingLineBuffer_32_out0_stream_prepad_5,43776
StreamingLineBuffer_32_buffer_stream_19,51200
StreamingLineBuffer_32_out0_stream_prepad_4,41472
StreamingLineBuffer_32_buffer_stream_20,51200
StreamingLineBuffer_32_out0_stream_prepad_3,43776
StreamingLineBuffer_32_buffer_stream_21,51200
StreamingLineBuffer_32_out0_stream_prepad_2,46080
StreamingLineBuffer_32_buffer_stream_22,51200
StreamingLineBuffer_32_out0_stream_prepad_1,43776
StreamingLineBuffer_32_buffer_stream_23,51200
StreamingLineBuffer_32_out0_stream_prepad_0,41472
StreamingLineBuffer_32_out0_stream_0,51200
StreamingMaxPool_0_out0_stream_0,51200
TensorDuplicator_14_out0_stream_0,51200
TensorDuplicator_14_out1_stream_0,51200
StreamingConcat_4_out0_stream_0,102400
StreamingLineBuffer_33_out0_stream_prepad_24,41472
StreamingLineBuffer_33_buffer_stream_0,51200
StreamingLineBuffer_33_out0_stream_prepad_23,43776
StreamingLineBuffer_33_buffer_stream_1,51200
StreamingLineBuffer_33_out0_stream_prepad_22,46080
StreamingLineBuffer_33_buffer_stream_2,51200
StreamingLineBuffer_33_out0_stream_prepad_21,43776
StreamingLineBuffer_33_buffer_stream_3,51200
StreamingLineBuffer_33_out0_stream_prepad_20,41472
StreamingLineBuffer_33_buffer_stream_4,51200
StreamingLineBuffer_33_out0_stream_prepad_19,43776
StreamingLineBuffer_33_buffer_stream_5,51200
StreamingLineBuffer_33_out0_stream_prepad_18,46208
StreamingLineBuffer_33_buffer_stream_6,51200
StreamingLineBuffer_33_out0_stream_prepad_17,48640
StreamingLineBuffer_33_buffer_stream_7,51200
StreamingLineBuffer_33_out0_stream_prepad_16,46208
StreamingLineBuffer_33_buffer_stream_8,51200
StreamingLineBuffer_33_out0_stream_prepad_15,43776
StreamingLineBuffer_33_buffer_stream_9,51200
StreamingLineBuffer_33_out0_stream_prepad_14,46080
StreamingLineBuffer_33_buffer_stream_10,51200
StreamingLineBuffer_33_out0_stream_prepad_13,48640
StreamingLineBuffer_33_buffer_stream_11,51200
StreamingLineBuffer_33_out0_stream_prepad_12,51200
StreamingLineBuffer_33_buffer_stream_12,51200
StreamingLineBuffer_33_out0_stream_prepad_11,48640
StreamingLineBuffer_33_buffer_stream_13,51200
StreamingLineBuffer_33_out0_stream_prepad_10,46080
StreamingLineBuffer_33_buffer_stream_14,51200
StreamingLineBuffer_33_out0_stream_prepad_9,43776
StreamingLineBuffer_33_buffer_stream_15,51200
StreamingLineBuffer_33_out0_stream_prepad_8,46208
StreamingLineBuffer_33_buffer_stream_16,51200
StreamingLineBuffer_33_out0_stream_prepad_7,48640
StreamingLineBuffer_33_buffer_stream_17,51200
StreamingLineBuffer_33_out0_stream_prepad_6,46208
StreamingLineBuffer_33_buffer_stream_18,51200
StreamingLineBuffer_33_out0_stream_prepad_5,43776
StreamingLineBuffer_33_buffer_stream_19,51200
StreamingLineBuffer_33_out0_stream_prepad_4,41472
StreamingLineBuffer_33_buffer_stream_20,51200
StreamingLineBuffer_33_out0_stream_prepad_3,43776
StreamingLineBuffer_33_buffer_stream_21,51200
StreamingLineBuffer_33_out0_stream_prepad_2,46080
StreamingLineBuffer_33_buffer_stream_22,51200
StreamingLineBuffer_33_out0_stream_prepad_1,43776
StreamingLineBuffer_33_buffer_stream_23,51200
StreamingLineBuffer_33_out0_stream_prepad_0,41472
StreamingLineBuffer_33_out0_stream_0,51200
StreamingMaxPool_1_out0_stream_0,51200
TensorDuplicator_15_out0_stream_0,51200
TensorDuplicator_15_out1_stream_0,51200
StreamingLineBuffer_34_out0_stream_prepad_24,41472
StreamingLineBuffer_34_buffer_stream_0,51200
StreamingLineBuffer_34_out0_stream_prepad_23,43776
StreamingLineBuffer_34_buffer_stream_1,51200
StreamingLineBuffer_34_out0_stream_prepad_22,46080
StreamingLineBuffer_34_buffer_stream_2,51200
StreamingLineBuffer_34_out0_stream_prepad_21,43776
StreamingLineBuffer_34_buffer_stream_3,51200
StreamingLineBuffer_34_out0_stream_prepad_20,41472
StreamingLineBuffer_34_buffer_stream_4,51200
StreamingLineBuffer_34_out0_stream_prepad_19,43776
StreamingLineBuffer_34_buffer_stream_5,51200
StreamingLineBuffer_34_out0_stream_prepad_18,46208
StreamingLineBuffer_34_buffer_stream_6,51200
StreamingLineBuffer_34_out0_stream_prepad_17,48640
StreamingLineBuffer_34_buffer_stream_7,51200
StreamingLineBuffer_34_out0_stream_prepad_16,46208
StreamingLineBuffer_34_buffer_stream_8,51200
StreamingLineBuffer_34_out0_stream_prepad_15,43776
StreamingLineBuffer_34_buffer_stream_9,51200
StreamingLineBuffer_34_out0_stream_prepad_14,46080
StreamingLineBuffer_34_buffer_stream_10,51200
StreamingLineBuffer_34_out0_stream_prepad_13,48640
StreamingLineBuffer_34_buffer_stream_11,51200
StreamingLineBuffer_34_out0_stream_prepad_12,51200
StreamingLineBuffer_34_buffer_stream_12,51200
StreamingLineBuffer_34_out0_stream_prepad_11,48640
StreamingLineBuffer_34_buffer_stream_13,51200
StreamingLineBuffer_34_out0_stream_prepad_10,46080
StreamingLineBuffer_34_buffer_stream_14,51200
StreamingLineBuffer_34_out0_stream_prepad_9,43776
StreamingLineBuffer_34_buffer_stream_15,51200
StreamingLineBuffer_34_out0_stream_prepad_8,46208
StreamingLineBuffer_34_buffer_stream_16,51200
StreamingLineBuffer_34_out0_stream_prepad_7,48640
StreamingLineBuffer_34_buffer_stream_17,51200
StreamingLineBuffer_34_out0_stream_prepad_6,46208
StreamingLineBuffer_34_buffer_stream_18,51200
StreamingLineBuffer_34_out0_stream_prepad_5,43776
StreamingLineBuffer_34_buffer_stream_19,51200
StreamingLineBuffer_34_out0_stream_prepad_4,41472
StreamingLineBuffer_34_buffer_stream_20,51200
StreamingLineBuffer_34_out0_stream_prepad_3,43776
StreamingLineBuffer_34_buffer_stream_21,51200
StreamingLineBuffer_34_out0_stream_prepad_2,46080
StreamingLineBuffer_34_buffer_stream_22,51200
StreamingLineBuffer_34_out0_stream_prepad_1,43776
StreamingLineBuffer_34_buffer_stream_23,51200
StreamingLineBuffer_34_out0_stream_prepad_0,41472
StreamingLineBuffer_34_out0_stream_0,51200
StreamingMaxPool_2_out0_stream_0,51200
StreamingConcat_5_out0_stream_0,102400
StreamingConcat_6_out0_stream_0,204800
BandwidthAdjustIncreaseChannels_3_out0_stream_0,25600
StreamingLineBuffer_35_out0_stream_prepad_0,25600
StreamingLineBuffer_35_out0_stream_0,25600
StreamingConv_32_out0_stream_0,51200
StreamingSwish_32_out0_stream_0,51200
StreamingLineBuffer_36_out0_stream_prepad_0,51200
StreamingLineBuffer_36_out0_stream_0,51200
StreamingConv_33_out0_stream_0,25600
StreamingSwish_33_out0_stream_0,25600
TensorDuplicator_16_out0_stream_0,25600
TensorDuplicator_16_out1_stream_0,25600
StreamingUpsample_0_out0_stream_0,51200
StreamingUpsample_0_out0_stream_1,51200
BandwidthAdjustIncreaseStreams_0_out0_stream_0,12800
BandwidthAdjustIncreaseStreams_0_out0_stream_1,12800
BandwidthAdjustIncreaseChannels_4_out0_stream_0,25600
BandwidthAdjustIncreaseChannels_4_out0_stream_1,25600
StreamingConcat_7_out0_stream_0,51200
StreamingConcat_7_out0_stream_1,51200
TensorDuplicator_17_out0_stream_0,51200
TensorDuplicator_17_out0_stream_1,51200
TensorDuplicator_17_out1_stream_0,51200
TensorDuplicator_17_out1_stream_1,51200
StreamingLineBuffer_37_out0_stream_prepad_1,51200
StreamingLineBuffer_37_out0_stream_prepad_0,51200
StreamingLineBuffer_38_out0_stream_prepad_1,51200
StreamingLineBuffer_38_out0_stream_prepad_0,51200
StreamingLineBuffer_37_out0_stream_0,51200
StreamingLineBuffer_38_out0_stream_0,51200
StreamingConv_34_out0_stream_0,51200
StreamingConv_34_out0_stream_1,51200
StreamingConv_35_out0_stream_0,51200
StreamingConv_35_out0_stream_1,51200
StreamingSwish_34_out0_stream_0,51200
StreamingSwish_34_out0_stream_1,51200
StreamingSwish_35_out0_stream_0,51200
StreamingSwish_35_out0_stream_1,51200
StreamingLineBuffer_39_out0_stream_prepad_1,51200
StreamingLineBuffer_39_out0_stream_prepad_0,51200
StreamingLineBuffer_39_out0_stream_0,51200
StreamingConv_36_out0_stream_0,51200
StreamingConv_36_out0_stream_1,51200
StreamingSwish_36_out0_stream_0,51200
StreamingSwish_36_out0_stream_1,51200
StreamingLineBuffer_40_out0_stream_prepad_11,47424
StreamingLineBuffer_40_buffer_stream_0,51200
StreamingLineBuffer_40_out0_stream_prepad_10,49920
StreamingLineBuffer_40_buffer_stream_1,51200
StreamingLineBuffer_40_out0_stream_prepad_9,49920
StreamingLineBuffer_40_buffer_stream_2,51200
StreamingLineBuffer_40_out0_stream_prepad_8,47424
StreamingLineBuffer_40_buffer_stream_3,51200
StreamingLineBuffer_40_out0_stream_prepad_7,48640
StreamingLineBuffer_40_buffer_stream_4,51200
StreamingLineBuffer_40_out0_stream_prepad_6,51200
StreamingLineBuffer_40_buffer_stream_5,51200
StreamingLineBuffer_40_out0_stream_prepad_5,51200
StreamingLineBuffer_40_buffer_stream_6,51200
StreamingLineBuffer_40_out0_stream_prepad_4,48640
StreamingLineBuffer_40_buffer_stream_7,51200
StreamingLineBuffer_40_out0_stream_prepad_3,47424
StreamingLineBuffer_40_buffer_stream_8,51200
StreamingLineBuffer_40_out0_stream_prepad_2,49920
StreamingLineBuffer_40_buffer_stream_9,51200
StreamingLineBuffer_40_out0_stream_prepad_1,49920
StreamingLineBuffer_40_out0_stream_prepad_0,47424
StreamingLineBuffer_40_out0_stream_0,51200
StreamingConv_37_out0_stream_0,51200
StreamingConv_37_out0_stream_1,51200
StreamingSwish_37_out0_stream_0,51200
StreamingSwish_37_out0_stream_1,51200
StreamingConcat_8_out0_stream_0,102400
StreamingConcat_8_out0_stream_1,102400
StreamingLineBuffer_41_out0_stream_prepad_1,102400
StreamingLineBuffer_41_out0_stream_prepad_0,102400
StreamingLineBuffer_41_out0_stream_0,102400
StreamingConv_38_out0_stream_0,25600
StreamingConv_38_out0_stream_1,25600
StreamingSwish_38_out0_stream_0,25600
StreamingSwish_38_out0_stream_1,25600
BandwidthAdjustDecreaseChannels_5_out0_stream_0,102400
BandwidthAdjustDecreaseChannels_5_out0_stream_1,102400
StreamingLineBuffer_42_out0_stream_prepad_1,102400
StreamingLineBuffer_42_out0_stream_prepad_0,102400
StreamingLineBuffer_42_out0_stream_0,102400
StreamingConv_39_out0_stream_0,25600
StreamingConv_39_out0_stream_1,25600
StreamingSwish_39_out0_stream_0,25600
StreamingSwish_39_out0_stream_1,25600
TensorDuplicator_18_out0_stream_0,25600
TensorDuplicator_18_out0_stream_1,25600
TensorDuplicator_18_out1_stream_0,25600
TensorDuplicator_18_out1_stream_1,25600
StreamingUpsample_1_out0_stream_0,51200
StreamingUpsample_1_out0_stream_1,51200
StreamingUpsample_1_out0_stream_2,51200
StreamingUpsample_1_out0_stream_3,51200
BandwidthAdjustIncreaseChannels_5_out0_stream_0,25600
BandwidthAdjustIncreaseChannels_5_out0_stream_1,25600
BandwidthAdjustIncreaseChannels_5_out0_stream_2,25600
BandwidthAdjustIncreaseChannels_5_out0_stream_3,25600
BandwidthAdjustDecreaseStreams_2_out0_stream_0,51200
BandwidthAdjustDecreaseStreams_2_out0_stream_1,51200
StreamingConcat_9_out0_stream_0,102400
StreamingConcat_9_out0_stream_1,102400
TensorDuplicator_19_out0_stream_0,102400
TensorDuplicator_19_out0_stream_1,102400
TensorDuplicator_19_out1_stream_0,102400
TensorDuplicator_19_out1_stream_1,102400
StreamingLineBuffer_43_out0_stream_prepad_1,102400
StreamingLineBuffer_43_out0_stream_prepad_0,102400
StreamingLineBuffer_44_out0_stream_prepad_1,102400
StreamingLineBuffer_44_out0_stream_prepad_0,102400
StreamingLineBuffer_43_out0_stream_0,102400
StreamingLineBuffer_44_out0_stream_0,102400
StreamingConv_40_out0_stream_0,102400
StreamingConv_40_out0_stream_1,102400
StreamingConv_41_out0_stream_0,102400
StreamingConv_41_out0_stream_1,102400
StreamingSwish_40_out0_stream_0,102400
StreamingSwish_40_out0_stream_1,102400
StreamingSwish_41_out0_stream_0,102400
StreamingSwish_41_out0_stream_1,102400
BandwidthAdjustIncreaseChannels_6_out0_stream_0,25600
BandwidthAdjustIncreaseChannels_6_out0_stream_1,25600
StreamingLineBuffer_45_out0_stream_prepad_1,102400
StreamingLineBuffer_45_out0_stream_prepad_0,102400
StreamingLineBuffer_45_out0_stream_0,102400
StreamingConv_42_out0_stream_0,102400
StreamingConv_42_out0_stream_1,102400
StreamingSwish_42_out0_stream_0,102400
StreamingSwish_42_out0_stream_1,102400
StreamingLineBuffer_46_out0_stream_prepad_11,98592
StreamingLineBuffer_46_buffer_stream_0,102400
StreamingLineBuffer_46_out0_stream_prepad_10,101120
StreamingLineBuffer_46_buffer_stream_1,102400
StreamingLineBuffer_46_out0_stream_prepad_9,101120
StreamingLineBuffer_46_buffer_stream_2,102400
StreamingLineBuffer_46_out0_stream_prepad_8,98592
StreamingLineBuffer_46_buffer_stream_3,102400
StreamingLineBuffer_46_out0_stream_prepad_7,99840
StreamingLineBuffer_46_buffer_stream_4,102400
StreamingLineBuffer_46_out0_stream_prepad_6,102400
StreamingLineBuffer_46_buffer_stream_5,102400
StreamingLineBuffer_46_out0_stream_prepad_5,102400
StreamingLineBuffer_46_buffer_stream_6,102400
StreamingLineBuffer_46_out0_stream_prepad_4,99840
StreamingLineBuffer_46_buffer_stream_7,102400
StreamingLineBuffer_46_out0_stream_prepad_3,98592
StreamingLineBuffer_46_buffer_stream_8,102400
StreamingLineBuffer_46_out0_stream_prepad_2,101120
StreamingLineBuffer_46_buffer_stream_9,102400
StreamingLineBuffer_46_out0_stream_prepad_1,101120
StreamingLineBuffer_46_out0_stream_prepad_0,98592
StreamingLineBuffer_46_out0_stream_0,102400
StreamingConv_43_out0_stream_0,102400
StreamingConv_43_out0_stream_1,102400
StreamingSwish_43_out0_stream_0,102400
StreamingSwish_43_out0_stream_1,102400
BandwidthAdjustIncreaseChannels_7_out0_stream_0,25600
BandwidthAdjustIncreaseChannels_7_out0_stream_1,25600
StreamingConcat_10_out0_stream_0,51200
StreamingConcat_10_out0_stream_1,51200
StreamingLineBuffer_47_out0_stream_prepad_1,51200
StreamingLineBuffer_47_out0_stream_prepad_0,51200
StreamingLineBuffer_47_out0_stream_0,51200
StreamingConv_44_out0_stream_0,204800
StreamingConv_44_out0_stream_1,204800
StreamingSwish_44_out0_stream_0,204800
StreamingSwish_44_out0_stream_1,204800
TensorDuplicator_20_out0_stream_0,204800
TensorDuplicator_20_out0_stream_1,204800
TensorDuplicator_20_out1_stream_0,204800
TensorDuplicator_20_out1_stream_1,204800
TensorDuplicator_21_out0_stream_0,204800
TensorDuplicator_21_out0_stream_1,204800
TensorDuplicator_21_out1_stream_0,204800
TensorDuplicator_21_out1_stream_1,204800
StreamingLineBuffer_48_out0_stream_prepad_11,197184
StreamingLineBuffer_48_buffer_stream_0,204800
StreamingLineBuffer_48_out0_stream_prepad_10,202240
StreamingLineBuffer_48_buffer_stream_1,204800
StreamingLineBuffer_48_out0_stream_prepad_9,202240
StreamingLineBuffer_48_buffer_stream_2,204800
StreamingLineBuffer_48_out0_stream_prepad_8,197184
StreamingLineBuffer_48_buffer_stream_3,204800
StreamingLineBuffer_49_out0_stream_prepad_14,51200
StreamingLineBuffer_49_buffer_stream_0,204800
StreamingLineBuffer_49_out0_stream_prepad_13,51200
StreamingLineBuffer_49_buffer_stream_1,204800
StreamingLineBuffer_50_out0_stream_prepad_11,197184
StreamingLineBuffer_50_buffer_stream_0,204800
StreamingLineBuffer_50_out0_stream_prepad_10,202240
StreamingLineBuffer_50_buffer_stream_1,204800
StreamingLineBuffer_48_out0_stream_prepad_7,199680
StreamingLineBuffer_48_buffer_stream_4,204800
StreamingLineBuffer_48_out0_stream_prepad_6,204800
StreamingLineBuffer_48_buffer_stream_5,204800
StreamingLineBuffer_49_out0_stream_prepad_12,51200
StreamingLineBuffer_49_buffer_stream_2,204800
StreamingLineBuffer_49_out0_stream_prepad_11,51200
StreamingLineBuffer_49_buffer_stream_4,204800
StreamingLineBuffer_50_out0_stream_prepad_9,202240
StreamingLineBuffer_50_buffer_stream_2,204800
StreamingLineBuffer_50_out0_stream_prepad_8,197184
StreamingLineBuffer_50_buffer_stream_3,204800
StreamingLineBuffer_48_out0_stream_prepad_5,204800
StreamingLineBuffer_48_buffer_stream_6,204800
StreamingLineBuffer_48_out0_stream_prepad_4,199680
StreamingLineBuffer_48_buffer_stream_7,204800
StreamingLineBuffer_49_out0_stream_prepad_10,48640
StreamingLineBuffer_49_buffer_stream_3,204800
StreamingLineBuffer_49_out0_stream_prepad_8,51200
StreamingLineBuffer_49_buffer_stream_6,204800
StreamingLineBuffer_50_out0_stream_prepad_7,199680
StreamingLineBuffer_50_buffer_stream_4,204800
StreamingLineBuffer_50_out0_stream_prepad_6,204800
StreamingLineBuffer_50_buffer_stream_5,204800
StreamingLineBuffer_48_out0_stream_prepad_3,197184
StreamingLineBuffer_48_buffer_stream_8,204800
StreamingLineBuffer_48_out0_stream_prepad_2,202240
StreamingLineBuffer_48_buffer_stream_9,204800
StreamingLineBuffer_49_out0_stream_prepad_9,51200
StreamingLineBuffer_49_buffer_stream_5,204800
StreamingLineBuffer_49_out0_stream_prepad_6,51200
StreamingLineBuffer_49_buffer_stream_9,204800
StreamingLineBuffer_50_out0_stream_prepad_5,204800
StreamingLineBuffer_50_buffer_stream_6,204800
StreamingLineBuffer_50_out0_stream_prepad_4,199680
StreamingLineBuffer_50_buffer_stream_7,204800
StreamingLineBuffer_48_out0_stream_prepad_1,202240
StreamingLineBuffer_48_out0_stream_prepad_0,197184
StreamingLineBuffer_49_out0_stream_prepad_7,51200
StreamingLineBuffer_49_buffer_stream_7,204800
StreamingLineBuffer_49_out0_stream_prepad_3,49920
StreamingLineBuffer_49_buffer_stream_11,204800
StreamingLineBuffer_50_out0_stream_prepad_3,197184
StreamingLineBuffer_50_buffer_stream_8,204800
StreamingLineBuffer_50_out0_stream_prepad_2,202240
StreamingLineBuffer_50_buffer_stream_9,204800
StreamingLineBuffer_48_out0_stream_0,204800
StreamingLineBuffer_49_out0_stream_prepad_5,48640
StreamingLineBuffer_49_buffer_stream_8,204800
StreamingLineBuffer_49_out0_stream_prepad_1,49920
StreamingLineBuffer_50_out0_stream_prepad_1,202240
StreamingLineBuffer_50_out0_stream_prepad_0,197184
StreamingConv_45_out0_stream_0,51200
StreamingConv_45_out0_stream_1,51200
StreamingLineBuffer_49_out0_stream_prepad_4,49920
StreamingLineBuffer_49_buffer_stream_10,204800
StreamingLineBuffer_50_out0_stream_0,204800
StreamingLineBuffer_49_out0_stream_prepad_2,49920
StreamingLineBuffer_49_buffer_stream_12,204800
StreamingConv_47_out0_stream_0,51200
StreamingConv_47_out0_stream_1,51200
StreamingSwish_45_out0_stream_0,51200
StreamingSwish_45_out0_stream_1,51200
StreamingLineBuffer_49_out0_stream_prepad_0,47424
StreamingSwish_47_out0_stream_0,51200
StreamingSwish_47_out0_stream_1,51200
BandwidthAdjustDecreaseChannels_6_out0_stream_0,256000
BandwidthAdjustDecreaseChannels_6_out0_stream_1,256000
StreamingLineBuffer_49_out0_stream_0,51200
BandwidthAdjustIncreaseChannels_8_out0_stream_0,64000
BandwidthAdjustIncreaseChannels_8_out0_stream_1,64000
StreamingLineBuffer_51_out0_stream_prepad_11,49296
StreamingLineBuffer_51_buffer_stream_0,51200
StreamingLineBuffer_51_out0_stream_prepad_10,50560
StreamingLineBuffer_51_buffer_stream_1,51200
StreamingConv_46_out0_stream_0,51200
StreamingConv_46_out0_stream_1,51200
StreamingLineBuffer_51_out0_stream_prepad_9,50560
StreamingLineBuffer_51_buffer_stream_2,51200
StreamingLineBuffer_51_out0_stream_prepad_8,49296
StreamingLineBuffer_51_buffer_stream_3,51200
StreamingLineBuffer_52_out0_stream_prepad_11,61620
StreamingLineBuffer_52_buffer_stream_0,64000
StreamingLineBuffer_52_out0_stream_prepad_10,63200
StreamingLineBuffer_52_buffer_stream_1,64000
StreamingSwish_46_out0_stream_0,51200
StreamingSwish_46_out0_stream_1,51200
StreamingLineBuffer_51_out0_stream_prepad_7,49920
StreamingLineBuffer_51_buffer_stream_4,51200
StreamingLineBuffer_51_out0_stream_prepad_6,51200
StreamingLineBuffer_51_buffer_stream_5,51200
StreamingLineBuffer_52_out0_stream_prepad_9,63200
StreamingLineBuffer_52_buffer_stream_2,64000
StreamingLineBuffer_52_out0_stream_prepad_8,61620
StreamingLineBuffer_52_buffer_stream_3,64000
BandwidthAdjustIncreaseChannels_9_out0_stream_0,25600
BandwidthAdjustIncreaseChannels_9_out0_stream_1,25600
StreamingLineBuffer_51_out0_stream_prepad_5,51200
StreamingLineBuffer_51_buffer_stream_6,51200
StreamingLineBuffer_51_out0_stream_prepad_4,49920
StreamingLineBuffer_51_buffer_stream_7,51200
StreamingLineBuffer_52_out0_stream_prepad_7,62400
StreamingLineBuffer_52_buffer_stream_4,64000
StreamingLineBuffer_52_out0_stream_prepad_6,64000
StreamingLineBuffer_52_buffer_stream_5,64000
StreamingLineBuffer_51_out0_stream_prepad_3,49296
StreamingLineBuffer_51_buffer_stream_8,51200
StreamingLineBuffer_51_out0_stream_prepad_2,50560
StreamingLineBuffer_51_buffer_stream_9,51200
StreamingConcat_11_out0_stream_0,51200
StreamingConcat_11_out0_stream_1,51200
StreamingLineBuffer_52_out0_stream_prepad_5,64000
StreamingLineBuffer_52_buffer_stream_6,64000
StreamingLineBuffer_52_out0_stream_prepad_4,62400
StreamingLineBuffer_52_buffer_stream_7,64000
StreamingLineBuffer_51_out0_stream_prepad_1,50560
StreamingLineBuffer_51_out0_stream_prepad_0,49296
StreamingLineBuffer_52_out0_stream_prepad_3,61620
StreamingLineBuffer_52_buffer_stream_8,64000
StreamingLineBuffer_52_out0_stream_prepad_2,63200
StreamingLineBuffer_52_buffer_stream_9,64000
TensorDuplicator_22_out0_stream_0,51200
TensorDuplicator_22_out0_stream_1,51200
TensorDuplicator_22_out1_stream_0,51200
TensorDuplicator_22_out1_stream_1,51200
StreamingLineBuffer_51_out0_stream_0,51200
StreamingLineBuffer_52_out0_stream_prepad_1,63200
StreamingLineBuffer_52_out0_stream_prepad_0,61620
StreamingLineBuffer_54_out0_stream_prepad_1,51200
StreamingLineBuffer_54_out0_stream_prepad_0,51200
StreamingLineBuffer_55_out0_stream_prepad_1,51200
StreamingLineBuffer_55_out0_stream_prepad_0,51200
StreamingConv_48_out0_stream_0,204800
StreamingConv_48_out0_stream_1,204800
StreamingLineBuffer_52_out0_stream_0,64000
StreamingLineBuffer_54_out0_stream_0,51200
StreamingLineBuffer_55_out0_stream_0,51200
StreamingConv_49_out0_stream_0,128000
StreamingConv_49_out0_stream_1,128000
StreamingSwish_48_out0_stream_0,204800
StreamingSwish_48_out0_stream_1,204800
StreamingConv_51_out0_stream_0,51200
StreamingConv_51_out0_stream_1,51200
StreamingConv_52_out0_stream_0,51200
StreamingConv_52_out0_stream_1,51200
StreamingSwish_49_out0_stream_0,128000
StreamingSwish_49_out0_stream_1,128000
StreamingLineBuffer_53_out0_stream_prepad_1,204800
StreamingLineBuffer_53_out0_stream_prepad_0,204800
StreamingSwish_50_out0_stream_0,51200
StreamingSwish_50_out0_stream_1,51200
StreamingSwish_51_out0_stream_0,51200
StreamingSwish_51_out0_stream_1,51200
StreamingLineBuffer_53_out0_stream_0,204800
StreamingLineBuffer_56_out0_stream_prepad_1,128000
StreamingLineBuffer_56_out0_stream_prepad_0,128000
StreamingLineBuffer_57_out0_stream_prepad_1,51200
StreamingLineBuffer_57_out0_stream_prepad_0,51200
StreamingConv_50_out0_stream_0,51200
StreamingConv_50_out0_stream_1,51200
StreamingLineBuffer_56_out0_stream_0,128000
StreamingLineBuffer_57_out0_stream_0,51200
StreamingConv_53_out0_stream_0,64000
StreamingConv_53_out0_stream_1,64000
StreamingConv_54_out0_stream_0,51200
StreamingConv_54_out0_stream_1,51200
StreamingConcat_12_out0_stream_0,115200
StreamingConcat_12_out0_stream_1,115200
StreamingSwish_52_out0_stream_0,51200
StreamingSwish_52_out0_stream_1,51200
BandwidthAdjustDecreaseStreams_3_out0_stream_0,230400
StreamingLineBuffer_58_out0_stream_prepad_11,47424
StreamingLineBuffer_58_buffer_stream_0,51200
StreamingLineBuffer_58_out0_stream_prepad_10,49920
StreamingLineBuffer_58_buffer_stream_1,51200
StreamingReshape_0_out0_stream_0,230400
StreamingLineBuffer_58_out0_stream_prepad_9,49920
StreamingLineBuffer_58_buffer_stream_2,51200
StreamingLineBuffer_58_out0_stream_prepad_8,47424
StreamingLineBuffer_58_buffer_stream_3,51200
BandwidthAdjustDecreaseChannels_7_out0_stream_0,921600
StreamingLineBuffer_58_out0_stream_prepad_7,48640
StreamingLineBuffer_58_buffer_stream_4,51200
StreamingLineBuffer_58_out0_stream_prepad_6,51200
StreamingLineBuffer_58_buffer_stream_5,51200
StreamingLineBuffer_58_out0_stream_prepad_5,51200
StreamingLineBuffer_58_buffer_stream_6,51200
StreamingLineBuffer_58_out0_stream_prepad_4,48640
StreamingLineBuffer_58_buffer_stream_7,51200
StreamingLineBuffer_58_out0_stream_prepad_3,47424
StreamingLineBuffer_58_buffer_stream_8,51200
StreamingLineBuffer_58_out0_stream_prepad_2,49920
StreamingLineBuffer_58_buffer_stream_9,51200
StreamingLineBuffer_58_out0_stream_prepad_1,49920
StreamingLineBuffer_58_out0_stream_prepad_0,47424
StreamingLineBuffer_58_out0_stream_0,51200
StreamingConv_55_out0_stream_0,51200
StreamingConv_55_out0_stream_1,51200
StreamingSwish_53_out0_stream_0,51200
StreamingSwish_53_out0_stream_1,51200
StreamingConcat_13_out0_stream_0,102400
StreamingConcat_13_out0_stream_1,102400
BandwidthAdjustIncreaseChannels_10_out0_stream_0,51200
BandwidthAdjustIncreaseChannels_10_out0_stream_1,51200
StreamingLineBuffer_59_out0_stream_prepad_1,51200
StreamingLineBuffer_59_out0_stream_prepad_0,51200
StreamingLineBuffer_59_out0_stream_0,51200
StreamingConv_56_out0_stream_0,51200
StreamingConv_56_out0_stream_1,51200
StreamingSwish_54_out0_stream_0,51200
StreamingSwish_54_out0_stream_1,51200
TensorDuplicator_23_out0_stream_0,51200
TensorDuplicator_23_out0_stream_1,51200
TensorDuplicator_23_out1_stream_0,51200
TensorDuplicator_23_out1_stream_1,51200
TensorDuplicator_24_out0_stream_0,51200
TensorDuplicator_24_out0_stream_1,51200
TensorDuplicator_24_out1_stream_0,51200
TensorDuplicator_24_out1_stream_1,51200
StreamingLineBuffer_60_out0_stream_prepad_11,47424
StreamingLineBuffer_60_buffer_stream_0,51200
StreamingLineBuffer_60_out0_stream_prepad_10,49920
StreamingLineBuffer_60_buffer_stream_1,51200
StreamingLineBuffer_60_out0_stream_prepad_9,49920
StreamingLineBuffer_60_buffer_stream_2,51200
StreamingLineBuffer_60_out0_stream_prepad_8,47424
StreamingLineBuffer_60_buffer_stream_3,51200
BandwidthAdjustDecreaseChannels_8_out0_stream_0,102400
BandwidthAdjustDecreaseChannels_8_out0_stream_1,102400
StreamingLineBuffer_61_out0_stream_prepad_11,47424
StreamingLineBuffer_61_buffer_stream_0,51200
StreamingLineBuffer_61_out0_stream_prepad_10,49920
StreamingLineBuffer_61_buffer_stream_1,51200
StreamingLineBuffer_60_out0_stream_prepad_7,48640
StreamingLineBuffer_60_buffer_stream_4,51200
StreamingLineBuffer_60_out0_stream_prepad_6,51200
StreamingLineBuffer_60_buffer_stream_5,51200
StreamingLineBuffer_61_out0_stream_prepad_9,49920
StreamingLineBuffer_61_buffer_stream_2,51200
StreamingLineBuffer_61_out0_stream_prepad_8,47424
StreamingLineBuffer_61_buffer_stream_3,51200
StreamingLineBuffer_62_out0_stream_prepad_14,25600
StreamingLineBuffer_62_buffer_stream_0,102400
StreamingLineBuffer_62_out0_stream_prepad_13,25600
StreamingLineBuffer_62_buffer_stream_1,102400
StreamingLineBuffer_60_out0_stream_prepad_5,51200
StreamingLineBuffer_60_buffer_stream_6,51200
StreamingLineBuffer_60_out0_stream_prepad_4,48640
StreamingLineBuffer_60_buffer_stream_7,51200
StreamingLineBuffer_61_out0_stream_prepad_7,48640
StreamingLineBuffer_61_buffer_stream_4,51200
StreamingLineBuffer_61_out0_stream_prepad_6,51200
StreamingLineBuffer_61_buffer_stream_5,51200
StreamingLineBuffer_62_out0_stream_prepad_12,25600
StreamingLineBuffer_62_buffer_stream_2,102400
StreamingLineBuffer_62_out0_stream_prepad_11,25600
StreamingLineBuffer_62_buffer_stream_4,102400
StreamingLineBuffer_60_out0_stream_prepad_3,47424
StreamingLineBuffer_60_buffer_stream_8,51200
StreamingLineBuffer_60_out0_stream_prepad_2,49920
StreamingLineBuffer_60_buffer_stream_9,51200
StreamingLineBuffer_61_out0_stream_prepad_5,51200
StreamingLineBuffer_61_buffer_stream_6,51200
StreamingLineBuffer_61_out0_stream_prepad_4,48640
StreamingLineBuffer_61_buffer_stream_7,51200
StreamingLineBuffer_62_out0_stream_prepad_10,23040
StreamingLineBuffer_62_buffer_stream_3,102400
StreamingLineBuffer_62_out0_stream_prepad_8,25600
StreamingLineBuffer_62_buffer_stream_6,102400
StreamingLineBuffer_60_out0_stream_prepad_1,49920
StreamingLineBuffer_60_out0_stream_prepad_0,47424
StreamingLineBuffer_61_out0_stream_prepad_3,47424
StreamingLineBuffer_61_buffer_stream_8,51200
StreamingLineBuffer_61_out0_stream_prepad_2,49920
StreamingLineBuffer_61_buffer_stream_9,51200
StreamingLineBuffer_62_out0_stream_prepad_9,25600
StreamingLineBuffer_62_buffer_stream_5,102400
StreamingLineBuffer_62_out0_stream_prepad_6,25600
StreamingLineBuffer_62_buffer_stream_9,102400
StreamingLineBuffer_60_out0_stream_0,51200
StreamingLineBuffer_61_out0_stream_prepad_1,49920
StreamingLineBuffer_61_out0_stream_prepad_0,47424
StreamingLineBuffer_62_out0_stream_prepad_7,25600
StreamingLineBuffer_62_buffer_stream_7,102400
StreamingLineBuffer_62_out0_stream_prepad_3,24320
StreamingLineBuffer_62_buffer_stream_11,102400
StreamingConv_57_out0_stream_0,32000
StreamingConv_57_out0_stream_1,32000
StreamingLineBuffer_61_out0_stream_0,51200
StreamingLineBuffer_62_out0_stream_prepad_5,23040
StreamingLineBuffer_62_buffer_stream_8,102400
StreamingLineBuffer_62_out0_stream_prepad_1,24320
StreamingConv_58_out0_stream_0,51200
StreamingConv_58_out0_stream_1,51200
StreamingSwish_55_out0_stream_0,32000
StreamingSwish_55_out0_stream_1,32000
StreamingLineBuffer_62_out0_stream_prepad_4,24320
StreamingLineBuffer_62_buffer_stream_10,102400
StreamingLineBuffer_62_out0_stream_prepad_2,24320
StreamingLineBuffer_62_buffer_stream_12,102400
StreamingSwish_56_out0_stream_0,51200
StreamingSwish_56_out0_stream_1,51200
StreamingLineBuffer_63_out0_stream_prepad_11,29640
StreamingLineBuffer_63_buffer_stream_0,32000
StreamingLineBuffer_63_out0_stream_prepad_10,31200
StreamingLineBuffer_63_buffer_stream_1,32000
StreamingLineBuffer_62_out0_stream_prepad_0,21888
StreamingLineBuffer_63_out0_stream_prepad_9,31200
StreamingLineBuffer_63_buffer_stream_2,32000
StreamingLineBuffer_63_out0_stream_prepad_8,29640
StreamingLineBuffer_63_buffer_stream_3,32000
StreamingLineBuffer_64_out0_stream_prepad_11,47424
StreamingLineBuffer_64_buffer_stream_0,51200
StreamingLineBuffer_64_out0_stream_prepad_10,49920
StreamingLineBuffer_64_buffer_stream_1,51200
StreamingLineBuffer_62_out0_stream_0,25600
StreamingLineBuffer_63_out0_stream_prepad_7,30400
StreamingLineBuffer_63_buffer_stream_4,32000
StreamingLineBuffer_63_out0_stream_prepad_6,32000
StreamingLineBuffer_63_buffer_stream_5,32000
StreamingLineBuffer_64_out0_stream_prepad_9,49920
StreamingLineBuffer_64_buffer_stream_2,51200
StreamingLineBuffer_64_out0_stream_prepad_8,47424
StreamingLineBuffer_64_buffer_stream_3,51200
StreamingConv_59_out0_stream_0,25600
StreamingConv_59_out0_stream_1,25600
StreamingLineBuffer_63_out0_stream_prepad_5,32000
StreamingLineBuffer_63_buffer_stream_6,32000
StreamingLineBuffer_63_out0_stream_prepad_4,30400
StreamingLineBuffer_63_buffer_stream_7,32000
StreamingLineBuffer_64_out0_stream_prepad_7,48640
StreamingLineBuffer_64_buffer_stream_4,51200
StreamingLineBuffer_64_out0_stream_prepad_6,51200
StreamingLineBuffer_64_buffer_stream_5,51200
StreamingLineBuffer_63_out0_stream_prepad_3,29640
StreamingLineBuffer_63_buffer_stream_8,32000
StreamingLineBuffer_63_out0_stream_prepad_2,31200
StreamingLineBuffer_63_buffer_stream_9,32000
StreamingSwish_57_out0_stream_0,25600
StreamingSwish_57_out0_stream_1,25600
StreamingLineBuffer_64_out0_stream_prepad_5,51200
StreamingLineBuffer_64_buffer_stream_6,51200
StreamingLineBuffer_64_out0_stream_prepad_4,48640
StreamingLineBuffer_64_buffer_stream_7,51200
StreamingLineBuffer_63_out0_stream_prepad_1,31200
StreamingLineBuffer_63_out0_stream_prepad_0,29640
StreamingLineBuffer_64_out0_stream_prepad_3,47424
StreamingLineBuffer_64_buffer_stream_8,51200
StreamingLineBuffer_64_out0_stream_prepad_2,49920
StreamingLineBuffer_64_buffer_stream_9,51200
BandwidthAdjustIncreaseChannels_11_out0_stream_0,12800
BandwidthAdjustIncreaseChannels_11_out0_stream_1,12800
StreamingLineBuffer_63_out0_stream_0,32000
StreamingLineBuffer_64_out0_stream_prepad_1,49920
StreamingLineBuffer_64_out0_stream_prepad_0,47424
StreamingConcat_14_out0_stream_0,25600
StreamingConcat_14_out0_stream_1,25600
StreamingConv_60_out0_stream_0,64000
StreamingConv_60_out0_stream_1,64000
StreamingLineBuffer_64_out0_stream_0,51200
TensorDuplicator_25_out0_stream_0,25600
TensorDuplicator_25_out0_stream_1,25600
TensorDuplicator_25_out1_stream_0,25600
TensorDuplicator_25_out1_stream_1,25600
StreamingConv_61_out0_stream_0,51200
StreamingConv_61_out0_stream_1,51200
StreamingSwish_58_out0_stream_0,64000
StreamingSwish_58_out0_stream_1,64000
StreamingLineBuffer_67_out0_stream_prepad_1,25600
StreamingLineBuffer_67_out0_stream_prepad_0,25600
StreamingLineBuffer_68_out0_stream_prepad_1,25600
StreamingLineBuffer_68_out0_stream_prepad_0,25600
StreamingSwish_59_out0_stream_0,51200
StreamingSwish_59_out0_stream_1,51200
StreamingLineBuffer_65_out0_stream_prepad_1,64000
StreamingLineBuffer_65_out0_stream_prepad_0,64000
StreamingLineBuffer_67_out0_stream_0,25600
StreamingLineBuffer_68_out0_stream_0,25600
StreamingLineBuffer_65_out0_stream_0,64000
StreamingLineBuffer_66_out0_stream_prepad_1,51200
StreamingLineBuffer_66_out0_stream_prepad_0,51200
StreamingConv_64_out0_stream_0,25600
StreamingConv_64_out0_stream_1,25600
StreamingConv_65_out0_stream_0,25600
StreamingConv_65_out0_stream_1,25600
StreamingConv_62_out0_stream_0,32000
StreamingConv_62_out0_stream_1,32000
StreamingLineBuffer_66_out0_stream_0,51200
StreamingSwish_60_out0_stream_0,25600
StreamingSwish_60_out0_stream_1,25600
StreamingSwish_61_out0_stream_0,25600
StreamingSwish_61_out0_stream_1,25600
StreamingConv_63_out0_stream_0,51200
StreamingConv_63_out0_stream_1,51200
BandwidthAdjustDecreaseChannels_9_out0_stream_0,64000
BandwidthAdjustDecreaseChannels_9_out0_stream_1,64000
StreamingLineBuffer_69_out0_stream_prepad_1,25600
StreamingLineBuffer_69_out0_stream_prepad_0,25600
StreamingConcat_15_out0_stream_0,115200
StreamingConcat_15_out0_stream_1,115200
StreamingLineBuffer_69_out0_stream_0,25600
BandwidthAdjustDecreaseStreams_4_out0_stream_0,230400
StreamingConv_66_out0_stream_0,25600
StreamingConv_66_out0_stream_1,25600
StreamingReshape_1_out0_stream_0,230400
StreamingSwish_62_out0_stream_0,25600
StreamingSwish_62_out0_stream_1,25600
StreamingConcat_16_out0_stream_0,1152000
StreamingLineBuffer_70_out0_stream_prepad_11,21888
StreamingLineBuffer_70_buffer_stream_0,25600
StreamingLineBuffer_70_out0_stream_prepad_10,24320
StreamingLineBuffer_70_buffer_stream_1,25600
StreamingLineBuffer_70_out0_stream_prepad_9,24320
StreamingLineBuffer_70_buffer_stream_2,25600
StreamingLineBuffer_70_out0_stream_prepad_8,21888
StreamingLineBuffer_70_buffer_stream_3,25600
StreamingLineBuffer_70_out0_stream_prepad_7,23040
StreamingLineBuffer_70_buffer_stream_4,25600
StreamingLineBuffer_70_out0_stream_prepad_6,25600
StreamingLineBuffer_70_buffer_stream_5,25600
StreamingLineBuffer_70_out0_stream_prepad_5,25600
StreamingLineBuffer_70_buffer_stream_6,25600
StreamingLineBuffer_70_out0_stream_prepad_4,23040
StreamingLineBuffer_70_buffer_stream_7,25600
StreamingLineBuffer_70_out0_stream_prepad_3,21888
StreamingLineBuffer_70_buffer_stream_8,25600
StreamingLineBuffer_70_out0_stream_prepad_2,24320
StreamingLineBuffer_70_buffer_stream_9,25600
StreamingLineBuffer_70_out0_stream_prepad_1,24320
StreamingLineBuffer_70_out0_stream_prepad_0,21888
StreamingLineBuffer_70_out0_stream_0,25600
StreamingConv_67_out0_stream_0,25600
StreamingConv_67_out0_stream_1,25600
StreamingSwish_63_out0_stream_0,25600
StreamingSwish_63_out0_stream_1,25600
StreamingConcat_17_out0_stream_0,51200
StreamingConcat_17_out0_stream_1,51200
BandwidthAdjustIncreaseChannels_12_out0_stream_0,12800
BandwidthAdjustIncreaseChannels_12_out0_stream_1,12800
StreamingLineBuffer_71_out0_stream_prepad_1,12800
StreamingLineBuffer_71_out0_stream_prepad_0,12800
StreamingLineBuffer_71_out0_stream_0,12800
StreamingConv_68_out0_stream_0,51200
StreamingConv_68_out0_stream_1,51200
StreamingSwish_64_out0_stream_0,51200
StreamingSwish_64_out0_stream_1,51200
TensorDuplicator_26_out0_stream_0,51200
TensorDuplicator_26_out0_stream_1,51200
TensorDuplicator_26_out1_stream_0,51200
TensorDuplicator_26_out1_stream_1,51200
BandwidthAdjustIncreaseChannels_13_out0_stream_0,25600
BandwidthAdjustIncreaseChannels_13_out0_stream_1,25600
StreamingLineBuffer_72_out0_stream_prepad_11,43776
StreamingLineBuffer_72_buffer_stream_0,51200
StreamingLineBuffer_72_out0_stream_prepad_10,48640
StreamingLineBuffer_72_buffer_stream_1,51200
StreamingLineBuffer_72_out0_stream_prepad_9,48640
StreamingLineBuffer_72_buffer_stream_2,51200
StreamingLineBuffer_72_out0_stream_prepad_8,43776
StreamingLineBuffer_72_buffer_stream_3,51200
StreamingLineBuffer_73_out0_stream_prepad_11,21888
StreamingLineBuffer_73_buffer_stream_0,25600
StreamingLineBuffer_73_out0_stream_prepad_10,24320
StreamingLineBuffer_73_buffer_stream_1,25600
StreamingLineBuffer_72_out0_stream_prepad_7,46080
StreamingLineBuffer_72_buffer_stream_4,51200
StreamingLineBuffer_72_out0_stream_prepad_6,51200
StreamingLineBuffer_72_buffer_stream_5,51200
StreamingLineBuffer_73_out0_stream_prepad_9,24320
StreamingLineBuffer_73_buffer_stream_2,25600
StreamingLineBuffer_73_out0_stream_prepad_8,21888
StreamingLineBuffer_73_buffer_stream_3,25600
StreamingLineBuffer_72_out0_stream_prepad_5,51200
StreamingLineBuffer_72_buffer_stream_6,51200
StreamingLineBuffer_72_out0_stream_prepad_4,46080
StreamingLineBuffer_72_buffer_stream_7,51200
StreamingLineBuffer_73_out0_stream_prepad_7,23040
StreamingLineBuffer_73_buffer_stream_4,25600
StreamingLineBuffer_73_out0_stream_prepad_6,25600
StreamingLineBuffer_73_buffer_stream_5,25600
StreamingLineBuffer_72_out0_stream_prepad_3,43776
StreamingLineBuffer_72_buffer_stream_8,51200
StreamingLineBuffer_72_out0_stream_prepad_2,48640
StreamingLineBuffer_72_buffer_stream_9,51200
StreamingLineBuffer_73_out0_stream_prepad_5,25600
StreamingLineBuffer_73_buffer_stream_6,25600
StreamingLineBuffer_73_out0_stream_prepad_4,23040
StreamingLineBuffer_73_buffer_stream_7,25600
StreamingLineBuffer_72_out0_stream_prepad_1,48640
StreamingLineBuffer_72_out0_stream_prepad_0,43776
StreamingLineBuffer_73_out0_stream_prepad_3,21888
StreamingLineBuffer_73_buffer_stream_8,25600
StreamingLineBuffer_73_out0_stream_prepad_2,24320
StreamingLineBuffer_73_buffer_stream_9,25600
StreamingLineBuffer_72_out0_stream_0,51200
StreamingLineBuffer_73_out0_stream_prepad_1,24320
StreamingLineBuffer_73_out0_stream_prepad_0,21888
StreamingConv_69_out0_stream_0,12800
StreamingConv_69_out0_stream_1,12800
StreamingLineBuffer_73_out0_stream_0,25600
StreamingConv_70_out0_stream_0,16000
StreamingConv_70_out0_stream_1,16000
StreamingSwish_65_out0_stream_0,12800
StreamingSwish_65_out0_stream_1,12800
StreamingSwish_66_out0_stream_0,16000
StreamingSwish_66_out0_stream_1,16000
StreamingLineBuffer_74_out0_stream_prepad_11,10944
StreamingLineBuffer_74_buffer_stream_0,12800
StreamingLineBuffer_74_out0_stream_prepad_10,12160
StreamingLineBuffer_74_buffer_stream_1,12800
StreamingLineBuffer_74_out0_stream_prepad_9,12160
StreamingLineBuffer_74_buffer_stream_2,12800
StreamingLineBuffer_74_out0_stream_prepad_8,10944
StreamingLineBuffer_74_buffer_stream_3,12800
BandwidthAdjustDecreaseStreams_5_out0_stream_0,32000
StreamingLineBuffer_74_out0_stream_prepad_7,11520
StreamingLineBuffer_74_buffer_stream_4,12800
StreamingLineBuffer_74_out0_stream_prepad_6,12800
StreamingLineBuffer_74_buffer_stream_5,12800
StreamingLineBuffer_75_out0_stream_prepad_8,28880
StreamingLineBuffer_75_buffer_stream_0,32000
StreamingLineBuffer_74_out0_stream_prepad_5,12800
StreamingLineBuffer_74_buffer_stream_6,12800
StreamingLineBuffer_74_out0_stream_prepad_4,11520
StreamingLineBuffer_74_buffer_stream_7,12800
StreamingLineBuffer_75_out0_stream_prepad_7,30400
StreamingLineBuffer_75_buffer_stream_1,32000
StreamingLineBuffer_74_out0_stream_prepad_3,10944
StreamingLineBuffer_74_buffer_stream_8,12800
StreamingLineBuffer_74_out0_stream_prepad_2,12160
StreamingLineBuffer_74_buffer_stream_9,12800
StreamingLineBuffer_75_out0_stream_prepad_6,28880
StreamingLineBuffer_75_buffer_stream_2,32000
StreamingLineBuffer_74_out0_stream_prepad_1,12160
StreamingLineBuffer_74_out0_stream_prepad_0,10944
StreamingLineBuffer_75_out0_stream_prepad_5,30400
StreamingLineBuffer_75_buffer_stream_3,32000
StreamingLineBuffer_74_out0_stream_0,12800
StreamingLineBuffer_75_out0_stream_prepad_4,32000
StreamingLineBuffer_75_buffer_stream_4,32000
StreamingConv_71_out0_stream_0,12800
StreamingConv_71_out0_stream_1,12800
StreamingLineBuffer_75_out0_stream_prepad_3,30400
StreamingLineBuffer_75_buffer_stream_5,32000
StreamingSwish_67_out0_stream_0,12800
StreamingSwish_67_out0_stream_1,12800
StreamingLineBuffer_75_out0_stream_prepad_2,28880
StreamingLineBuffer_75_buffer_stream_6,32000
StreamingLineBuffer_75_out0_stream_prepad_1,30400
StreamingLineBuffer_75_buffer_stream_7,32000
BandwidthAdjustDecreaseStreams_6_out0_stream_0,25600
StreamingLineBuffer_75_out0_stream_prepad_0,28880
StreamingLineBuffer_76_out0_stream_prepad_0,25600
StreamingLineBuffer_75_out0_stream_0,32000
StreamingLineBuffer_76_out0_stream_0,25600
StreamingConv_72_out0_stream_0,32000
StreamingConv_73_out0_stream_0,25600
StreamingSwish_68_out0_stream_0,32000
StreamingLineBuffer_77_out0_stream_prepad_0,32000
StreamingLineBuffer_77_out0_stream_0,32000
StreamingConv_74_out0_stream_0,32000
StreamingConcat_18_out0_stream_0,57600
StreamingReshape_2_out0_stream_0,57600
StreamingConcat_19_out0_stream_0,1209600