Quant_107_out0_stream_0,12544
Quant_107_out0_stream_1,12544
Quant_107_out0_stream_2,12544
Quant_107_out0_stream_3,12544
Quant_107_out0_bwch_stream_0,37632
Quant_107_out0_bwch_stream_1,37632
Quant_107_out0_bwch_stream_2,37632
Quant_107_out0_bwch_stream_3,37632
node_StreamingConv_0_window_stream_prepad_26,9408
node_StreamingConv_0_streaming_linebuffer_buffer_stream_0,4
node_StreamingConv_0_window_stream_prepad_25,9408
node_StreamingConv_0_streaming_linebuffer_buffer_stream_1,4
node_StreamingConv_0_window_stream_prepad_24,9408
node_StreamingConv_0_streaming_linebuffer_buffer_stream_2,4
node_StreamingConv_0_window_stream_prepad_23,9408
node_StreamingConv_0_streaming_linebuffer_buffer_stream_3,4
node_StreamingConv_0_window_stream_prepad_22,9408
node_StreamingConv_0_streaming_linebuffer_buffer_stream_4,4
node_StreamingConv_0_window_stream_prepad_21,9408
node_StreamingConv_0_streaming_linebuffer_buffer_stream_6,166
node_StreamingConv_0_window_stream_prepad_20,9408
node_StreamingConv_0_streaming_linebuffer_buffer_stream_7,166
node_StreamingConv_0_window_stream_prepad_19,9408
node_StreamingConv_0_streaming_linebuffer_buffer_stream_8,163
node_StreamingConv_0_window_stream_prepad_18,9072
node_StreamingConv_0_streaming_linebuffer_buffer_stream_5,166
node_StreamingConv_0_window_stream_prepad_16,9408
node_StreamingConv_0_streaming_linebuffer_buffer_stream_10,4
node_StreamingConv_0_window_stream_prepad_15,9408
node_StreamingConv_0_streaming_linebuffer_buffer_stream_11,4
node_StreamingConv_0_window_stream_prepad_14,9408
node_StreamingConv_0_streaming_linebuffer_buffer_stream_12,4
node_StreamingConv_0_window_stream_prepad_17,9408
node_StreamingConv_0_streaming_linebuffer_buffer_stream_9,4
node_StreamingConv_0_window_stream_prepad_12,9408
node_StreamingConv_0_streaming_linebuffer_buffer_stream_15,166
node_StreamingConv_0_window_stream_prepad_11,9408
node_StreamingConv_0_streaming_linebuffer_buffer_stream_16,166
node_StreamingConv_0_window_stream_prepad_10,9408
node_StreamingConv_0_streaming_linebuffer_buffer_stream_17,163
node_StreamingConv_0_window_stream_prepad_13,9408
node_StreamingConv_0_streaming_linebuffer_buffer_stream_13,4
node_StreamingConv_0_window_stream_prepad_7,9324
node_StreamingConv_0_streaming_linebuffer_buffer_stream_19,4
node_StreamingConv_0_window_stream_prepad_6,9324
node_StreamingConv_0_streaming_linebuffer_buffer_stream_20,4
node_StreamingConv_0_window_stream_prepad_5,9324
node_StreamingConv_0_streaming_linebuffer_buffer_stream_21,4
node_StreamingConv_0_window_stream_prepad_9,9072
node_StreamingConv_0_streaming_linebuffer_buffer_stream_14,166
node_StreamingConv_0_window_stream_prepad_3,9324
node_StreamingConv_0_window_stream_prepad_2,9324
node_StreamingConv_0_window_stream_prepad_1,9324
node_StreamingConv_0_window_stream_prepad_8,9324
node_StreamingConv_0_streaming_linebuffer_buffer_stream_18,4
node_StreamingConv_0_window_stream_prepad_4,9324
node_StreamingConv_0_streaming_linebuffer_buffer_stream_22,4
node_StreamingConv_0_window_stream_prepad_0,8991
node_StreamingConv_0_window_stream_0,9408
node_StreamingConv_0_window_stream_1,9408
node_StreamingConv_0_window_stream_2,9408
node_StreamingConv_0_window_stream_3,9408
node_StreamingConv_0_window_stream_4,9408
node_StreamingConv_0_window_stream_5,9408
node_StreamingConv_0_window_stream_6,9408
node_StreamingConv_0_window_stream_7,9408
node_StreamingConv_0_window_stream_8,9408
node_StreamingConv_0_window_stream_9,9408
node_StreamingConv_0_window_stream_10,9408
node_StreamingConv_0_window_stream_11,9408
node_StreamingConv_0_window_stream_12,9408
node_StreamingConv_0_window_stream_13,9408
node_StreamingConv_0_window_stream_14,9408
node_StreamingConv_0_window_stream_15,9408
node_StreamingConv_0_window_stream_16,9408
node_StreamingConv_0_window_stream_17,9408
node_StreamingConv_0_window_stream_18,9408
node_StreamingConv_0_window_stream_19,9408
node_StreamingConv_0_window_stream_20,9408
node_StreamingConv_0_window_stream_21,9408
node_StreamingConv_0_window_stream_22,9408
node_StreamingConv_0_window_stream_23,9408
node_StreamingConv_0_window_stream_24,9408
node_StreamingConv_0_window_stream_25,9408
node_StreamingConv_0_window_stream_26,9408
Quant_108_out0_stream_0,50176
Quant_108_out0_stream_1,50176
Quant_108_out0_stream_2,50176
Quant_108_out0_stream_3,50176
Quant_108_out0_bwch_stream_0,100352
Quant_108_out0_bwch_stream_1,100352
Quant_108_out0_bwch_stream_2,100352
Quant_108_out0_bwch_stream_3,100352
node_StreamingDepthwiseConv_2_window_stream_prepad_17,95904
node_StreamingDepthwiseConv_2_streaming_linebuffer_buffer_stream_0,33
node_StreamingDepthwiseConv_2_window_stream_prepad_16,99456
node_StreamingDepthwiseConv_2_streaming_linebuffer_buffer_stream_1,33
node_StreamingDepthwiseConv_2_window_stream_prepad_15,99456
node_StreamingDepthwiseConv_2_streaming_linebuffer_buffer_stream_4,865
node_StreamingDepthwiseConv_2_window_stream_prepad_14,99456
node_StreamingDepthwiseConv_2_streaming_linebuffer_buffer_stream_5,865
node_StreamingDepthwiseConv_2_window_stream_prepad_13,99456
node_StreamingDepthwiseConv_2_streaming_linebuffer_buffer_stream_2,897
node_StreamingDepthwiseConv_2_window_stream_prepad_12,95904
node_StreamingDepthwiseConv_2_streaming_linebuffer_buffer_stream_3,897
node_StreamingDepthwiseConv_2_window_stream_prepad_9,100352
node_StreamingDepthwiseConv_2_streaming_linebuffer_buffer_stream_10,865
node_StreamingDepthwiseConv_2_window_stream_prepad_8,100352
node_StreamingDepthwiseConv_2_streaming_linebuffer_buffer_stream_11,865
node_StreamingDepthwiseConv_2_window_stream_prepad_11,96768
node_StreamingDepthwiseConv_2_streaming_linebuffer_buffer_stream_6,33
node_StreamingDepthwiseConv_2_window_stream_prepad_10,100352
node_StreamingDepthwiseConv_2_streaming_linebuffer_buffer_stream_7,33
node_StreamingDepthwiseConv_2_window_stream_prepad_3,99456
node_StreamingDepthwiseConv_2_window_stream_prepad_2,99456
node_StreamingDepthwiseConv_2_window_stream_prepad_7,100352
node_StreamingDepthwiseConv_2_streaming_linebuffer_buffer_stream_8,897
node_StreamingDepthwiseConv_2_window_stream_prepad_6,96768
node_StreamingDepthwiseConv_2_streaming_linebuffer_buffer_stream_9,897
node_StreamingDepthwiseConv_2_window_stream_prepad_5,95904
node_StreamingDepthwiseConv_2_streaming_linebuffer_buffer_stream_12,33
node_StreamingDepthwiseConv_2_window_stream_prepad_4,99456
node_StreamingDepthwiseConv_2_streaming_linebuffer_buffer_stream_13,33
node_StreamingDepthwiseConv_2_window_stream_prepad_1,99456
node_StreamingDepthwiseConv_2_window_stream_prepad_0,95904
node_StreamingDepthwiseConv_2_window_stream_0,100352
node_StreamingDepthwiseConv_2_window_stream_1,100352
node_StreamingDepthwiseConv_2_window_stream_2,100352
node_StreamingDepthwiseConv_2_window_stream_3,100352
node_StreamingDepthwiseConv_2_window_stream_4,100352
node_StreamingDepthwiseConv_2_window_stream_5,100352
node_StreamingDepthwiseConv_2_window_stream_6,100352
node_StreamingDepthwiseConv_2_window_stream_7,100352
node_StreamingDepthwiseConv_2_window_stream_8,100352
node_StreamingDepthwiseConv_2_window_stream_9,100352
node_StreamingDepthwiseConv_2_window_stream_10,100352
node_StreamingDepthwiseConv_2_window_stream_11,100352
node_StreamingDepthwiseConv_2_window_stream_12,100352
node_StreamingDepthwiseConv_2_window_stream_13,100352
node_StreamingDepthwiseConv_2_window_stream_14,100352
node_StreamingDepthwiseConv_2_window_stream_15,100352
node_StreamingDepthwiseConv_2_window_stream_16,100352
node_StreamingDepthwiseConv_2_window_stream_17,100352
Quant_109_out0_stream_0,100352
Quant_109_out0_stream_1,100352
Quant_109_out0_stream_2,100352
Quant_109_out0_stream_3,100352
Quant_109_out0_bwch_stream_0,12544
Quant_109_out0_bwch_stream_1,12544
Quant_109_out0_bwch_stream_2,12544
Quant_109_out0_bwch_stream_3,12544
node_StreamingConv_4_window_stream_3,12544
node_StreamingConv_4_window_stream_2,12544
node_StreamingConv_4_window_stream_1,12544
node_StreamingConv_4_window_stream_0,12544
Quant_110_out0_stream_0,25088
Quant_110_out0_stream_1,25088
Quant_110_out0_stream_2,25088
Quant_110_out0_stream_3,25088
Quant_110_out0_bwch_stream_0,3136
Quant_110_out0_bwch_stream_1,3136
Quant_110_out0_bwch_stream_2,3136
Quant_110_out0_bwch_stream_3,3136
node_StreamingConv_5_window_stream_3,3136
node_StreamingConv_5_window_stream_2,3136
node_StreamingConv_5_window_stream_1,3136
node_StreamingConv_5_window_stream_0,3136
Quant_111_out0_stream_0,150528
Quant_111_out0_stream_1,150528
Quant_111_out0_stream_2,150528
Quant_111_out0_stream_3,150528
node_StreamingDepthwiseConv_7_window_stream_prepad_26,37632
node_StreamingDepthwiseConv_7_streaming_linebuffer_buffer_stream_0,49
node_StreamingDepthwiseConv_7_window_stream_prepad_25,37632
node_StreamingDepthwiseConv_7_streaming_linebuffer_buffer_stream_1,49
node_StreamingDepthwiseConv_7_window_stream_prepad_24,37632
node_StreamingDepthwiseConv_7_streaming_linebuffer_buffer_stream_2,49
node_StreamingDepthwiseConv_7_window_stream_prepad_23,37632
node_StreamingDepthwiseConv_7_streaming_linebuffer_buffer_stream_3,49
node_StreamingDepthwiseConv_7_window_stream_prepad_22,37632
node_StreamingDepthwiseConv_7_streaming_linebuffer_buffer_stream_4,49
node_StreamingDepthwiseConv_7_window_stream_prepad_21,37632
node_StreamingDepthwiseConv_7_streaming_linebuffer_buffer_stream_6,1297
node_StreamingDepthwiseConv_7_window_stream_prepad_20,37632
node_StreamingDepthwiseConv_7_streaming_linebuffer_buffer_stream_7,1297
node_StreamingDepthwiseConv_7_window_stream_prepad_19,37632
node_StreamingDepthwiseConv_7_streaming_linebuffer_buffer_stream_8,1249
node_StreamingDepthwiseConv_7_window_stream_prepad_18,34944
node_StreamingDepthwiseConv_7_streaming_linebuffer_buffer_stream_5,1297
node_StreamingDepthwiseConv_7_window_stream_prepad_16,37632
node_StreamingDepthwiseConv_7_streaming_linebuffer_buffer_stream_10,49
node_StreamingDepthwiseConv_7_window_stream_prepad_15,37632
node_StreamingDepthwiseConv_7_streaming_linebuffer_buffer_stream_11,49
node_StreamingDepthwiseConv_7_window_stream_prepad_14,37632
node_StreamingDepthwiseConv_7_streaming_linebuffer_buffer_stream_12,49
node_StreamingDepthwiseConv_7_window_stream_prepad_17,37632
node_StreamingDepthwiseConv_7_streaming_linebuffer_buffer_stream_9,49
node_StreamingDepthwiseConv_7_window_stream_prepad_12,37632
node_StreamingDepthwiseConv_7_streaming_linebuffer_buffer_stream_15,1297
node_StreamingDepthwiseConv_7_window_stream_prepad_11,37632
node_StreamingDepthwiseConv_7_streaming_linebuffer_buffer_stream_16,1297
node_StreamingDepthwiseConv_7_window_stream_prepad_10,37632
node_StreamingDepthwiseConv_7_streaming_linebuffer_buffer_stream_17,1249
node_StreamingDepthwiseConv_7_window_stream_prepad_13,37632
node_StreamingDepthwiseConv_7_streaming_linebuffer_buffer_stream_13,49
node_StreamingDepthwiseConv_7_window_stream_prepad_7,36960
node_StreamingDepthwiseConv_7_streaming_linebuffer_buffer_stream_19,49
node_StreamingDepthwiseConv_7_window_stream_prepad_6,36960
node_StreamingDepthwiseConv_7_streaming_linebuffer_buffer_stream_20,49
node_StreamingDepthwiseConv_7_window_stream_prepad_5,36960
node_StreamingDepthwiseConv_7_streaming_linebuffer_buffer_stream_21,49
node_StreamingDepthwiseConv_7_window_stream_prepad_9,34944
node_StreamingDepthwiseConv_7_streaming_linebuffer_buffer_stream_14,1297
node_StreamingDepthwiseConv_7_window_stream_prepad_3,36960
node_StreamingDepthwiseConv_7_window_stream_prepad_2,36960
node_StreamingDepthwiseConv_7_window_stream_prepad_1,36960
node_StreamingDepthwiseConv_7_window_stream_prepad_8,36960
node_StreamingDepthwiseConv_7_streaming_linebuffer_buffer_stream_18,49
node_StreamingDepthwiseConv_7_window_stream_prepad_4,36960
node_StreamingDepthwiseConv_7_streaming_linebuffer_buffer_stream_22,49
node_StreamingDepthwiseConv_7_window_stream_prepad_0,34320
node_StreamingDepthwiseConv_7_window_stream_0,37632
node_StreamingDepthwiseConv_7_window_stream_1,37632
node_StreamingDepthwiseConv_7_window_stream_2,37632
node_StreamingDepthwiseConv_7_window_stream_3,37632
node_StreamingDepthwiseConv_7_window_stream_4,37632
node_StreamingDepthwiseConv_7_window_stream_5,37632
node_StreamingDepthwiseConv_7_window_stream_6,37632
node_StreamingDepthwiseConv_7_window_stream_7,37632
node_StreamingDepthwiseConv_7_window_stream_8,37632
node_StreamingDepthwiseConv_7_window_stream_9,37632
node_StreamingDepthwiseConv_7_window_stream_10,37632
node_StreamingDepthwiseConv_7_window_stream_11,37632
node_StreamingDepthwiseConv_7_window_stream_12,37632
node_StreamingDepthwiseConv_7_window_stream_13,37632
node_StreamingDepthwiseConv_7_window_stream_14,37632
node_StreamingDepthwiseConv_7_window_stream_15,37632
node_StreamingDepthwiseConv_7_window_stream_16,37632
node_StreamingDepthwiseConv_7_window_stream_17,37632
node_StreamingDepthwiseConv_7_window_stream_18,37632
node_StreamingDepthwiseConv_7_window_stream_19,37632
node_StreamingDepthwiseConv_7_window_stream_20,37632
node_StreamingDepthwiseConv_7_window_stream_21,37632
node_StreamingDepthwiseConv_7_window_stream_22,37632
node_StreamingDepthwiseConv_7_window_stream_23,37632
node_StreamingDepthwiseConv_7_window_stream_24,37632
node_StreamingDepthwiseConv_7_window_stream_25,37632
node_StreamingDepthwiseConv_7_window_stream_26,37632
Quant_112_out0_stream_0,37632
Quant_112_out0_stream_1,37632
Quant_112_out0_stream_2,37632
Quant_112_out0_stream_3,37632
node_StreamingConv_9_window_stream_3,37632
node_StreamingConv_9_window_stream_2,37632
node_StreamingConv_9_window_stream_1,37632
node_StreamingConv_9_window_stream_0,37632
Quant_113_out0_stream_0,3136
Quant_113_out0_stream_1,3136
Quant_113_out0_stream_2,3136
Quant_113_out0_stream_3,3136
Quant_114_out0_stream_0,3136
Quant_114_out0_stream_1,3136
Quant_114_out0_stream_2,3136
Quant_114_out0_stream_3,3136
Quant_115_out0_stream_0,3136
Quant_115_out0_stream_1,3136
Quant_115_out0_stream_2,3136
Quant_115_out0_stream_3,3136
node_StreamingConv_10_window_stream_3,3136
node_StreamingConv_10_window_stream_2,3136
node_StreamingConv_10_window_stream_1,3136
node_StreamingConv_10_window_stream_0,3136
Quant_116_out0_stream_0,37632
Quant_116_out0_stream_1,37632
Quant_116_out0_stream_2,37632
Quant_116_out0_stream_3,37632
Quant_116_out0_bwch_stream_0,112896
Quant_116_out0_bwch_stream_1,112896
Quant_116_out0_bwch_stream_2,112896
Quant_116_out0_bwch_stream_3,112896
node_StreamingDepthwiseConv_12_window_stream_prepad_17,102960
node_StreamingDepthwiseConv_12_streaming_linebuffer_buffer_stream_0,145
node_StreamingDepthwiseConv_12_window_stream_prepad_16,110880
node_StreamingDepthwiseConv_12_streaming_linebuffer_buffer_stream_1,145
node_StreamingDepthwiseConv_12_window_stream_prepad_15,110880
node_StreamingDepthwiseConv_12_streaming_linebuffer_buffer_stream_4,1873
node_StreamingDepthwiseConv_12_window_stream_prepad_14,110880
node_StreamingDepthwiseConv_12_streaming_linebuffer_buffer_stream_5,1873
node_StreamingDepthwiseConv_12_window_stream_prepad_13,110880
node_StreamingDepthwiseConv_12_streaming_linebuffer_buffer_stream_2,2017
node_StreamingDepthwiseConv_12_window_stream_prepad_12,102960
node_StreamingDepthwiseConv_12_streaming_linebuffer_buffer_stream_3,2017
node_StreamingDepthwiseConv_12_window_stream_prepad_9,112896
node_StreamingDepthwiseConv_12_streaming_linebuffer_buffer_stream_10,1873
node_StreamingDepthwiseConv_12_window_stream_prepad_8,112896
node_StreamingDepthwiseConv_12_streaming_linebuffer_buffer_stream_11,1873
node_StreamingDepthwiseConv_12_window_stream_prepad_11,104832
node_StreamingDepthwiseConv_12_streaming_linebuffer_buffer_stream_6,145
node_StreamingDepthwiseConv_12_window_stream_prepad_10,112896
node_StreamingDepthwiseConv_12_streaming_linebuffer_buffer_stream_7,145
node_StreamingDepthwiseConv_12_window_stream_prepad_3,110880
node_StreamingDepthwiseConv_12_window_stream_prepad_2,110880
node_StreamingDepthwiseConv_12_window_stream_prepad_7,112896
node_StreamingDepthwiseConv_12_streaming_linebuffer_buffer_stream_8,2017
node_StreamingDepthwiseConv_12_window_stream_prepad_6,104832
node_StreamingDepthwiseConv_12_streaming_linebuffer_buffer_stream_9,2017
node_StreamingDepthwiseConv_12_window_stream_prepad_5,102960
node_StreamingDepthwiseConv_12_streaming_linebuffer_buffer_stream_12,145
node_StreamingDepthwiseConv_12_window_stream_prepad_4,110880
node_StreamingDepthwiseConv_12_streaming_linebuffer_buffer_stream_13,145
node_StreamingDepthwiseConv_12_window_stream_prepad_1,110880
node_StreamingDepthwiseConv_12_window_stream_prepad_0,102960
node_StreamingDepthwiseConv_12_window_stream_0,112896
node_StreamingDepthwiseConv_12_window_stream_1,112896
node_StreamingDepthwiseConv_12_window_stream_2,112896
node_StreamingDepthwiseConv_12_window_stream_3,112896
node_StreamingDepthwiseConv_12_window_stream_4,112896
node_StreamingDepthwiseConv_12_window_stream_5,112896
node_StreamingDepthwiseConv_12_window_stream_6,112896
node_StreamingDepthwiseConv_12_window_stream_7,112896
node_StreamingDepthwiseConv_12_window_stream_8,112896
node_StreamingDepthwiseConv_12_window_stream_9,112896
node_StreamingDepthwiseConv_12_window_stream_10,112896
node_StreamingDepthwiseConv_12_window_stream_11,112896
node_StreamingDepthwiseConv_12_window_stream_12,112896
node_StreamingDepthwiseConv_12_window_stream_13,112896
node_StreamingDepthwiseConv_12_window_stream_14,112896
node_StreamingDepthwiseConv_12_window_stream_15,112896
node_StreamingDepthwiseConv_12_window_stream_16,112896
node_StreamingDepthwiseConv_12_window_stream_17,112896
Quant_117_out0_stream_0,112896
Quant_117_out0_stream_1,112896
Quant_117_out0_stream_2,112896
Quant_117_out0_stream_3,112896
Quant_117_out0_bwch_stream_0,37632
Quant_117_out0_bwch_stream_1,37632
Quant_117_out0_bwch_stream_2,37632
Quant_117_out0_bwch_stream_3,37632
node_StreamingConv_14_window_stream_3,37632
node_StreamingConv_14_window_stream_2,37632
node_StreamingConv_14_window_stream_1,37632
node_StreamingConv_14_window_stream_0,37632
Quant_118_out0_stream_0,3136
Quant_118_out0_stream_1,3136
Quant_118_out0_stream_2,3136
Quant_118_out0_stream_3,3136
Quant_119_out0_stream_0,3136
Quant_119_out0_stream_1,3136
Quant_119_out0_stream_2,3136
Quant_119_out0_stream_3,3136
node_StreamingConv_16_window_stream_3,3136
node_StreamingConv_16_window_stream_2,3136
node_StreamingConv_16_window_stream_1,3136
node_StreamingConv_16_window_stream_0,3136
Quant_120_out0_stream_0,37632
Quant_120_out0_stream_1,37632
Quant_120_out0_stream_2,37632
Quant_120_out0_stream_3,37632
Quant_120_out0_bwch_stream_0,112896
Quant_120_out0_bwch_stream_1,112896
Quant_120_out0_bwch_stream_2,112896
Quant_120_out0_bwch_stream_3,112896
node_StreamingDepthwiseConv_18_window_stream_prepad_26,28224
node_StreamingDepthwiseConv_18_streaming_linebuffer_buffer_stream_0,145
node_StreamingDepthwiseConv_18_window_stream_prepad_25,28224
node_StreamingDepthwiseConv_18_streaming_linebuffer_buffer_stream_1,145
node_StreamingDepthwiseConv_18_window_stream_prepad_24,28224
node_StreamingDepthwiseConv_18_streaming_linebuffer_buffer_stream_2,145
node_StreamingDepthwiseConv_18_window_stream_prepad_23,28224
node_StreamingDepthwiseConv_18_streaming_linebuffer_buffer_stream_3,145
node_StreamingDepthwiseConv_18_window_stream_prepad_22,28224
node_StreamingDepthwiseConv_18_streaming_linebuffer_buffer_stream_4,145
node_StreamingDepthwiseConv_18_window_stream_prepad_21,28224
node_StreamingDepthwiseConv_18_streaming_linebuffer_buffer_stream_6,1873
node_StreamingDepthwiseConv_18_window_stream_prepad_20,28224
node_StreamingDepthwiseConv_18_streaming_linebuffer_buffer_stream_7,1873
node_StreamingDepthwiseConv_18_window_stream_prepad_19,28224
node_StreamingDepthwiseConv_18_streaming_linebuffer_buffer_stream_8,1729
node_StreamingDepthwiseConv_18_window_stream_prepad_18,24192
node_StreamingDepthwiseConv_18_streaming_linebuffer_buffer_stream_5,1873
node_StreamingDepthwiseConv_18_window_stream_prepad_16,28224
node_StreamingDepthwiseConv_18_streaming_linebuffer_buffer_stream_10,145
node_StreamingDepthwiseConv_18_window_stream_prepad_15,28224
node_StreamingDepthwiseConv_18_streaming_linebuffer_buffer_stream_11,145
node_StreamingDepthwiseConv_18_window_stream_prepad_14,28224
node_StreamingDepthwiseConv_18_streaming_linebuffer_buffer_stream_12,145
node_StreamingDepthwiseConv_18_window_stream_prepad_17,28224
node_StreamingDepthwiseConv_18_streaming_linebuffer_buffer_stream_9,145
node_StreamingDepthwiseConv_18_window_stream_prepad_12,28224
node_StreamingDepthwiseConv_18_streaming_linebuffer_buffer_stream_15,1873
node_StreamingDepthwiseConv_18_window_stream_prepad_11,28224
node_StreamingDepthwiseConv_18_streaming_linebuffer_buffer_stream_16,1873
node_StreamingDepthwiseConv_18_window_stream_prepad_10,28224
node_StreamingDepthwiseConv_18_streaming_linebuffer_buffer_stream_17,1729
node_StreamingDepthwiseConv_18_window_stream_prepad_13,28224
node_StreamingDepthwiseConv_18_streaming_linebuffer_buffer_stream_13,145
node_StreamingDepthwiseConv_18_window_stream_prepad_7,27216
node_StreamingDepthwiseConv_18_streaming_linebuffer_buffer_stream_19,145
node_StreamingDepthwiseConv_18_window_stream_prepad_6,27216
node_StreamingDepthwiseConv_18_streaming_linebuffer_buffer_stream_20,145
node_StreamingDepthwiseConv_18_window_stream_prepad_5,27216
node_StreamingDepthwiseConv_18_streaming_linebuffer_buffer_stream_21,145
node_StreamingDepthwiseConv_18_window_stream_prepad_9,24192
node_StreamingDepthwiseConv_18_streaming_linebuffer_buffer_stream_14,1873
node_StreamingDepthwiseConv_18_window_stream_prepad_3,27216
node_StreamingDepthwiseConv_18_window_stream_prepad_2,27216
node_StreamingDepthwiseConv_18_window_stream_prepad_1,27216
node_StreamingDepthwiseConv_18_window_stream_prepad_8,27216
node_StreamingDepthwiseConv_18_streaming_linebuffer_buffer_stream_18,145
node_StreamingDepthwiseConv_18_window_stream_prepad_4,27216
node_StreamingDepthwiseConv_18_streaming_linebuffer_buffer_stream_22,145
node_StreamingDepthwiseConv_18_window_stream_prepad_0,23328
node_StreamingDepthwiseConv_18_window_stream_0,28224
node_StreamingDepthwiseConv_18_window_stream_1,28224
node_StreamingDepthwiseConv_18_window_stream_2,28224
node_StreamingDepthwiseConv_18_window_stream_3,28224
node_StreamingDepthwiseConv_18_window_stream_4,28224
node_StreamingDepthwiseConv_18_window_stream_5,28224
node_StreamingDepthwiseConv_18_window_stream_6,28224
node_StreamingDepthwiseConv_18_window_stream_7,28224
node_StreamingDepthwiseConv_18_window_stream_8,28224
node_StreamingDepthwiseConv_18_window_stream_9,28224
node_StreamingDepthwiseConv_18_window_stream_10,28224
node_StreamingDepthwiseConv_18_window_stream_11,28224
node_StreamingDepthwiseConv_18_window_stream_12,28224
node_StreamingDepthwiseConv_18_window_stream_13,28224
node_StreamingDepthwiseConv_18_window_stream_14,28224
node_StreamingDepthwiseConv_18_window_stream_15,28224
node_StreamingDepthwiseConv_18_window_stream_16,28224
node_StreamingDepthwiseConv_18_window_stream_17,28224
node_StreamingDepthwiseConv_18_window_stream_18,28224
node_StreamingDepthwiseConv_18_window_stream_19,28224
node_StreamingDepthwiseConv_18_window_stream_20,28224
node_StreamingDepthwiseConv_18_window_stream_21,28224
node_StreamingDepthwiseConv_18_window_stream_22,28224
node_StreamingDepthwiseConv_18_window_stream_23,28224
node_StreamingDepthwiseConv_18_window_stream_24,28224
node_StreamingDepthwiseConv_18_window_stream_25,28224
node_StreamingDepthwiseConv_18_window_stream_26,28224
Quant_121_out0_stream_0,28224
Quant_121_out0_stream_1,28224
Quant_121_out0_stream_2,28224
Quant_121_out0_stream_3,28224
Quant_121_out0_bwch_stream_0,3136
Quant_121_out0_bwch_stream_1,3136
Quant_121_out0_bwch_stream_2,3136
Quant_121_out0_bwch_stream_3,3136
node_StreamingConv_20_window_stream_3,3136
node_StreamingConv_20_window_stream_2,3136
node_StreamingConv_20_window_stream_1,3136
node_StreamingConv_20_window_stream_0,3136
Quant_122_out0_stream_0,6272
Quant_122_out0_stream_1,6272
Quant_122_out0_stream_2,6272
Quant_122_out0_stream_3,6272
Quant_123_out0_stream_0,6272
Quant_123_out0_stream_1,6272
Quant_123_out0_stream_2,6272
Quant_123_out0_stream_3,6272
Quant_124_out0_stream_0,6272
Quant_124_out0_stream_1,6272
Quant_124_out0_stream_2,6272
Quant_124_out0_stream_3,6272
Quant_123_out0_bww_stream_0,12544
Quant_123_out0_bww_stream_1,12544
Quant_124_out0_bwch_stream_0,392
Quant_124_out0_bwch_stream_1,392
Quant_124_out0_bwch_stream_2,392
Quant_124_out0_bwch_stream_3,392
Quant_124_out0_bww_stream_0,784
Quant_124_out0_bww_stream_1,784
node_StreamingConv_21_window_stream_1,12544
node_StreamingConv_21_window_stream_0,12544
Quant_125_out0_stream_0,4704
Quant_125_out0_stream_1,4704
Quant_125_out0_bwch_stream_0,75264
Quant_125_out0_bwch_stream_1,75264
node_StreamingDepthwiseConv_23_window_stream_prepad_11,67392
node_StreamingDepthwiseConv_23_streaming_linebuffer_buffer_stream_0,193
node_StreamingDepthwiseConv_23_window_stream_prepad_10,72576
node_StreamingDepthwiseConv_23_streaming_linebuffer_buffer_stream_1,193
node_StreamingDepthwiseConv_23_window_stream_prepad_9,72576
node_StreamingDepthwiseConv_23_streaming_linebuffer_buffer_stream_2,2497
node_StreamingDepthwiseConv_23_window_stream_prepad_8,67392
node_StreamingDepthwiseConv_23_streaming_linebuffer_buffer_stream_3,2497
node_StreamingDepthwiseConv_23_window_stream_prepad_7,69888
node_StreamingDepthwiseConv_23_streaming_linebuffer_buffer_stream_4,193
node_StreamingDepthwiseConv_23_window_stream_prepad_6,75264
node_StreamingDepthwiseConv_23_streaming_linebuffer_buffer_stream_5,193
node_StreamingDepthwiseConv_23_window_stream_prepad_5,75264
node_StreamingDepthwiseConv_23_streaming_linebuffer_buffer_stream_6,2497
node_StreamingDepthwiseConv_23_window_stream_prepad_4,69888
node_StreamingDepthwiseConv_23_streaming_linebuffer_buffer_stream_7,2497
node_StreamingDepthwiseConv_23_window_stream_prepad_3,67392
node_StreamingDepthwiseConv_23_streaming_linebuffer_buffer_stream_8,193
node_StreamingDepthwiseConv_23_window_stream_prepad_2,72576
node_StreamingDepthwiseConv_23_streaming_linebuffer_buffer_stream_9,193
node_StreamingDepthwiseConv_23_window_stream_prepad_1,72576
node_StreamingDepthwiseConv_23_window_stream_prepad_0,67392
node_StreamingDepthwiseConv_23_window_stream_0,75264
node_StreamingDepthwiseConv_23_window_stream_1,75264
node_StreamingDepthwiseConv_23_window_stream_2,75264
node_StreamingDepthwiseConv_23_window_stream_3,75264
node_StreamingDepthwiseConv_23_window_stream_4,75264
node_StreamingDepthwiseConv_23_window_stream_5,75264
node_StreamingDepthwiseConv_23_window_stream_6,75264
node_StreamingDepthwiseConv_23_window_stream_7,75264
node_StreamingDepthwiseConv_23_window_stream_8,75264
node_StreamingDepthwiseConv_23_window_stream_9,75264
node_StreamingDepthwiseConv_23_window_stream_10,75264
node_StreamingDepthwiseConv_23_window_stream_11,75264
Quant_126_out0_stream_0,75264
Quant_126_out0_stream_1,75264
node_StreamingConv_25_window_stream_1,75264
node_StreamingConv_25_window_stream_0,75264
Quant_127_out0_stream_0,784
Quant_127_out0_stream_1,784
Quant_128_out0_stream_0,784
Quant_128_out0_stream_1,784
Quant_128_out0_bww_stream_0,392
Quant_128_out0_bww_stream_1,392
Quant_128_out0_bww_stream_2,392
Quant_128_out0_bww_stream_3,392
Quant_128_out0_bwch_stream_0,6272
Quant_128_out0_bwch_stream_1,6272
Quant_128_out0_bwch_stream_2,6272
Quant_128_out0_bwch_stream_3,6272
Quant_129_out0_stream_0,6272
Quant_129_out0_stream_1,6272
Quant_129_out0_stream_2,6272
Quant_129_out0_stream_3,6272
Quant_130_out0_stream_0,6272
Quant_130_out0_stream_1,6272
Quant_130_out0_stream_2,6272
Quant_130_out0_stream_3,6272
Quant_129_out0_bwch_stream_0,392
Quant_129_out0_bwch_stream_1,392
Quant_129_out0_bwch_stream_2,392
Quant_129_out0_bwch_stream_3,392
Quant_130_out0_bwch_stream_0,392
Quant_130_out0_bwch_stream_1,392
Quant_130_out0_bwch_stream_2,392
Quant_130_out0_bwch_stream_3,392
Quant_129_out0_bww_stream_0,784
Quant_129_out0_bww_stream_1,784
Quant_130_out0_bww_stream_0,784
Quant_130_out0_bww_stream_1,784
node_StreamingConv_27_window_stream_1,784
node_StreamingConv_27_window_stream_0,784
Quant_131_out0_stream_0,75264
Quant_131_out0_stream_1,75264
node_StreamingDepthwiseConv_29_window_stream_prepad_11,67392
node_StreamingDepthwiseConv_29_streaming_linebuffer_buffer_stream_0,193
node_StreamingDepthwiseConv_29_window_stream_prepad_10,72576
node_StreamingDepthwiseConv_29_streaming_linebuffer_buffer_stream_1,193
node_StreamingDepthwiseConv_29_window_stream_prepad_9,72576
node_StreamingDepthwiseConv_29_streaming_linebuffer_buffer_stream_2,2497
node_StreamingDepthwiseConv_29_window_stream_prepad_8,67392
node_StreamingDepthwiseConv_29_streaming_linebuffer_buffer_stream_3,2497
node_StreamingDepthwiseConv_29_window_stream_prepad_7,69888
node_StreamingDepthwiseConv_29_streaming_linebuffer_buffer_stream_4,193
node_StreamingDepthwiseConv_29_window_stream_prepad_6,75264
node_StreamingDepthwiseConv_29_streaming_linebuffer_buffer_stream_5,193
node_StreamingDepthwiseConv_29_window_stream_prepad_5,75264
node_StreamingDepthwiseConv_29_streaming_linebuffer_buffer_stream_6,2497
node_StreamingDepthwiseConv_29_window_stream_prepad_4,69888
node_StreamingDepthwiseConv_29_streaming_linebuffer_buffer_stream_7,2497
node_StreamingDepthwiseConv_29_window_stream_prepad_3,67392
node_StreamingDepthwiseConv_29_streaming_linebuffer_buffer_stream_8,193
node_StreamingDepthwiseConv_29_window_stream_prepad_2,72576
node_StreamingDepthwiseConv_29_streaming_linebuffer_buffer_stream_9,193
node_StreamingDepthwiseConv_29_window_stream_prepad_1,72576
node_StreamingDepthwiseConv_29_window_stream_prepad_0,67392
node_StreamingDepthwiseConv_29_window_stream_0,75264
node_StreamingDepthwiseConv_29_window_stream_1,75264
node_StreamingDepthwiseConv_29_window_stream_2,75264
node_StreamingDepthwiseConv_29_window_stream_3,75264
node_StreamingDepthwiseConv_29_window_stream_4,75264
node_StreamingDepthwiseConv_29_window_stream_5,75264
node_StreamingDepthwiseConv_29_window_stream_6,75264
node_StreamingDepthwiseConv_29_window_stream_7,75264
node_StreamingDepthwiseConv_29_window_stream_8,75264
node_StreamingDepthwiseConv_29_window_stream_9,75264
node_StreamingDepthwiseConv_29_window_stream_10,75264
node_StreamingDepthwiseConv_29_window_stream_11,75264
Quant_132_out0_stream_0,75264
Quant_132_out0_stream_1,75264
node_StreamingConv_31_window_stream_1,75264
node_StreamingConv_31_window_stream_0,75264
Quant_133_out0_stream_0,784
Quant_133_out0_stream_1,784
Quant_134_out0_stream_0,784
Quant_134_out0_stream_1,784
node_StreamingConv_33_window_stream_1,784
node_StreamingConv_33_window_stream_0,784
Quant_135_out0_stream_0,75264
Quant_135_out0_stream_1,75264
node_StreamingDepthwiseConv_35_window_stream_prepad_14,18816
node_StreamingDepthwiseConv_35_streaming_linebuffer_buffer_stream_0,193
node_StreamingDepthwiseConv_35_window_stream_prepad_13,18816
node_StreamingDepthwiseConv_35_streaming_linebuffer_buffer_stream_1,193
node_StreamingDepthwiseConv_35_window_stream_prepad_12,18816
node_StreamingDepthwiseConv_35_streaming_linebuffer_buffer_stream_2,193
node_StreamingDepthwiseConv_35_window_stream_prepad_11,18816
node_StreamingDepthwiseConv_35_streaming_linebuffer_buffer_stream_4,2305
node_StreamingDepthwiseConv_35_window_stream_prepad_10,16128
node_StreamingDepthwiseConv_35_streaming_linebuffer_buffer_stream_3,2497
node_StreamingDepthwiseConv_35_window_stream_prepad_8,18816
node_StreamingDepthwiseConv_35_streaming_linebuffer_buffer_stream_6,193
node_StreamingDepthwiseConv_35_window_stream_prepad_9,18816
node_StreamingDepthwiseConv_35_streaming_linebuffer_buffer_stream_5,193
node_StreamingDepthwiseConv_35_window_stream_prepad_6,18816
node_StreamingDepthwiseConv_35_streaming_linebuffer_buffer_stream_9,2305
node_StreamingDepthwiseConv_35_window_stream_prepad_7,18816
node_StreamingDepthwiseConv_35_streaming_linebuffer_buffer_stream_7,193
node_StreamingDepthwiseConv_35_window_stream_prepad_3,17472
node_StreamingDepthwiseConv_35_streaming_linebuffer_buffer_stream_11,193
node_StreamingDepthwiseConv_35_window_stream_prepad_5,16128
node_StreamingDepthwiseConv_35_streaming_linebuffer_buffer_stream_8,2497
node_StreamingDepthwiseConv_35_window_stream_prepad_1,17472
node_StreamingDepthwiseConv_35_window_stream_prepad_4,17472
node_StreamingDepthwiseConv_35_streaming_linebuffer_buffer_stream_10,193
node_StreamingDepthwiseConv_35_window_stream_prepad_2,17472
node_StreamingDepthwiseConv_35_streaming_linebuffer_buffer_stream_12,193
node_StreamingDepthwiseConv_35_window_stream_prepad_0,14976
node_StreamingDepthwiseConv_35_window_stream_0,18816
node_StreamingDepthwiseConv_35_window_stream_1,18816
node_StreamingDepthwiseConv_35_window_stream_2,18816
node_StreamingDepthwiseConv_35_window_stream_3,18816
node_StreamingDepthwiseConv_35_window_stream_4,18816
node_StreamingDepthwiseConv_35_window_stream_5,18816
node_StreamingDepthwiseConv_35_window_stream_6,18816
node_StreamingDepthwiseConv_35_window_stream_7,18816
node_StreamingDepthwiseConv_35_window_stream_8,18816
node_StreamingDepthwiseConv_35_window_stream_9,18816
node_StreamingDepthwiseConv_35_window_stream_10,18816
node_StreamingDepthwiseConv_35_window_stream_11,18816
node_StreamingDepthwiseConv_35_window_stream_12,18816
node_StreamingDepthwiseConv_35_window_stream_13,18816
node_StreamingDepthwiseConv_35_window_stream_14,18816
Quant_136_out0_stream_0,18816
Quant_136_out0_stream_1,18816
node_StreamingConv_37_window_stream_1,18816
node_StreamingConv_37_window_stream_0,18816
Quant_137_out0_stream_0,784
Quant_137_out0_stream_1,784
Quant_138_out0_stream_0,784
Quant_138_out0_stream_1,784
Quant_139_out0_stream_0,784
Quant_139_out0_stream_1,784
Quant_139_out0_bwch_stream_0,392
Quant_139_out0_bwch_stream_1,392
node_StreamingConv_38_window_stream_1,784
node_StreamingConv_38_window_stream_0,784
Quant_140_out0_stream_0,18816
Quant_140_out0_stream_1,18816
Quant_140_out0_bwch_stream_0,37632
Quant_140_out0_bwch_stream_1,37632
node_StreamingDepthwiseConv_40_window_stream_prepad_11,29952
node_StreamingDepthwiseConv_40_streaming_linebuffer_buffer_stream_0,385
node_StreamingDepthwiseConv_40_window_stream_prepad_10,34944
node_StreamingDepthwiseConv_40_streaming_linebuffer_buffer_stream_1,385
node_StreamingDepthwiseConv_40_window_stream_prepad_9,34944
node_StreamingDepthwiseConv_40_streaming_linebuffer_buffer_stream_2,2305
node_StreamingDepthwiseConv_40_window_stream_prepad_8,29952
node_StreamingDepthwiseConv_40_streaming_linebuffer_buffer_stream_3,2305
node_StreamingDepthwiseConv_40_window_stream_prepad_7,32256
node_StreamingDepthwiseConv_40_streaming_linebuffer_buffer_stream_4,385
node_StreamingDepthwiseConv_40_window_stream_prepad_6,37632
node_StreamingDepthwiseConv_40_streaming_linebuffer_buffer_stream_5,385
node_StreamingDepthwiseConv_40_window_stream_prepad_5,37632
node_StreamingDepthwiseConv_40_streaming_linebuffer_buffer_stream_6,2305
node_StreamingDepthwiseConv_40_window_stream_prepad_4,32256
node_StreamingDepthwiseConv_40_streaming_linebuffer_buffer_stream_7,2305
node_StreamingDepthwiseConv_40_window_stream_prepad_3,29952
node_StreamingDepthwiseConv_40_streaming_linebuffer_buffer_stream_8,385
node_StreamingDepthwiseConv_40_window_stream_prepad_2,34944
node_StreamingDepthwiseConv_40_streaming_linebuffer_buffer_stream_9,385
node_StreamingDepthwiseConv_40_window_stream_prepad_1,34944
node_StreamingDepthwiseConv_40_window_stream_prepad_0,29952
node_StreamingDepthwiseConv_40_window_stream_0,37632
node_StreamingDepthwiseConv_40_window_stream_1,37632
node_StreamingDepthwiseConv_40_window_stream_2,37632
node_StreamingDepthwiseConv_40_window_stream_3,37632
node_StreamingDepthwiseConv_40_window_stream_4,37632
node_StreamingDepthwiseConv_40_window_stream_5,37632
node_StreamingDepthwiseConv_40_window_stream_6,37632
node_StreamingDepthwiseConv_40_window_stream_7,37632
node_StreamingDepthwiseConv_40_window_stream_8,37632
node_StreamingDepthwiseConv_40_window_stream_9,37632
node_StreamingDepthwiseConv_40_window_stream_10,37632
node_StreamingDepthwiseConv_40_window_stream_11,37632
Quant_141_out0_stream_0,37632
Quant_141_out0_stream_1,37632
node_StreamingConv_42_window_stream_1,37632
node_StreamingConv_42_window_stream_0,37632
Quant_142_out0_stream_0,392
Quant_142_out0_stream_1,392
Quant_143_out0_stream_0,392
Quant_143_out0_stream_1,392
Quant_143_out0_bwch_stream_0,784
Quant_143_out0_bwch_stream_1,784
Quant_144_out0_stream_0,784
Quant_144_out0_stream_1,784
Quant_145_out0_stream_0,784
Quant_145_out0_stream_1,784
Quant_144_out0_bwch_stream_0,392
Quant_144_out0_bwch_stream_1,392
Quant_145_out0_bwch_stream_0,392
Quant_145_out0_bwch_stream_1,392
node_StreamingConv_44_window_stream_1,392
node_StreamingConv_44_window_stream_0,392
Quant_146_out0_stream_0,37632
Quant_146_out0_stream_1,37632
node_StreamingDepthwiseConv_46_window_stream_prepad_11,29952
node_StreamingDepthwiseConv_46_streaming_linebuffer_buffer_stream_0,385
node_StreamingDepthwiseConv_46_window_stream_prepad_10,34944
node_StreamingDepthwiseConv_46_streaming_linebuffer_buffer_stream_1,385
node_StreamingDepthwiseConv_46_window_stream_prepad_9,34944
node_StreamingDepthwiseConv_46_streaming_linebuffer_buffer_stream_2,2305
node_StreamingDepthwiseConv_46_window_stream_prepad_8,29952
node_StreamingDepthwiseConv_46_streaming_linebuffer_buffer_stream_3,2305
node_StreamingDepthwiseConv_46_window_stream_prepad_7,32256
node_StreamingDepthwiseConv_46_streaming_linebuffer_buffer_stream_4,385
node_StreamingDepthwiseConv_46_window_stream_prepad_6,37632
node_StreamingDepthwiseConv_46_streaming_linebuffer_buffer_stream_5,385
node_StreamingDepthwiseConv_46_window_stream_prepad_5,37632
node_StreamingDepthwiseConv_46_streaming_linebuffer_buffer_stream_6,2305
node_StreamingDepthwiseConv_46_window_stream_prepad_4,32256
node_StreamingDepthwiseConv_46_streaming_linebuffer_buffer_stream_7,2305
node_StreamingDepthwiseConv_46_window_stream_prepad_3,29952
node_StreamingDepthwiseConv_46_streaming_linebuffer_buffer_stream_8,385
node_StreamingDepthwiseConv_46_window_stream_prepad_2,34944
node_StreamingDepthwiseConv_46_streaming_linebuffer_buffer_stream_9,385
node_StreamingDepthwiseConv_46_window_stream_prepad_1,34944
node_StreamingDepthwiseConv_46_window_stream_prepad_0,29952
node_StreamingDepthwiseConv_46_window_stream_0,37632
node_StreamingDepthwiseConv_46_window_stream_1,37632
node_StreamingDepthwiseConv_46_window_stream_2,37632
node_StreamingDepthwiseConv_46_window_stream_3,37632
node_StreamingDepthwiseConv_46_window_stream_4,37632
node_StreamingDepthwiseConv_46_window_stream_5,37632
node_StreamingDepthwiseConv_46_window_stream_6,37632
node_StreamingDepthwiseConv_46_window_stream_7,37632
node_StreamingDepthwiseConv_46_window_stream_8,37632
node_StreamingDepthwiseConv_46_window_stream_9,37632
node_StreamingDepthwiseConv_46_window_stream_10,37632
node_StreamingDepthwiseConv_46_window_stream_11,37632
Quant_147_out0_stream_0,37632
Quant_147_out0_stream_1,37632
node_StreamingConv_48_window_stream_1,37632
node_StreamingConv_48_window_stream_0,37632
Quant_148_out0_stream_0,392
Quant_148_out0_stream_1,392
Quant_149_out0_stream_0,392
Quant_149_out0_stream_1,392
Quant_149_out0_bwch_stream_0,784
Quant_149_out0_bwch_stream_1,784
Quant_150_out0_stream_0,784
Quant_150_out0_stream_1,784
Quant_151_out0_stream_0,784
Quant_151_out0_stream_1,784
Quant_150_out0_bwch_stream_0,392
Quant_150_out0_bwch_stream_1,392
Quant_151_out0_bwch_stream_0,392
Quant_151_out0_bwch_stream_1,392
node_StreamingConv_50_window_stream_1,392
node_StreamingConv_50_window_stream_0,392
Quant_152_out0_stream_0,37632
Quant_152_out0_stream_1,37632
node_StreamingDepthwiseConv_52_window_stream_prepad_11,29952
node_StreamingDepthwiseConv_52_streaming_linebuffer_buffer_stream_0,385
node_StreamingDepthwiseConv_52_window_stream_prepad_10,34944
node_StreamingDepthwiseConv_52_streaming_linebuffer_buffer_stream_1,385
node_StreamingDepthwiseConv_52_window_stream_prepad_9,34944
node_StreamingDepthwiseConv_52_streaming_linebuffer_buffer_stream_2,2305
node_StreamingDepthwiseConv_52_window_stream_prepad_8,29952
node_StreamingDepthwiseConv_52_streaming_linebuffer_buffer_stream_3,2305
node_StreamingDepthwiseConv_52_window_stream_prepad_7,32256
node_StreamingDepthwiseConv_52_streaming_linebuffer_buffer_stream_4,385
node_StreamingDepthwiseConv_52_window_stream_prepad_6,37632
node_StreamingDepthwiseConv_52_streaming_linebuffer_buffer_stream_5,385
node_StreamingDepthwiseConv_52_window_stream_prepad_5,37632
node_StreamingDepthwiseConv_52_streaming_linebuffer_buffer_stream_6,2305
node_StreamingDepthwiseConv_52_window_stream_prepad_4,32256
node_StreamingDepthwiseConv_52_streaming_linebuffer_buffer_stream_7,2305
node_StreamingDepthwiseConv_52_window_stream_prepad_3,29952
node_StreamingDepthwiseConv_52_streaming_linebuffer_buffer_stream_8,385
node_StreamingDepthwiseConv_52_window_stream_prepad_2,34944
node_StreamingDepthwiseConv_52_streaming_linebuffer_buffer_stream_9,385
node_StreamingDepthwiseConv_52_window_stream_prepad_1,34944
node_StreamingDepthwiseConv_52_window_stream_prepad_0,29952
node_StreamingDepthwiseConv_52_window_stream_0,37632
node_StreamingDepthwiseConv_52_window_stream_1,37632
node_StreamingDepthwiseConv_52_window_stream_2,37632
node_StreamingDepthwiseConv_52_window_stream_3,37632
node_StreamingDepthwiseConv_52_window_stream_4,37632
node_StreamingDepthwiseConv_52_window_stream_5,37632
node_StreamingDepthwiseConv_52_window_stream_6,37632
node_StreamingDepthwiseConv_52_window_stream_7,37632
node_StreamingDepthwiseConv_52_window_stream_8,37632
node_StreamingDepthwiseConv_52_window_stream_9,37632
node_StreamingDepthwiseConv_52_window_stream_10,37632
node_StreamingDepthwiseConv_52_window_stream_11,37632
Quant_153_out0_stream_0,37632
Quant_153_out0_stream_1,37632
node_StreamingConv_54_window_stream_1,37632
node_StreamingConv_54_window_stream_0,37632
Quant_154_out0_stream_0,392
Quant_154_out0_stream_1,392
Quant_155_out0_stream_0,392
Quant_155_out0_stream_1,392
node_StreamingConv_56_window_stream_1,392
node_StreamingConv_56_window_stream_0,392
Quant_156_out0_stream_0,37632
Quant_156_out0_stream_1,37632
node_StreamingDepthwiseConv_58_window_stream_prepad_11,29952
node_StreamingDepthwiseConv_58_streaming_linebuffer_buffer_stream_0,385
node_StreamingDepthwiseConv_58_window_stream_prepad_10,34944
node_StreamingDepthwiseConv_58_streaming_linebuffer_buffer_stream_1,385
node_StreamingDepthwiseConv_58_window_stream_prepad_9,34944
node_StreamingDepthwiseConv_58_streaming_linebuffer_buffer_stream_2,2305
node_StreamingDepthwiseConv_58_window_stream_prepad_8,29952
node_StreamingDepthwiseConv_58_streaming_linebuffer_buffer_stream_3,2305
node_StreamingDepthwiseConv_58_window_stream_prepad_7,32256
node_StreamingDepthwiseConv_58_streaming_linebuffer_buffer_stream_4,385
node_StreamingDepthwiseConv_58_window_stream_prepad_6,37632
node_StreamingDepthwiseConv_58_streaming_linebuffer_buffer_stream_5,385
node_StreamingDepthwiseConv_58_window_stream_prepad_5,37632
node_StreamingDepthwiseConv_58_streaming_linebuffer_buffer_stream_6,2305
node_StreamingDepthwiseConv_58_window_stream_prepad_4,32256
node_StreamingDepthwiseConv_58_streaming_linebuffer_buffer_stream_7,2305
node_StreamingDepthwiseConv_58_window_stream_prepad_3,29952
node_StreamingDepthwiseConv_58_streaming_linebuffer_buffer_stream_8,385
node_StreamingDepthwiseConv_58_window_stream_prepad_2,34944
node_StreamingDepthwiseConv_58_streaming_linebuffer_buffer_stream_9,385
node_StreamingDepthwiseConv_58_window_stream_prepad_1,34944
node_StreamingDepthwiseConv_58_window_stream_prepad_0,29952
node_StreamingDepthwiseConv_58_window_stream_0,37632
node_StreamingDepthwiseConv_58_window_stream_1,37632
node_StreamingDepthwiseConv_58_window_stream_2,37632
node_StreamingDepthwiseConv_58_window_stream_3,37632
node_StreamingDepthwiseConv_58_window_stream_4,37632
node_StreamingDepthwiseConv_58_window_stream_5,37632
node_StreamingDepthwiseConv_58_window_stream_6,37632
node_StreamingDepthwiseConv_58_window_stream_7,37632
node_StreamingDepthwiseConv_58_window_stream_8,37632
node_StreamingDepthwiseConv_58_window_stream_9,37632
node_StreamingDepthwiseConv_58_window_stream_10,37632
node_StreamingDepthwiseConv_58_window_stream_11,37632
Quant_157_out0_stream_0,37632
Quant_157_out0_stream_1,37632
Quant_157_out0_bwch_stream_0,9408
Quant_157_out0_bwch_stream_1,9408
node_StreamingConv_60_window_stream_1,9408
node_StreamingConv_60_window_stream_0,9408
Quant_158_out0_stream_0,1568
Quant_158_out0_stream_1,1568
Quant_159_out0_stream_0,1568
Quant_159_out0_stream_1,1568
Quant_160_out0_stream_0,1568
Quant_160_out0_stream_1,1568
node_StreamingConv_61_window_stream_1,1568
node_StreamingConv_61_window_stream_0,1568
Quant_161_out0_stream_0,9408
Quant_161_out0_stream_1,9408
Quant_161_out0_bwch_stream_0,56448
Quant_161_out0_bwch_stream_1,56448
node_StreamingDepthwiseConv_63_window_stream_prepad_11,44928
node_StreamingDepthwiseConv_63_streaming_linebuffer_buffer_stream_0,577
node_StreamingDepthwiseConv_63_window_stream_prepad_10,52416
node_StreamingDepthwiseConv_63_streaming_linebuffer_buffer_stream_1,577
node_StreamingDepthwiseConv_63_window_stream_prepad_9,52416
node_StreamingDepthwiseConv_63_streaming_linebuffer_buffer_stream_2,3457
node_StreamingDepthwiseConv_63_window_stream_prepad_8,44928
node_StreamingDepthwiseConv_63_streaming_linebuffer_buffer_stream_3,3457
node_StreamingDepthwiseConv_63_window_stream_prepad_7,48384
node_StreamingDepthwiseConv_63_streaming_linebuffer_buffer_stream_4,577
node_StreamingDepthwiseConv_63_window_stream_prepad_6,56448
node_StreamingDepthwiseConv_63_streaming_linebuffer_buffer_stream_5,577
node_StreamingDepthwiseConv_63_window_stream_prepad_5,56448
node_StreamingDepthwiseConv_63_streaming_linebuffer_buffer_stream_6,3457
node_StreamingDepthwiseConv_63_window_stream_prepad_4,48384
node_StreamingDepthwiseConv_63_streaming_linebuffer_buffer_stream_7,3457
node_StreamingDepthwiseConv_63_window_stream_prepad_3,44928
node_StreamingDepthwiseConv_63_streaming_linebuffer_buffer_stream_8,577
node_StreamingDepthwiseConv_63_window_stream_prepad_2,52416
node_StreamingDepthwiseConv_63_streaming_linebuffer_buffer_stream_9,577
node_StreamingDepthwiseConv_63_window_stream_prepad_1,52416
node_StreamingDepthwiseConv_63_window_stream_prepad_0,44928
node_StreamingDepthwiseConv_63_window_stream_0,56448
node_StreamingDepthwiseConv_63_window_stream_1,56448
node_StreamingDepthwiseConv_63_window_stream_2,56448
node_StreamingDepthwiseConv_63_window_stream_3,56448
node_StreamingDepthwiseConv_63_window_stream_4,56448
node_StreamingDepthwiseConv_63_window_stream_5,56448
node_StreamingDepthwiseConv_63_window_stream_6,56448
node_StreamingDepthwiseConv_63_window_stream_7,56448
node_StreamingDepthwiseConv_63_window_stream_8,56448
node_StreamingDepthwiseConv_63_window_stream_9,56448
node_StreamingDepthwiseConv_63_window_stream_10,56448
node_StreamingDepthwiseConv_63_window_stream_11,56448
Quant_162_out0_stream_0,56448
Quant_162_out0_stream_1,56448
Quant_162_out0_bwch_stream_0,9408
Quant_162_out0_bwch_stream_1,9408
node_StreamingConv_65_window_stream_1,9408
node_StreamingConv_65_window_stream_0,9408
Quant_163_out0_stream_0,1568
Quant_163_out0_stream_1,1568
Quant_164_out0_stream_0,1568
Quant_164_out0_stream_1,1568
Quant_165_out0_stream_0,1568
Quant_165_out0_stream_1,1568
Quant_166_out0_stream_0,1568
Quant_166_out0_stream_1,1568
node_StreamingConv_67_window_stream_1,1568
node_StreamingConv_67_window_stream_0,1568
Quant_167_out0_stream_0,9408
Quant_167_out0_stream_1,9408
Quant_167_out0_bwch_stream_0,56448
Quant_167_out0_bwch_stream_1,56448
node_StreamingDepthwiseConv_69_window_stream_prepad_11,44928
node_StreamingDepthwiseConv_69_streaming_linebuffer_buffer_stream_0,577
node_StreamingDepthwiseConv_69_window_stream_prepad_10,52416
node_StreamingDepthwiseConv_69_streaming_linebuffer_buffer_stream_1,577
node_StreamingDepthwiseConv_69_window_stream_prepad_9,52416
node_StreamingDepthwiseConv_69_streaming_linebuffer_buffer_stream_2,3457
node_StreamingDepthwiseConv_69_window_stream_prepad_8,44928
node_StreamingDepthwiseConv_69_streaming_linebuffer_buffer_stream_3,3457
node_StreamingDepthwiseConv_69_window_stream_prepad_7,48384
node_StreamingDepthwiseConv_69_streaming_linebuffer_buffer_stream_4,577
node_StreamingDepthwiseConv_69_window_stream_prepad_6,56448
node_StreamingDepthwiseConv_69_streaming_linebuffer_buffer_stream_5,577
node_StreamingDepthwiseConv_69_window_stream_prepad_5,56448
node_StreamingDepthwiseConv_69_streaming_linebuffer_buffer_stream_6,3457
node_StreamingDepthwiseConv_69_window_stream_prepad_4,48384
node_StreamingDepthwiseConv_69_streaming_linebuffer_buffer_stream_7,3457
node_StreamingDepthwiseConv_69_window_stream_prepad_3,44928
node_StreamingDepthwiseConv_69_streaming_linebuffer_buffer_stream_8,577
node_StreamingDepthwiseConv_69_window_stream_prepad_2,52416
node_StreamingDepthwiseConv_69_streaming_linebuffer_buffer_stream_9,577
node_StreamingDepthwiseConv_69_window_stream_prepad_1,52416
node_StreamingDepthwiseConv_69_window_stream_prepad_0,44928
node_StreamingDepthwiseConv_69_window_stream_0,56448
node_StreamingDepthwiseConv_69_window_stream_1,56448
node_StreamingDepthwiseConv_69_window_stream_2,56448
node_StreamingDepthwiseConv_69_window_stream_3,56448
node_StreamingDepthwiseConv_69_window_stream_4,56448
node_StreamingDepthwiseConv_69_window_stream_5,56448
node_StreamingDepthwiseConv_69_window_stream_6,56448
node_StreamingDepthwiseConv_69_window_stream_7,56448
node_StreamingDepthwiseConv_69_window_stream_8,56448
node_StreamingDepthwiseConv_69_window_stream_9,56448
node_StreamingDepthwiseConv_69_window_stream_10,56448
node_StreamingDepthwiseConv_69_window_stream_11,56448
Quant_168_out0_stream_0,56448
Quant_168_out0_stream_1,56448
Quant_168_out0_bwch_stream_0,9408
Quant_168_out0_bwch_stream_1,9408
node_StreamingConv_71_window_stream_1,9408
node_StreamingConv_71_window_stream_0,9408
Quant_169_out0_stream_0,1568
Quant_169_out0_stream_1,1568
Quant_170_out0_stream_0,1568
Quant_170_out0_stream_1,1568
node_StreamingConv_73_window_stream_1,1568
node_StreamingConv_73_window_stream_0,1568
Quant_171_out0_stream_0,9408
Quant_171_out0_stream_1,9408
Quant_171_out0_bwch_stream_0,56448
Quant_171_out0_bwch_stream_1,56448
Quant_171_out0_bww_stream_0,112896
node_StreamingDepthwiseConv_75_window_stream_prepad_8,28224
node_StreamingDepthwiseConv_75_streaming_linebuffer_buffer_stream_0,577
node_StreamingDepthwiseConv_75_window_stream_prepad_7,28224
node_StreamingDepthwiseConv_75_streaming_linebuffer_buffer_stream_1,577
node_StreamingDepthwiseConv_75_window_stream_prepad_6,24192
node_StreamingDepthwiseConv_75_streaming_linebuffer_buffer_stream_2,6913
node_StreamingDepthwiseConv_75_window_stream_prepad_5,28224
node_StreamingDepthwiseConv_75_streaming_linebuffer_buffer_stream_3,577
node_StreamingDepthwiseConv_75_window_stream_prepad_4,28224
node_StreamingDepthwiseConv_75_streaming_linebuffer_buffer_stream_4,577
node_StreamingDepthwiseConv_75_window_stream_prepad_3,24192
node_StreamingDepthwiseConv_75_streaming_linebuffer_buffer_stream_5,6913
node_StreamingDepthwiseConv_75_window_stream_prepad_2,24192
node_StreamingDepthwiseConv_75_streaming_linebuffer_buffer_stream_6,577
node_StreamingDepthwiseConv_75_window_stream_prepad_1,24192
node_StreamingDepthwiseConv_75_streaming_linebuffer_buffer_stream_7,577
node_StreamingDepthwiseConv_75_window_stream_prepad_0,20736
node_StreamingDepthwiseConv_75_window_stream_0,28224
node_StreamingDepthwiseConv_75_window_stream_1,28224
node_StreamingDepthwiseConv_75_window_stream_2,28224
node_StreamingDepthwiseConv_75_window_stream_3,28224
node_StreamingDepthwiseConv_75_window_stream_4,28224
node_StreamingDepthwiseConv_75_window_stream_5,28224
node_StreamingDepthwiseConv_75_window_stream_6,28224
node_StreamingDepthwiseConv_75_window_stream_7,28224
node_StreamingDepthwiseConv_75_window_stream_8,28224
Quant_172_out0_stream_0,28224
Quant_172_out0_bwch_stream_0,3136
Quant_173_out0_stream_0,1960
Quant_174_out0_stream_0,1960
Quant_175_out0_stream_0,1960
Quant_174_out0_bwch_gcd_stream_0,3920
Quant_175_out0_bwch_gcd_stream_0,3920
Quant_174_out0_bwch_stream_0,784
Quant_175_out0_bwch_stream_0,784
Quant_176_out0_stream_0,7840
Quant_176_out0_bwch_stream_0,47040
node_StreamingDepthwiseConv_80_window_stream_prepad_8,34560
node_StreamingDepthwiseConv_80_streaming_linebuffer_buffer_stream_0,961
node_StreamingDepthwiseConv_80_window_stream_prepad_7,40320
node_StreamingDepthwiseConv_80_streaming_linebuffer_buffer_stream_1,961
node_StreamingDepthwiseConv_80_window_stream_prepad_6,34560
node_StreamingDepthwiseConv_80_streaming_linebuffer_buffer_stream_2,4801
node_StreamingDepthwiseConv_80_window_stream_prepad_5,40320
node_StreamingDepthwiseConv_80_streaming_linebuffer_buffer_stream_3,961
node_StreamingDepthwiseConv_80_window_stream_prepad_4,47040
node_StreamingDepthwiseConv_80_streaming_linebuffer_buffer_stream_4,961
node_StreamingDepthwiseConv_80_window_stream_prepad_3,40320
node_StreamingDepthwiseConv_80_streaming_linebuffer_buffer_stream_5,4801
node_StreamingDepthwiseConv_80_window_stream_prepad_2,34560
node_StreamingDepthwiseConv_80_streaming_linebuffer_buffer_stream_6,961
node_StreamingDepthwiseConv_80_window_stream_prepad_1,40320
node_StreamingDepthwiseConv_80_streaming_linebuffer_buffer_stream_7,961
node_StreamingDepthwiseConv_80_window_stream_prepad_0,34560
node_StreamingDepthwiseConv_80_window_stream_0,47040
node_StreamingDepthwiseConv_80_window_stream_1,47040
node_StreamingDepthwiseConv_80_window_stream_2,47040
node_StreamingDepthwiseConv_80_window_stream_3,47040
node_StreamingDepthwiseConv_80_window_stream_4,47040
node_StreamingDepthwiseConv_80_window_stream_5,47040
node_StreamingDepthwiseConv_80_window_stream_6,47040
node_StreamingDepthwiseConv_80_window_stream_7,47040
node_StreamingDepthwiseConv_80_window_stream_8,47040
Quant_177_out0_stream_0,47040
Quant_177_out0_bwch_stream_0,7840
Quant_178_out0_stream_0,784
Quant_179_out0_stream_0,784
Quant_179_out0_bwch_gcd_stream_0,3920
Quant_179_out0_bwch_stream_0,1960
Quant_180_out0_stream_0,1960
Quant_181_out0_stream_0,1960
Quant_180_out0_bwch_gcd_stream_0,3920
Quant_181_out0_bwch_gcd_stream_0,3920
Quant_180_out0_bwch_stream_0,784
Quant_181_out0_bwch_stream_0,784
Quant_182_out0_stream_0,7840
Quant_182_out0_bwch_stream_0,47040
node_StreamingDepthwiseConv_86_window_stream_prepad_8,34560
node_StreamingDepthwiseConv_86_streaming_linebuffer_buffer_stream_0,961
node_StreamingDepthwiseConv_86_window_stream_prepad_7,40320
node_StreamingDepthwiseConv_86_streaming_linebuffer_buffer_stream_1,961
node_StreamingDepthwiseConv_86_window_stream_prepad_6,34560
node_StreamingDepthwiseConv_86_streaming_linebuffer_buffer_stream_2,4801
node_StreamingDepthwiseConv_86_window_stream_prepad_5,40320
node_StreamingDepthwiseConv_86_streaming_linebuffer_buffer_stream_3,961
node_StreamingDepthwiseConv_86_window_stream_prepad_4,47040
node_StreamingDepthwiseConv_86_streaming_linebuffer_buffer_stream_4,961
node_StreamingDepthwiseConv_86_window_stream_prepad_3,40320
node_StreamingDepthwiseConv_86_streaming_linebuffer_buffer_stream_5,4801
node_StreamingDepthwiseConv_86_window_stream_prepad_2,34560
node_StreamingDepthwiseConv_86_streaming_linebuffer_buffer_stream_6,961
node_StreamingDepthwiseConv_86_window_stream_prepad_1,40320
node_StreamingDepthwiseConv_86_streaming_linebuffer_buffer_stream_7,961
node_StreamingDepthwiseConv_86_window_stream_prepad_0,34560
node_StreamingDepthwiseConv_86_window_stream_0,47040
node_StreamingDepthwiseConv_86_window_stream_1,47040
node_StreamingDepthwiseConv_86_window_stream_2,47040
node_StreamingDepthwiseConv_86_window_stream_3,47040
node_StreamingDepthwiseConv_86_window_stream_4,47040
node_StreamingDepthwiseConv_86_window_stream_5,47040
node_StreamingDepthwiseConv_86_window_stream_6,47040
node_StreamingDepthwiseConv_86_window_stream_7,47040
node_StreamingDepthwiseConv_86_window_stream_8,47040
Quant_183_out0_stream_0,47040
Quant_183_out0_bwch_stream_0,7840
Quant_184_out0_stream_0,784
Quant_185_out0_stream_0,784
Quant_186_out0_stream_0,7840
Quant_186_out0_bwch_stream_0,47040
node_StreamingDepthwiseConv_92_window_stream_prepad_8,34560
node_StreamingDepthwiseConv_92_streaming_linebuffer_buffer_stream_0,961
node_StreamingDepthwiseConv_92_window_stream_prepad_7,40320
node_StreamingDepthwiseConv_92_streaming_linebuffer_buffer_stream_1,961
node_StreamingDepthwiseConv_92_window_stream_prepad_6,34560
node_StreamingDepthwiseConv_92_streaming_linebuffer_buffer_stream_2,4801
node_StreamingDepthwiseConv_92_window_stream_prepad_5,40320
node_StreamingDepthwiseConv_92_streaming_linebuffer_buffer_stream_3,961
node_StreamingDepthwiseConv_92_window_stream_prepad_4,47040
node_StreamingDepthwiseConv_92_streaming_linebuffer_buffer_stream_4,961
node_StreamingDepthwiseConv_92_window_stream_prepad_3,40320
node_StreamingDepthwiseConv_92_streaming_linebuffer_buffer_stream_5,4801
node_StreamingDepthwiseConv_92_window_stream_prepad_2,34560
node_StreamingDepthwiseConv_92_streaming_linebuffer_buffer_stream_6,961
node_StreamingDepthwiseConv_92_window_stream_prepad_1,40320
node_StreamingDepthwiseConv_92_streaming_linebuffer_buffer_stream_7,961
node_StreamingDepthwiseConv_92_window_stream_prepad_0,34560
node_StreamingDepthwiseConv_92_window_stream_0,47040
node_StreamingDepthwiseConv_92_window_stream_1,47040
node_StreamingDepthwiseConv_92_window_stream_2,47040
node_StreamingDepthwiseConv_92_window_stream_3,47040
node_StreamingDepthwiseConv_92_window_stream_4,47040
node_StreamingDepthwiseConv_92_window_stream_5,47040
node_StreamingDepthwiseConv_92_window_stream_6,47040
node_StreamingDepthwiseConv_92_window_stream_7,47040
node_StreamingDepthwiseConv_92_window_stream_8,47040
Quant_187_out0_stream_0,47040
Quant_187_out0_bwch_stream_0,9408
Quant_188_out0_stream_0,784
Quant_189_out0_stream_0,7840
Quant_189_out0_bwch_stream_0,62720
Quant_190_out0_stream_0,1280
Quant_191_out0_stream_0,100