Quant_21_out0_stream_0,3072
Quant_21_out0_bww_stream_0,1536
Quant_21_out0_bww_stream_1,1536
node_StreamingConv_0_window_stream_prepad_11,1395
node_StreamingConv_0_streaming_linebuffer_buffer_stream_0,4
node_StreamingConv_0_window_stream_prepad_10,1488
node_StreamingConv_0_streaming_linebuffer_buffer_stream_1,4
node_StreamingConv_0_window_stream_prepad_9,1488
node_StreamingConv_0_streaming_linebuffer_buffer_stream_2,46
node_StreamingConv_0_window_stream_prepad_8,1395
node_StreamingConv_0_streaming_linebuffer_buffer_stream_3,46
node_StreamingConv_0_window_stream_prepad_7,1440
node_StreamingConv_0_streaming_linebuffer_buffer_stream_4,4
node_StreamingConv_0_window_stream_prepad_6,1536
node_StreamingConv_0_streaming_linebuffer_buffer_stream_5,4
node_StreamingConv_0_window_stream_prepad_5,1536
node_StreamingConv_0_streaming_linebuffer_buffer_stream_6,46
node_StreamingConv_0_window_stream_prepad_4,1440
node_StreamingConv_0_streaming_linebuffer_buffer_stream_7,46
node_StreamingConv_0_window_stream_prepad_3,1395
node_StreamingConv_0_streaming_linebuffer_buffer_stream_8,4
node_StreamingConv_0_window_stream_prepad_2,1488
node_StreamingConv_0_streaming_linebuffer_buffer_stream_9,4
node_StreamingConv_0_window_stream_prepad_1,1488
node_StreamingConv_0_window_stream_prepad_0,1395
node_StreamingConv_0_window_stream_0,1536
node_StreamingConv_0_window_stream_1,1536
node_StreamingConv_0_window_stream_2,1536
node_StreamingConv_0_window_stream_3,1536
node_StreamingConv_0_window_stream_4,1536
node_StreamingConv_0_window_stream_5,1536
node_StreamingConv_0_window_stream_6,1536
node_StreamingConv_0_window_stream_7,1536
node_StreamingConv_0_window_stream_8,1536
node_StreamingConv_0_window_stream_9,1536
node_StreamingConv_0_window_stream_10,1536
node_StreamingConv_0_window_stream_11,1536
Quant_22_out0_stream_0,8192
Quant_22_out0_stream_1,8192
Quant_23_out0_stream_0,8192
Quant_23_out0_stream_1,8192
Quant_24_out0_stream_0,8192
Quant_24_out0_stream_1,8192
node_StreamingConv_2_window_stream_prepad_11,7440
node_StreamingConv_2_streaming_linebuffer_buffer_stream_0,17
node_StreamingConv_2_window_stream_prepad_10,7936
node_StreamingConv_2_streaming_linebuffer_buffer_stream_1,17
node_StreamingConv_2_window_stream_prepad_9,7936
node_StreamingConv_2_streaming_linebuffer_buffer_stream_2,241
node_StreamingConv_2_window_stream_prepad_8,7440
node_StreamingConv_2_streaming_linebuffer_buffer_stream_3,241
node_StreamingConv_2_window_stream_prepad_7,7680
node_StreamingConv_2_streaming_linebuffer_buffer_stream_4,17
node_StreamingConv_2_window_stream_prepad_6,8192
node_StreamingConv_2_streaming_linebuffer_buffer_stream_5,17
node_StreamingConv_2_window_stream_prepad_5,8192
node_StreamingConv_2_streaming_linebuffer_buffer_stream_6,241
node_StreamingConv_2_window_stream_prepad_4,7680
node_StreamingConv_2_streaming_linebuffer_buffer_stream_7,241
node_StreamingConv_2_window_stream_prepad_3,7440
node_StreamingConv_2_streaming_linebuffer_buffer_stream_8,17
node_StreamingConv_2_window_stream_prepad_2,7936
node_StreamingConv_2_streaming_linebuffer_buffer_stream_9,17
node_StreamingConv_2_window_stream_prepad_1,7936
node_StreamingConv_2_window_stream_prepad_0,7440
node_StreamingConv_2_window_stream_0,8192
node_StreamingConv_2_window_stream_1,8192
node_StreamingConv_2_window_stream_2,8192
node_StreamingConv_2_window_stream_3,8192
node_StreamingConv_2_window_stream_4,8192
node_StreamingConv_2_window_stream_5,8192
node_StreamingConv_2_window_stream_6,8192
node_StreamingConv_2_window_stream_7,8192
node_StreamingConv_2_window_stream_8,8192
node_StreamingConv_2_window_stream_9,8192
node_StreamingConv_2_window_stream_10,8192
node_StreamingConv_2_window_stream_11,8192
Quant_25_out0_stream_0,4096
Quant_25_out0_stream_1,4096
node_StreamingConv_4_window_stream_prepad_11,3720
node_StreamingConv_4_streaming_linebuffer_buffer_stream_0,9
node_StreamingConv_4_window_stream_prepad_10,3968
node_StreamingConv_4_streaming_linebuffer_buffer_stream_1,9
node_StreamingConv_4_window_stream_prepad_9,3968
node_StreamingConv_4_streaming_linebuffer_buffer_stream_2,121
node_StreamingConv_4_window_stream_prepad_8,3720
node_StreamingConv_4_streaming_linebuffer_buffer_stream_3,121
node_StreamingConv_4_window_stream_prepad_7,3840
node_StreamingConv_4_streaming_linebuffer_buffer_stream_4,9
node_StreamingConv_4_window_stream_prepad_6,4096
node_StreamingConv_4_streaming_linebuffer_buffer_stream_5,9
node_StreamingConv_4_window_stream_prepad_5,4096
node_StreamingConv_4_streaming_linebuffer_buffer_stream_6,121
node_StreamingConv_4_window_stream_prepad_4,3840
node_StreamingConv_4_streaming_linebuffer_buffer_stream_7,121
node_StreamingConv_4_window_stream_prepad_3,3720
node_StreamingConv_4_streaming_linebuffer_buffer_stream_8,9
node_StreamingConv_4_window_stream_prepad_2,3968
node_StreamingConv_4_streaming_linebuffer_buffer_stream_9,9
node_StreamingConv_4_window_stream_prepad_1,3968
node_StreamingConv_4_window_stream_prepad_0,3720
node_StreamingConv_4_window_stream_0,4096
node_StreamingConv_4_window_stream_1,4096
node_StreamingConv_4_window_stream_2,4096
node_StreamingConv_4_window_stream_3,4096
node_StreamingConv_4_window_stream_4,4096
node_StreamingConv_4_window_stream_5,4096
node_StreamingConv_4_window_stream_6,4096
node_StreamingConv_4_window_stream_7,4096
node_StreamingConv_4_window_stream_8,4096
node_StreamingConv_4_window_stream_9,4096
node_StreamingConv_4_window_stream_10,4096
node_StreamingConv_4_window_stream_11,4096
Quant_26_out0_stream_0,8192
Quant_26_out0_stream_1,8192
Quant_27_out0_stream_0,8192
Quant_27_out0_stream_1,8192
Quant_28_out0_stream_0,8192
Quant_28_out0_stream_1,8192
Quant_29_out0_stream_0,8192
Quant_29_out0_stream_1,8192
node_StreamingConv_7_window_stream_prepad_14,2048
node_StreamingConv_7_streaming_linebuffer_buffer_stream_0,17
node_StreamingConv_7_window_stream_prepad_13,2048
node_StreamingConv_7_streaming_linebuffer_buffer_stream_1,17
node_StreamingConv_8_window_stream_2,2048
node_StreamingConv_8_streaming_linebuffer_buffer_stream_0,17
node_StreamingConv_8_window_stream_1,2048
node_StreamingConv_7_window_stream_prepad_12,2048
node_StreamingConv_7_streaming_linebuffer_buffer_stream_2,17
node_StreamingConv_7_window_stream_prepad_11,2048
node_StreamingConv_7_streaming_linebuffer_buffer_stream_4,225
node_StreamingConv_8_window_stream_0,2048
node_StreamingConv_7_window_stream_prepad_10,1792
node_StreamingConv_7_streaming_linebuffer_buffer_stream_3,241
node_StreamingConv_7_window_stream_prepad_8,2048
node_StreamingConv_7_streaming_linebuffer_buffer_stream_6,17
Quant_30_out0_stream_0,4096
Quant_30_out0_stream_1,4096
node_StreamingConv_7_window_stream_prepad_9,2048
node_StreamingConv_7_streaming_linebuffer_buffer_stream_5,17
node_StreamingConv_7_window_stream_prepad_6,2048
node_StreamingConv_7_streaming_linebuffer_buffer_stream_9,225
node_StreamingConv_7_window_stream_prepad_7,2048
node_StreamingConv_7_streaming_linebuffer_buffer_stream_7,17
node_StreamingConv_7_window_stream_prepad_3,1920
node_StreamingConv_7_streaming_linebuffer_buffer_stream_11,17
node_StreamingConv_7_window_stream_prepad_5,1792
node_StreamingConv_7_streaming_linebuffer_buffer_stream_8,241
node_StreamingConv_7_window_stream_prepad_1,1920
node_StreamingConv_7_window_stream_prepad_4,1920
node_StreamingConv_7_streaming_linebuffer_buffer_stream_10,17
node_StreamingConv_7_window_stream_prepad_2,1920
node_StreamingConv_7_streaming_linebuffer_buffer_stream_12,17
node_StreamingConv_7_window_stream_prepad_0,1680
node_StreamingConv_7_window_stream_0,2048
node_StreamingConv_7_window_stream_1,2048
node_StreamingConv_7_window_stream_2,2048
node_StreamingConv_7_window_stream_3,2048
node_StreamingConv_7_window_stream_4,2048
node_StreamingConv_7_window_stream_5,2048
node_StreamingConv_7_window_stream_6,2048
node_StreamingConv_7_window_stream_7,2048
node_StreamingConv_7_window_stream_8,2048
node_StreamingConv_7_window_stream_9,2048
node_StreamingConv_7_window_stream_10,2048
node_StreamingConv_7_window_stream_11,2048
node_StreamingConv_7_window_stream_12,2048
node_StreamingConv_7_window_stream_13,2048
node_StreamingConv_7_window_stream_14,2048
Quant_31_out0_stream_0,4096
Quant_31_out0_stream_1,4096
Quant_31_out0_bwch_stream_0,2048
Quant_31_out0_bwch_stream_1,2048
node_StreamingConv_10_window_stream_prepad_11,1680
node_StreamingConv_10_streaming_linebuffer_buffer_stream_0,17
node_StreamingConv_10_window_stream_prepad_10,1920
node_StreamingConv_10_streaming_linebuffer_buffer_stream_1,17
node_StreamingConv_10_window_stream_prepad_9,1920
node_StreamingConv_10_streaming_linebuffer_buffer_stream_2,113
node_StreamingConv_10_window_stream_prepad_8,1680
node_StreamingConv_10_streaming_linebuffer_buffer_stream_3,113
node_StreamingConv_10_window_stream_prepad_7,1792
node_StreamingConv_10_streaming_linebuffer_buffer_stream_4,17
node_StreamingConv_10_window_stream_prepad_6,2048
node_StreamingConv_10_streaming_linebuffer_buffer_stream_5,17
node_StreamingConv_10_window_stream_prepad_5,2048
node_StreamingConv_10_streaming_linebuffer_buffer_stream_6,113
node_StreamingConv_10_window_stream_prepad_4,1792
node_StreamingConv_10_streaming_linebuffer_buffer_stream_7,113
node_StreamingConv_10_window_stream_prepad_3,1680
node_StreamingConv_10_streaming_linebuffer_buffer_stream_8,17
node_StreamingConv_10_window_stream_prepad_2,1920
node_StreamingConv_10_streaming_linebuffer_buffer_stream_9,17
node_StreamingConv_10_window_stream_prepad_1,1920
node_StreamingConv_10_window_stream_prepad_0,1680
node_StreamingConv_10_window_stream_0,2048
node_StreamingConv_10_window_stream_1,2048
node_StreamingConv_10_window_stream_2,2048
node_StreamingConv_10_window_stream_3,2048
node_StreamingConv_10_window_stream_4,2048
node_StreamingConv_10_window_stream_5,2048
node_StreamingConv_10_window_stream_6,2048
node_StreamingConv_10_window_stream_7,2048
node_StreamingConv_10_window_stream_8,2048
node_StreamingConv_10_window_stream_9,2048
node_StreamingConv_10_window_stream_10,2048
node_StreamingConv_10_window_stream_11,2048
Quant_32_out0_stream_0,4096
Quant_32_out0_stream_1,4096
Quant_33_out0_stream_0,4096
Quant_33_out0_stream_1,4096
Quant_34_out0_stream_0,4096
Quant_34_out0_stream_1,4096
Quant_35_out0_stream_0,4096
Quant_35_out0_stream_1,4096
node_StreamingConv_13_window_stream_prepad_14,1024
node_StreamingConv_13_streaming_linebuffer_buffer_stream_0,33
node_StreamingConv_13_window_stream_prepad_13,1024
node_StreamingConv_13_streaming_linebuffer_buffer_stream_1,33
node_StreamingConv_14_window_stream_2,1024
node_StreamingConv_14_streaming_linebuffer_buffer_stream_0,33
node_StreamingConv_14_window_stream_1,1024
node_StreamingConv_13_window_stream_prepad_12,1024
node_StreamingConv_13_streaming_linebuffer_buffer_stream_2,33
node_StreamingConv_13_window_stream_prepad_11,1024
node_StreamingConv_13_streaming_linebuffer_buffer_stream_4,193
node_StreamingConv_14_window_stream_0,1024
node_StreamingConv_13_window_stream_prepad_10,768
node_StreamingConv_13_streaming_linebuffer_buffer_stream_3,225
node_StreamingConv_13_window_stream_prepad_8,1024
node_StreamingConv_13_streaming_linebuffer_buffer_stream_6,33
Quant_36_out0_stream_0,2048
Quant_36_out0_stream_1,2048
node_StreamingConv_13_window_stream_prepad_9,1024
node_StreamingConv_13_streaming_linebuffer_buffer_stream_5,33
node_StreamingConv_13_window_stream_prepad_6,1024
node_StreamingConv_13_streaming_linebuffer_buffer_stream_9,193
node_StreamingConv_13_window_stream_prepad_7,1024
node_StreamingConv_13_streaming_linebuffer_buffer_stream_7,33
node_StreamingConv_13_window_stream_prepad_3,896
node_StreamingConv_13_streaming_linebuffer_buffer_stream_11,33
node_StreamingConv_13_window_stream_prepad_5,768
node_StreamingConv_13_streaming_linebuffer_buffer_stream_8,225
node_StreamingConv_13_window_stream_prepad_1,896
node_StreamingConv_13_window_stream_prepad_4,896
node_StreamingConv_13_streaming_linebuffer_buffer_stream_10,33
node_StreamingConv_13_window_stream_prepad_2,896
node_StreamingConv_13_streaming_linebuffer_buffer_stream_12,33
node_StreamingConv_13_window_stream_prepad_0,672
node_StreamingConv_13_window_stream_0,1024
node_StreamingConv_13_window_stream_1,1024
node_StreamingConv_13_window_stream_2,1024
node_StreamingConv_13_window_stream_3,1024
node_StreamingConv_13_window_stream_4,1024
node_StreamingConv_13_window_stream_5,1024
node_StreamingConv_13_window_stream_6,1024
node_StreamingConv_13_window_stream_7,1024
node_StreamingConv_13_window_stream_8,1024
node_StreamingConv_13_window_stream_9,1024
node_StreamingConv_13_window_stream_10,1024
node_StreamingConv_13_window_stream_11,1024
node_StreamingConv_13_window_stream_12,1024
node_StreamingConv_13_window_stream_13,1024
node_StreamingConv_13_window_stream_14,1024
Quant_37_out0_stream_0,1024
Quant_37_out0_stream_1,1024
node_StreamingConv_16_window_stream_prepad_11,672
node_StreamingConv_16_streaming_linebuffer_buffer_stream_0,33
node_StreamingConv_16_window_stream_prepad_10,896
node_StreamingConv_16_streaming_linebuffer_buffer_stream_1,33
node_StreamingConv_16_window_stream_prepad_9,896
node_StreamingConv_16_streaming_linebuffer_buffer_stream_2,97
node_StreamingConv_16_window_stream_prepad_8,672
node_StreamingConv_16_streaming_linebuffer_buffer_stream_3,97
node_StreamingConv_16_window_stream_prepad_7,768
node_StreamingConv_16_streaming_linebuffer_buffer_stream_4,33
node_StreamingConv_16_window_stream_prepad_6,1024
node_StreamingConv_16_streaming_linebuffer_buffer_stream_5,33
node_StreamingConv_16_window_stream_prepad_5,1024
node_StreamingConv_16_streaming_linebuffer_buffer_stream_6,97
node_StreamingConv_16_window_stream_prepad_4,768
node_StreamingConv_16_streaming_linebuffer_buffer_stream_7,97
node_StreamingConv_16_window_stream_prepad_3,672
node_StreamingConv_16_streaming_linebuffer_buffer_stream_8,33
node_StreamingConv_16_window_stream_prepad_2,896
node_StreamingConv_16_streaming_linebuffer_buffer_stream_9,33
node_StreamingConv_16_window_stream_prepad_1,896
node_StreamingConv_16_window_stream_prepad_0,672
node_StreamingConv_16_window_stream_0,1024
node_StreamingConv_16_window_stream_1,1024
node_StreamingConv_16_window_stream_2,1024
node_StreamingConv_16_window_stream_3,1024
node_StreamingConv_16_window_stream_4,1024
node_StreamingConv_16_window_stream_5,1024
node_StreamingConv_16_window_stream_6,1024
node_StreamingConv_16_window_stream_7,1024
node_StreamingConv_16_window_stream_8,1024
node_StreamingConv_16_window_stream_9,1024
node_StreamingConv_16_window_stream_10,1024
node_StreamingConv_16_window_stream_11,1024
Quant_38_out0_stream_0,2048
Quant_38_out0_stream_1,2048
Quant_39_out0_stream_0,2048
Quant_39_out0_stream_1,2048
Quant_39_out0_bww_stream_0,4096
node_StreamingMaxPool_19_window_stream_63,64
node_StreamingMaxPool_19_streaming_linebuffer_buffer_stream_0,65
node_StreamingMaxPool_19_window_stream_62,64
node_StreamingMaxPool_19_streaming_linebuffer_buffer_stream_1,65
node_StreamingMaxPool_19_window_stream_61,64
node_StreamingMaxPool_19_streaming_linebuffer_buffer_stream_2,65
node_StreamingMaxPool_19_window_stream_60,64
node_StreamingMaxPool_19_streaming_linebuffer_buffer_stream_3,65
node_StreamingMaxPool_19_window_stream_59,64
node_StreamingMaxPool_19_streaming_linebuffer_buffer_stream_4,65
node_StreamingMaxPool_19_window_stream_58,64
node_StreamingMaxPool_19_streaming_linebuffer_buffer_stream_5,65
node_StreamingMaxPool_19_window_stream_57,64
node_StreamingMaxPool_19_streaming_linebuffer_buffer_stream_6,65
node_StreamingMaxPool_19_window_stream_56,64
node_StreamingMaxPool_19_streaming_linebuffer_buffer_stream_7,65
node_StreamingMaxPool_19_window_stream_55,64
node_StreamingMaxPool_19_streaming_linebuffer_buffer_stream_8,65
node_StreamingMaxPool_19_window_stream_54,64
node_StreamingMaxPool_19_streaming_linebuffer_buffer_stream_9,65
node_StreamingMaxPool_19_window_stream_53,64
node_StreamingMaxPool_19_streaming_linebuffer_buffer_stream_10,65
node_StreamingMaxPool_19_window_stream_52,64
node_StreamingMaxPool_19_streaming_linebuffer_buffer_stream_11,65
node_StreamingMaxPool_19_window_stream_51,64
node_StreamingMaxPool_19_streaming_linebuffer_buffer_stream_12,65
node_StreamingMaxPool_19_window_stream_50,64
node_StreamingMaxPool_19_streaming_linebuffer_buffer_stream_13,65
node_StreamingMaxPool_19_window_stream_49,64
node_StreamingMaxPool_19_streaming_linebuffer_buffer_stream_14,65
node_StreamingMaxPool_19_window_stream_48,64
node_StreamingMaxPool_19_streaming_linebuffer_buffer_stream_15,65
node_StreamingMaxPool_19_window_stream_47,64
node_StreamingMaxPool_19_streaming_linebuffer_buffer_stream_16,65
node_StreamingMaxPool_19_window_stream_46,64
node_StreamingMaxPool_19_streaming_linebuffer_buffer_stream_17,65
node_StreamingMaxPool_19_window_stream_45,64
node_StreamingMaxPool_19_streaming_linebuffer_buffer_stream_18,65
node_StreamingMaxPool_19_window_stream_44,64
node_StreamingMaxPool_19_streaming_linebuffer_buffer_stream_19,65
node_StreamingMaxPool_19_window_stream_43,64
node_StreamingMaxPool_19_streaming_linebuffer_buffer_stream_20,65
node_StreamingMaxPool_19_window_stream_42,64
node_StreamingMaxPool_19_streaming_linebuffer_buffer_stream_21,65
node_StreamingMaxPool_19_window_stream_41,64
node_StreamingMaxPool_19_streaming_linebuffer_buffer_stream_22,65
node_StreamingMaxPool_19_window_stream_40,64
node_StreamingMaxPool_19_streaming_linebuffer_buffer_stream_23,65
node_StreamingMaxPool_19_window_stream_39,64
node_StreamingMaxPool_19_streaming_linebuffer_buffer_stream_24,65
node_StreamingMaxPool_19_window_stream_38,64
node_StreamingMaxPool_19_streaming_linebuffer_buffer_stream_25,65
node_StreamingMaxPool_19_window_stream_37,64
node_StreamingMaxPool_19_streaming_linebuffer_buffer_stream_26,65
node_StreamingMaxPool_19_window_stream_36,64
node_StreamingMaxPool_19_streaming_linebuffer_buffer_stream_27,65
node_StreamingMaxPool_19_window_stream_35,64
node_StreamingMaxPool_19_streaming_linebuffer_buffer_stream_28,65
node_StreamingMaxPool_19_window_stream_34,64
node_StreamingMaxPool_19_streaming_linebuffer_buffer_stream_29,65
node_StreamingMaxPool_19_window_stream_33,64
node_StreamingMaxPool_19_streaming_linebuffer_buffer_stream_30,65
node_StreamingMaxPool_19_window_stream_32,64
node_StreamingMaxPool_19_streaming_linebuffer_buffer_stream_31,65
node_StreamingMaxPool_19_window_stream_31,64
node_StreamingMaxPool_19_streaming_linebuffer_buffer_stream_32,65
node_StreamingMaxPool_19_window_stream_30,64
node_StreamingMaxPool_19_streaming_linebuffer_buffer_stream_33,65
node_StreamingMaxPool_19_window_stream_29,64
node_StreamingMaxPool_19_streaming_linebuffer_buffer_stream_34,65
node_StreamingMaxPool_19_window_stream_28,64
node_StreamingMaxPool_19_streaming_linebuffer_buffer_stream_35,65
node_StreamingMaxPool_19_window_stream_27,64
node_StreamingMaxPool_19_streaming_linebuffer_buffer_stream_36,65
node_StreamingMaxPool_19_window_stream_26,64
node_StreamingMaxPool_19_streaming_linebuffer_buffer_stream_37,65
node_StreamingMaxPool_19_window_stream_25,64
node_StreamingMaxPool_19_streaming_linebuffer_buffer_stream_38,65
node_StreamingMaxPool_19_window_stream_24,64
node_StreamingMaxPool_19_streaming_linebuffer_buffer_stream_39,65
node_StreamingMaxPool_19_window_stream_23,64
node_StreamingMaxPool_19_streaming_linebuffer_buffer_stream_40,65
node_StreamingMaxPool_19_window_stream_22,64
node_StreamingMaxPool_19_streaming_linebuffer_buffer_stream_41,65
node_StreamingMaxPool_19_window_stream_21,64
node_StreamingMaxPool_19_streaming_linebuffer_buffer_stream_42,65
node_StreamingMaxPool_19_window_stream_20,64
node_StreamingMaxPool_19_streaming_linebuffer_buffer_stream_43,65
node_StreamingMaxPool_19_window_stream_19,64
node_StreamingMaxPool_19_streaming_linebuffer_buffer_stream_44,65
node_StreamingMaxPool_19_window_stream_18,64
node_StreamingMaxPool_19_streaming_linebuffer_buffer_stream_45,65
node_StreamingMaxPool_19_window_stream_17,64
node_StreamingMaxPool_19_streaming_linebuffer_buffer_stream_46,65
node_StreamingMaxPool_19_window_stream_16,64
node_StreamingMaxPool_19_streaming_linebuffer_buffer_stream_47,65
node_StreamingMaxPool_19_window_stream_15,64
node_StreamingMaxPool_19_streaming_linebuffer_buffer_stream_48,65
node_StreamingMaxPool_19_window_stream_14,64
node_StreamingMaxPool_19_streaming_linebuffer_buffer_stream_49,65
node_StreamingMaxPool_19_window_stream_13,64
node_StreamingMaxPool_19_streaming_linebuffer_buffer_stream_50,65
node_StreamingMaxPool_19_window_stream_12,64
node_StreamingMaxPool_19_streaming_linebuffer_buffer_stream_51,65
node_StreamingMaxPool_19_window_stream_11,64
node_StreamingMaxPool_19_streaming_linebuffer_buffer_stream_52,65
node_StreamingMaxPool_19_window_stream_10,64
node_StreamingMaxPool_19_streaming_linebuffer_buffer_stream_53,65
node_StreamingMaxPool_19_window_stream_9,64
node_StreamingMaxPool_19_streaming_linebuffer_buffer_stream_54,65
node_StreamingMaxPool_19_window_stream_8,64
node_StreamingMaxPool_19_streaming_linebuffer_buffer_stream_55,65
node_StreamingMaxPool_19_window_stream_7,64
node_StreamingMaxPool_19_streaming_linebuffer_buffer_stream_56,65
node_StreamingMaxPool_19_window_stream_6,64
node_StreamingMaxPool_19_streaming_linebuffer_buffer_stream_57,65
node_StreamingMaxPool_19_window_stream_5,64
node_StreamingMaxPool_19_streaming_linebuffer_buffer_stream_58,65
node_StreamingMaxPool_19_window_stream_4,64
node_StreamingMaxPool_19_streaming_linebuffer_buffer_stream_59,65
node_StreamingMaxPool_19_window_stream_3,64
node_StreamingMaxPool_19_streaming_linebuffer_buffer_stream_60,65
node_StreamingMaxPool_19_window_stream_2,64
node_StreamingMaxPool_19_streaming_linebuffer_buffer_stream_61,65
node_StreamingMaxPool_19_window_stream_1,64
node_StreamingMaxPool_19_streaming_linebuffer_buffer_stream_62,65
node_StreamingMaxPool_19_window_stream_0,64
Quant_40_out0_stream_0,64
Quant_41_out0_stream_0,5