stream_name,depth
NHWCToStream_0_out0_stream_0,2
NHWCToStream_0_out0_stream_1,2
NHWCToStream_0_out0_stream_2,2
NHWCToStream_0_out0_stream_3,2
NHWCToStream_1_out0_stream_0,2
BandwidthAdjustDecreaseChannels_0_out0_stream_0,2
BandwidthAdjustDecreaseChannels_0_out0_stream_1,2
BandwidthAdjustDecreaseChannels_0_out0_stream_2,2
BandwidthAdjustDecreaseChannels_0_out0_stream_3,2
StreamingMemory_0_out0_stream_0,2
StreamingMemory_0_out0_stream_1,2
StreamingMemory_0_out0_stream_2,2
StreamingMemory_0_out0_stream_3,2
StreamingMemory_0_out0_stream_4,2
StreamingMemory_0_out0_stream_5,2
StreamingMemory_0_out0_stream_6,2
StreamingMemory_0_out0_stream_7,2
StreamingMemory_0_out0_stream_8,2
StreamingMemory_0_out1_stream_0,2
StreamingLineBuffer_0_out0_stream_0,14
StreamingLineBuffer_0_out0_stream_1,14
StreamingLineBuffer_0_out0_stream_2,14
StreamingLineBuffer_0_out0_stream_3,14
StreamingLineBuffer_0_out0_stream_4,14
StreamingLineBuffer_0_out0_stream_5,14
StreamingLineBuffer_0_out0_stream_6,14
StreamingLineBuffer_0_out0_stream_7,14
StreamingLineBuffer_0_out0_stream_8,14
StreamingLineBuffer_0_out0_stream_9,14
StreamingLineBuffer_0_out0_stream_10,14
StreamingLineBuffer_0_out0_stream_11,14
StreamingLineBuffer_0_out0_stream_12,14
StreamingLineBuffer_0_out0_stream_13,14
StreamingLineBuffer_0_out0_stream_14,14
StreamingLineBuffer_0_out0_stream_15,14
StreamingLineBuffer_0_out0_stream_16,14
StreamingLineBuffer_0_out0_stream_17,14
StreamingLineBuffer_0_out0_stream_prepad_0,9
StreamingLineBuffer_0_out0_stream_prepad_1,6
StreamingLineBuffer_0_out0_stream_prepad_2,42
StreamingLineBuffer_0_out0_stream_prepad_3,42
StreamingLineBuffer_0_out0_stream_prepad_4,8
StreamingLineBuffer_0_out0_stream_prepad_5,5
StreamingLineBuffer_0_out0_stream_prepad_6,12
StreamingLineBuffer_0_out0_stream_prepad_7,8
StreamingLineBuffer_0_out0_stream_prepad_8,19
StreamingLineBuffer_0_out0_stream_prepad_9,19
StreamingLineBuffer_0_out0_stream_prepad_10,12
StreamingLineBuffer_0_out0_stream_prepad_11,10
StreamingLineBuffer_0_out0_stream_prepad_12,17
StreamingLineBuffer_0_out0_stream_prepad_13,14
StreamingLineBuffer_0_out0_stream_prepad_14,18
StreamingLineBuffer_0_out0_stream_prepad_15,18
StreamingLineBuffer_0_out0_stream_prepad_16,18
StreamingLineBuffer_0_out0_stream_prepad_17,15
StreamingLineBuffer_0_buffer_stream_0,4
StreamingLineBuffer_0_buffer_stream_1,4
StreamingLineBuffer_0_buffer_stream_2,25
StreamingLineBuffer_0_buffer_stream_3,25
StreamingLineBuffer_0_buffer_stream_4,22
StreamingLineBuffer_0_buffer_stream_5,22
StreamingLineBuffer_0_buffer_stream_6,4
StreamingLineBuffer_0_buffer_stream_7,4
StreamingLineBuffer_0_buffer_stream_8,25
StreamingLineBuffer_0_buffer_stream_9,25
StreamingLineBuffer_0_buffer_stream_10,22
StreamingLineBuffer_0_buffer_stream_11,22
StreamingLineBuffer_0_buffer_stream_12,4
StreamingLineBuffer_0_buffer_stream_13,4
StreamingMemory_1_out0_stream_0,2
StreamingMemory_1_out1_stream_0,2
StreamingConv_0_out0_stream_0,3
StreamingConv_0_out0_stream_1,3
StreamingConv_0_out0_stream_2,3
StreamingConv_0_out0_stream_3,3
StreamingMemory_2_out0_stream_0,2
StreamingMemory_2_out0_stream_1,2
StreamingMemory_2_out0_stream_2,2
StreamingMemory_2_out0_stream_3,2
StreamingMemory_2_out0_stream_4,2
StreamingMemory_2_out0_stream_5,2
StreamingMemory_2_out0_stream_6,2
StreamingMemory_2_out0_stream_7,2
StreamingMemory_2_out0_stream_8,2
StreamingMemory_2_out1_stream_0,2
TensorDuplicator_0_out0_stream_0,3
TensorDuplicator_0_out0_stream_1,3
TensorDuplicator_0_out0_stream_2,3
TensorDuplicator_0_out0_stream_3,3
TensorDuplicator_0_out1_stream_0,419
TensorDuplicator_0_out1_stream_1,419
TensorDuplicator_0_out1_stream_2,419
TensorDuplicator_0_out1_stream_3,419
StreamingMemory_3_out0_stream_0,2
StreamingMemory_3_out1_stream_0,2
StreamingLineBuffer_1_out0_stream_0,49
StreamingLineBuffer_1_out0_stream_1,49
StreamingLineBuffer_1_out0_stream_2,49
StreamingLineBuffer_1_out0_stream_3,49
StreamingLineBuffer_1_out0_stream_4,49
StreamingLineBuffer_1_out0_stream_5,49
StreamingLineBuffer_1_out0_stream_6,49
StreamingLineBuffer_1_out0_stream_7,49
StreamingLineBuffer_1_out0_stream_8,49
StreamingLineBuffer_1_out0_stream_9,49
StreamingLineBuffer_1_out0_stream_10,49
StreamingLineBuffer_1_out0_stream_11,49
StreamingLineBuffer_1_out0_stream_12,49
StreamingLineBuffer_1_out0_stream_13,49
StreamingLineBuffer_1_out0_stream_14,49
StreamingLineBuffer_1_out0_stream_15,49
StreamingLineBuffer_1_out0_stream_16,49
StreamingLineBuffer_1_out0_stream_17,49
StreamingLineBuffer_1_out0_stream_prepad_0,35
StreamingLineBuffer_1_out0_stream_prepad_1,19
StreamingLineBuffer_1_out0_stream_prepad_2,198
StreamingLineBuffer_1_out0_stream_prepad_3,198
StreamingLineBuffer_1_out0_stream_prepad_4,21
StreamingLineBuffer_1_out0_stream_prepad_5,5
StreamingLineBuffer_1_out0_stream_prepad_6,38
StreamingLineBuffer_1_out0_stream_prepad_7,21
StreamingLineBuffer_1_out0_stream_prepad_8,71
StreamingLineBuffer_1_out0_stream_prepad_9,71
StreamingLineBuffer_1_out0_stream_prepad_10,38
StreamingLineBuffer_1_out0_stream_prepad_11,23
StreamingLineBuffer_1_out0_stream_prepad_12,56
StreamingLineBuffer_1_out0_stream_prepad_13,40
StreamingLineBuffer_1_out0_stream_prepad_14,57
StreamingLineBuffer_1_out0_stream_prepad_15,57
StreamingLineBuffer_1_out0_stream_prepad_16,57
StreamingLineBuffer_1_out0_stream_prepad_17,41
StreamingLineBuffer_1_buffer_stream_0,17
StreamingLineBuffer_1_buffer_stream_1,17
StreamingLineBuffer_1_buffer_stream_2,129
StreamingLineBuffer_1_buffer_stream_3,129
StreamingLineBuffer_1_buffer_stream_4,113
StreamingLineBuffer_1_buffer_stream_5,113
StreamingLineBuffer_1_buffer_stream_6,17
StreamingLineBuffer_1_buffer_stream_7,17
StreamingLineBuffer_1_buffer_stream_8,129
StreamingLineBuffer_1_buffer_stream_9,129
StreamingLineBuffer_1_buffer_stream_10,113
StreamingLineBuffer_1_buffer_stream_11,113
StreamingLineBuffer_1_buffer_stream_12,17
StreamingLineBuffer_1_buffer_stream_13,17
StreamingMemory_4_out0_stream_0,2
StreamingMemory_4_out0_stream_1,2
StreamingMemory_4_out0_stream_2,2
StreamingMemory_4_out0_stream_3,2
StreamingMemory_4_out0_stream_4,2
StreamingMemory_4_out0_stream_5,2
StreamingMemory_4_out0_stream_6,2
StreamingMemory_4_out0_stream_7,2
StreamingMemory_4_out0_stream_8,2
StreamingMemory_4_out1_stream_0,2
StreamingConv_1_out0_stream_0,2
StreamingConv_1_out0_stream_1,2
StreamingConv_1_out0_stream_2,2
StreamingConv_1_out0_stream_3,2
StreamingMemory_5_out0_stream_0,2
StreamingMemory_5_out1_stream_0,2
StreamingLineBuffer_2_out0_stream_0,16
StreamingLineBuffer_2_out0_stream_1,16
StreamingLineBuffer_2_out0_stream_2,16
StreamingLineBuffer_2_out0_stream_3,16
StreamingLineBuffer_2_out0_stream_4,16
StreamingLineBuffer_2_out0_stream_5,16
StreamingLineBuffer_2_out0_stream_6,16
StreamingLineBuffer_2_out0_stream_7,16
StreamingLineBuffer_2_out0_stream_8,16
StreamingLineBuffer_2_out0_stream_9,16
StreamingLineBuffer_2_out0_stream_10,16
StreamingLineBuffer_2_out0_stream_11,16
StreamingLineBuffer_2_out0_stream_12,16
StreamingLineBuffer_2_out0_stream_13,16
StreamingLineBuffer_2_out0_stream_14,16
StreamingLineBuffer_2_out0_stream_15,16
StreamingLineBuffer_2_out0_stream_16,16
StreamingLineBuffer_2_out0_stream_17,16
StreamingLineBuffer_2_out0_stream_prepad_0,11
StreamingLineBuffer_2_out0_stream_prepad_1,7
StreamingLineBuffer_2_out0_stream_prepad_2,54
StreamingLineBuffer_2_out0_stream_prepad_3,54
StreamingLineBuffer_2_out0_stream_prepad_4,9
StreamingLineBuffer_2_out0_stream_prepad_5,5
StreamingLineBuffer_2_out0_stream_prepad_6,14
StreamingLineBuffer_2_out0_stream_prepad_7,9
StreamingLineBuffer_2_out0_stream_prepad_8,23
StreamingLineBuffer_2_out0_stream_prepad_9,23
StreamingLineBuffer_2_out0_stream_prepad_10,14
StreamingLineBuffer_2_out0_stream_prepad_11,11
StreamingLineBuffer_2_out0_stream_prepad_12,20
StreamingLineBuffer_2_out0_stream_prepad_13,16
StreamingLineBuffer_2_out0_stream_prepad_14,20
StreamingLineBuffer_2_out0_stream_prepad_15,20
StreamingLineBuffer_2_out0_stream_prepad_16,20
StreamingLineBuffer_2_out0_stream_prepad_17,16
StreamingLineBuffer_2_buffer_stream_0,5
StreamingLineBuffer_2_buffer_stream_1,5
StreamingLineBuffer_2_buffer_stream_2,33
StreamingLineBuffer_2_buffer_stream_3,33
StreamingLineBuffer_2_buffer_stream_4,29
StreamingLineBuffer_2_buffer_stream_5,29
StreamingLineBuffer_2_buffer_stream_6,5
StreamingLineBuffer_2_buffer_stream_7,5
StreamingLineBuffer_2_buffer_stream_8,33
StreamingLineBuffer_2_buffer_stream_9,33
StreamingLineBuffer_2_buffer_stream_10,29
StreamingLineBuffer_2_buffer_stream_11,29
StreamingLineBuffer_2_buffer_stream_12,5
StreamingLineBuffer_2_buffer_stream_13,5
StreamingMemory_6_out0_stream_0,2
StreamingMemory_6_out0_stream_1,2
StreamingMemory_6_out0_stream_2,2
StreamingMemory_6_out0_stream_3,2
StreamingMemory_6_out0_stream_4,2
StreamingMemory_6_out0_stream_5,2
StreamingMemory_6_out0_stream_6,2
StreamingMemory_6_out0_stream_7,2
StreamingMemory_6_out0_stream_8,2
StreamingMemory_6_out1_stream_0,2
StreamingConv_2_out0_stream_0,3
StreamingConv_2_out0_stream_1,3
StreamingConv_2_out0_stream_2,3
StreamingConv_2_out0_stream_3,3
StreamingMemory_7_out0_stream_0,2
StreamingMemory_7_out1_stream_0,2
StreamingAdd_0_out0_stream_0,4
StreamingAdd_0_out0_stream_1,4
StreamingAdd_0_out0_stream_2,4
StreamingAdd_0_out0_stream_3,4
StreamingMemory_8_out0_stream_0,2
StreamingMemory_8_out1_stream_0,2
TensorDuplicator_1_out0_stream_0,3
TensorDuplicator_1_out0_stream_1,3
TensorDuplicator_1_out0_stream_2,3
TensorDuplicator_1_out0_stream_3,3
TensorDuplicator_1_out1_stream_0,3
TensorDuplicator_1_out1_stream_1,3
TensorDuplicator_1_out1_stream_2,3
TensorDuplicator_1_out1_stream_3,3
StreamingMemory_9_out0_stream_0,2
StreamingMemory_9_out1_stream_0,2
StreamingLineBuffer_3_out0_stream_0,51
StreamingLineBuffer_3_out0_stream_1,51
StreamingLineBuffer_3_out0_stream_2,51
StreamingLineBuffer_3_out0_stream_3,51
StreamingLineBuffer_3_out0_stream_4,51
StreamingLineBuffer_3_out0_stream_5,51
StreamingLineBuffer_3_out0_stream_6,51
StreamingLineBuffer_3_out0_stream_7,51
StreamingLineBuffer_3_out0_stream_8,51
StreamingLineBuffer_3_out0_stream_9,51
StreamingLineBuffer_3_out0_stream_10,51
StreamingLineBuffer_3_out0_stream_11,51
StreamingLineBuffer_3_out0_stream_12,51
StreamingLineBuffer_3_out0_stream_13,51
StreamingLineBuffer_3_out0_stream_14,51
StreamingLineBuffer_3_out0_stream_15,51
StreamingLineBuffer_3_out0_stream_16,51
StreamingLineBuffer_3_out0_stream_17,51
StreamingLineBuffer_3_out0_stream_18,51
StreamingLineBuffer_3_out0_stream_19,51
StreamingLineBuffer_3_out0_stream_20,51
StreamingLineBuffer_3_out0_stream_21,51
StreamingLineBuffer_3_out0_stream_22,51
StreamingLineBuffer_3_out0_stream_23,51
StreamingLineBuffer_3_out0_stream_24,51
StreamingLineBuffer_3_out0_stream_25,51
StreamingLineBuffer_3_out0_stream_26,51
StreamingLineBuffer_3_out0_stream_prepad_0,19
StreamingLineBuffer_3_out0_stream_prepad_1,51
StreamingLineBuffer_3_out0_stream_prepad_2,35
StreamingLineBuffer_3_out0_stream_prepad_3,35
StreamingLineBuffer_3_out0_stream_prepad_4,5
StreamingLineBuffer_3_out0_stream_prepad_5,40
StreamingLineBuffer_3_out0_stream_prepad_6,24
StreamingLineBuffer_3_out0_stream_prepad_7,24
StreamingLineBuffer_3_out0_stream_prepad_8,6
StreamingLineBuffer_3_out0_stream_prepad_9,20
StreamingLineBuffer_3_out0_stream_prepad_10,36
StreamingLineBuffer_3_out0_stream_prepad_11,25
StreamingLineBuffer_3_out0_stream_prepad_12,25
StreamingLineBuffer_3_out0_stream_prepad_13,20
StreamingLineBuffer_3_out0_stream_prepad_14,36
StreamingLineBuffer_3_out0_stream_prepad_15,26
StreamingLineBuffer_3_out0_stream_prepad_16,26
StreamingLineBuffer_3_out0_stream_prepad_17,20
StreamingLineBuffer_3_out0_stream_prepad_18,26
StreamingLineBuffer_3_out0_stream_prepad_19,27
StreamingLineBuffer_3_out0_stream_prepad_20,27
StreamingLineBuffer_3_out0_stream_prepad_21,27
StreamingLineBuffer_3_out0_stream_prepad_22,27
StreamingLineBuffer_3_out0_stream_prepad_23,28
StreamingLineBuffer_3_out0_stream_prepad_24,28
StreamingLineBuffer_3_out0_stream_prepad_25,28
StreamingLineBuffer_3_out0_stream_prepad_26,28
StreamingLineBuffer_3_buffer_stream_0,17
StreamingLineBuffer_3_buffer_stream_1,17
StreamingLineBuffer_3_buffer_stream_2,17
StreamingLineBuffer_3_buffer_stream_3,17
StreamingLineBuffer_3_buffer_stream_4,17
StreamingLineBuffer_3_buffer_stream_5,113
StreamingLineBuffer_3_buffer_stream_6,113
StreamingLineBuffer_3_buffer_stream_7,113
StreamingLineBuffer_3_buffer_stream_8,97
StreamingLineBuffer_3_buffer_stream_9,17
StreamingLineBuffer_3_buffer_stream_10,17
StreamingLineBuffer_3_buffer_stream_11,17
StreamingLineBuffer_3_buffer_stream_12,17
StreamingLineBuffer_3_buffer_stream_13,17
StreamingLineBuffer_3_buffer_stream_14,113
StreamingLineBuffer_3_buffer_stream_15,113
StreamingLineBuffer_3_buffer_stream_16,113
StreamingLineBuffer_3_buffer_stream_17,97
StreamingLineBuffer_3_buffer_stream_18,17
StreamingLineBuffer_3_buffer_stream_19,17
StreamingLineBuffer_3_buffer_stream_20,17
StreamingLineBuffer_3_buffer_stream_21,17
StreamingLineBuffer_3_buffer_stream_22,17
StreamingLineBuffer_4_out0_stream_0,46
StreamingLineBuffer_4_out0_stream_1,46
StreamingLineBuffer_4_out0_stream_2,46
StreamingLineBuffer_4_out0_stream_3,46
StreamingLineBuffer_4_out0_stream_4,43
StreamingLineBuffer_4_out0_stream_5,43
StreamingLineBuffer_4_out0_stream_6,43
StreamingLineBuffer_4_buffer_stream_0,17
StreamingLineBuffer_4_buffer_stream_1,17
StreamingLineBuffer_4_buffer_stream_2,17
StreamingMemory_10_out0_stream_0,2
StreamingMemory_10_out0_stream_1,2
StreamingMemory_10_out0_stream_2,2
StreamingMemory_10_out0_stream_3,2
StreamingMemory_10_out0_stream_4,2
StreamingMemory_10_out0_stream_5,2
StreamingMemory_10_out0_stream_6,2
StreamingMemory_10_out0_stream_7,2
StreamingMemory_10_out0_stream_8,2
StreamingMemory_10_out1_stream_0,2
StreamingConv_3_out0_stream_0,2
StreamingConv_3_out0_stream_1,2
StreamingConv_3_out0_stream_2,2
StreamingConv_3_out0_stream_3,2
StreamingConv_4_out0_stream_0,178
StreamingConv_4_out0_stream_1,178
StreamingConv_4_out0_stream_2,178
StreamingConv_4_out0_stream_3,178
StreamingMemory_11_out0_stream_0,2
StreamingMemory_11_out1_stream_0,2
StreamingLineBuffer_5_out0_stream_0,39
StreamingLineBuffer_5_out0_stream_1,39
StreamingLineBuffer_5_out0_stream_2,39
StreamingLineBuffer_5_out0_stream_3,39
StreamingLineBuffer_5_out0_stream_4,39
StreamingLineBuffer_5_out0_stream_5,39
StreamingLineBuffer_5_out0_stream_6,39
StreamingLineBuffer_5_out0_stream_7,39
StreamingLineBuffer_5_out0_stream_8,39
StreamingLineBuffer_5_out0_stream_9,39
StreamingLineBuffer_5_out0_stream_10,39
StreamingLineBuffer_5_out0_stream_11,39
StreamingLineBuffer_5_out0_stream_12,39
StreamingLineBuffer_5_out0_stream_13,39
StreamingLineBuffer_5_out0_stream_14,39
StreamingLineBuffer_5_out0_stream_15,39
StreamingLineBuffer_5_out0_stream_16,39
StreamingLineBuffer_5_out0_stream_17,39
StreamingLineBuffer_5_out0_stream_prepad_0,35
StreamingLineBuffer_5_out0_stream_prepad_1,19
StreamingLineBuffer_5_out0_stream_prepad_2,134
StreamingLineBuffer_5_out0_stream_prepad_3,134
StreamingLineBuffer_5_out0_stream_prepad_4,21
StreamingLineBuffer_5_out0_stream_prepad_5,5
StreamingLineBuffer_5_out0_stream_prepad_6,38
StreamingLineBuffer_5_out0_stream_prepad_7,21
StreamingLineBuffer_5_out0_stream_prepad_8,71
StreamingLineBuffer_5_out0_stream_prepad_9,71
StreamingLineBuffer_5_out0_stream_prepad_10,38
StreamingLineBuffer_5_out0_stream_prepad_11,23
StreamingLineBuffer_5_out0_stream_prepad_12,52
StreamingLineBuffer_5_out0_stream_prepad_13,40
StreamingLineBuffer_5_out0_stream_prepad_14,57
StreamingLineBuffer_5_out0_stream_prepad_15,57
StreamingLineBuffer_5_out0_stream_prepad_16,57
StreamingLineBuffer_5_out0_stream_prepad_17,41
StreamingLineBuffer_5_buffer_stream_0,17
StreamingLineBuffer_5_buffer_stream_1,17
StreamingLineBuffer_5_buffer_stream_2,65
StreamingLineBuffer_5_buffer_stream_3,65
StreamingLineBuffer_5_buffer_stream_4,49
StreamingLineBuffer_5_buffer_stream_5,49
StreamingLineBuffer_5_buffer_stream_6,17
StreamingLineBuffer_5_buffer_stream_7,17
StreamingLineBuffer_5_buffer_stream_8,65
StreamingLineBuffer_5_buffer_stream_9,65
StreamingLineBuffer_5_buffer_stream_10,49
StreamingLineBuffer_5_buffer_stream_11,49
StreamingLineBuffer_5_buffer_stream_12,17
StreamingLineBuffer_5_buffer_stream_13,17
StreamingMemory_12_out0_stream_0,2
StreamingMemory_12_out0_stream_1,2
StreamingMemory_12_out0_stream_2,2
StreamingMemory_12_out0_stream_3,2
StreamingMemory_12_out0_stream_4,2
StreamingMemory_12_out0_stream_5,2
StreamingMemory_12_out0_stream_6,2
StreamingMemory_12_out0_stream_7,2
StreamingMemory_12_out0_stream_8,2
StreamingMemory_12_out1_stream_0,2
StreamingConv_5_out0_stream_0,3
StreamingConv_5_out0_stream_1,3
StreamingConv_5_out0_stream_2,3
StreamingConv_5_out0_stream_3,3
StreamingMemory_13_out0_stream_0,2
StreamingMemory_13_out1_stream_0,2
StreamingAdd_1_out0_stream_0,4
StreamingAdd_1_out0_stream_1,4
StreamingAdd_1_out0_stream_2,4
StreamingAdd_1_out0_stream_3,4
StreamingMemory_14_out0_stream_0,2
StreamingMemory_14_out1_stream_0,2
TensorDuplicator_2_out0_stream_0,3
TensorDuplicator_2_out0_stream_1,3
TensorDuplicator_2_out0_stream_2,3
TensorDuplicator_2_out0_stream_3,3
TensorDuplicator_2_out1_stream_0,3
TensorDuplicator_2_out1_stream_1,3
TensorDuplicator_2_out1_stream_2,3
TensorDuplicator_2_out1_stream_3,3
StreamingMemory_15_out0_stream_0,2
StreamingMemory_15_out1_stream_0,2
StreamingLineBuffer_6_out0_stream_0,23
StreamingLineBuffer_6_out0_stream_1,23
StreamingLineBuffer_6_out0_stream_2,23
StreamingLineBuffer_6_out0_stream_3,23
StreamingLineBuffer_6_out0_stream_4,23
StreamingLineBuffer_6_out0_stream_5,23
StreamingLineBuffer_6_out0_stream_6,23
StreamingLineBuffer_6_out0_stream_7,23
StreamingLineBuffer_6_out0_stream_8,23
StreamingLineBuffer_6_out0_stream_9,23
StreamingLineBuffer_6_out0_stream_10,23
StreamingLineBuffer_6_out0_stream_11,23
StreamingLineBuffer_6_out0_stream_12,23
StreamingLineBuffer_6_out0_stream_13,23
StreamingLineBuffer_6_out0_stream_14,23
StreamingLineBuffer_6_out0_stream_15,23
StreamingLineBuffer_6_out0_stream_16,23
StreamingLineBuffer_6_out0_stream_17,23
StreamingLineBuffer_6_out0_stream_18,23
StreamingLineBuffer_6_out0_stream_19,23
StreamingLineBuffer_6_out0_stream_20,23
StreamingLineBuffer_6_out0_stream_21,23
StreamingLineBuffer_6_out0_stream_22,23
StreamingLineBuffer_6_out0_stream_23,23
StreamingLineBuffer_6_out0_stream_24,23
StreamingLineBuffer_6_out0_stream_25,23
StreamingLineBuffer_6_out0_stream_26,23
StreamingLineBuffer_6_out0_stream_prepad_0,19
StreamingLineBuffer_6_out0_stream_prepad_1,35
StreamingLineBuffer_6_out0_stream_prepad_2,35
StreamingLineBuffer_6_out0_stream_prepad_3,35
StreamingLineBuffer_6_out0_stream_prepad_4,5
StreamingLineBuffer_6_out0_stream_prepad_5,36
StreamingLineBuffer_6_out0_stream_prepad_6,24
StreamingLineBuffer_6_out0_stream_prepad_7,24
StreamingLineBuffer_6_out0_stream_prepad_8,6
StreamingLineBuffer_6_out0_stream_prepad_9,20
StreamingLineBuffer_6_out0_stream_prepad_10,36
StreamingLineBuffer_6_out0_stream_prepad_11,25
StreamingLineBuffer_6_out0_stream_prepad_12,25
StreamingLineBuffer_6_out0_stream_prepad_13,20
StreamingLineBuffer_6_out0_stream_prepad_14,36
StreamingLineBuffer_6_out0_stream_prepad_15,26
StreamingLineBuffer_6_out0_stream_prepad_16,26
StreamingLineBuffer_6_out0_stream_prepad_17,20
StreamingLineBuffer_6_out0_stream_prepad_18,20
StreamingLineBuffer_6_out0_stream_prepad_19,27
StreamingLineBuffer_6_out0_stream_prepad_20,27
StreamingLineBuffer_6_out0_stream_prepad_21,27
StreamingLineBuffer_6_out0_stream_prepad_22,27
StreamingLineBuffer_6_out0_stream_prepad_23,28
StreamingLineBuffer_6_out0_stream_prepad_24,28
StreamingLineBuffer_6_out0_stream_prepad_25,28
StreamingLineBuffer_6_out0_stream_prepad_26,28
StreamingLineBuffer_6_buffer_stream_0,17
StreamingLineBuffer_6_buffer_stream_1,17
StreamingLineBuffer_6_buffer_stream_2,17
StreamingLineBuffer_6_buffer_stream_3,17
StreamingLineBuffer_6_buffer_stream_4,17
StreamingLineBuffer_6_buffer_stream_5,49
StreamingLineBuffer_6_buffer_stream_6,49
StreamingLineBuffer_6_buffer_stream_7,49
StreamingLineBuffer_6_buffer_stream_8,33
StreamingLineBuffer_6_buffer_stream_9,17
StreamingLineBuffer_6_buffer_stream_10,17
StreamingLineBuffer_6_buffer_stream_11,17
StreamingLineBuffer_6_buffer_stream_12,17
StreamingLineBuffer_6_buffer_stream_13,17
StreamingLineBuffer_6_buffer_stream_14,49
StreamingLineBuffer_6_buffer_stream_15,49
StreamingLineBuffer_6_buffer_stream_16,49
StreamingLineBuffer_6_buffer_stream_17,33
StreamingLineBuffer_6_buffer_stream_18,17
StreamingLineBuffer_6_buffer_stream_19,17
StreamingLineBuffer_6_buffer_stream_20,17
StreamingLineBuffer_6_buffer_stream_21,17
StreamingLineBuffer_6_buffer_stream_22,17
StreamingLineBuffer_7_out0_stream_0,28
StreamingLineBuffer_7_out0_stream_1,28
StreamingLineBuffer_7_out0_stream_2,28
StreamingLineBuffer_7_out0_stream_3,28
StreamingLineBuffer_7_out0_stream_4,21
StreamingLineBuffer_7_out0_stream_5,21
StreamingLineBuffer_7_out0_stream_6,21
StreamingLineBuffer_7_buffer_stream_0,17
StreamingLineBuffer_7_buffer_stream_1,17
StreamingLineBuffer_7_buffer_stream_2,17
StreamingMemory_16_out0_stream_0,2
StreamingMemory_16_out0_stream_1,2
StreamingMemory_16_out0_stream_2,2
StreamingMemory_16_out0_stream_3,2
StreamingMemory_16_out0_stream_4,2
StreamingMemory_16_out0_stream_5,2
StreamingMemory_16_out0_stream_6,2
StreamingMemory_16_out0_stream_7,2
StreamingMemory_16_out0_stream_8,2
StreamingMemory_16_out1_stream_0,2
StreamingConv_6_out0_stream_0,2
StreamingConv_6_out0_stream_1,2
StreamingConv_6_out0_stream_2,2
StreamingConv_6_out0_stream_3,2
StreamingConv_7_out0_stream_0,258
StreamingConv_7_out0_stream_1,258
StreamingConv_7_out0_stream_2,258
StreamingConv_7_out0_stream_3,258
StreamingMemory_17_out0_stream_0,2
StreamingMemory_17_out1_stream_0,2
StreamingLineBuffer_8_out0_stream_0,78
StreamingLineBuffer_8_out0_stream_1,78
StreamingLineBuffer_8_out0_stream_2,78
StreamingLineBuffer_8_out0_stream_3,78
StreamingLineBuffer_8_out0_stream_4,78
StreamingLineBuffer_8_out0_stream_5,78
StreamingLineBuffer_8_out0_stream_6,78
StreamingLineBuffer_8_out0_stream_7,78
StreamingLineBuffer_8_out0_stream_8,78
StreamingLineBuffer_8_out0_stream_9,78
StreamingLineBuffer_8_out0_stream_10,78
StreamingLineBuffer_8_out0_stream_11,78
StreamingLineBuffer_8_out0_stream_12,78
StreamingLineBuffer_8_out0_stream_13,78
StreamingLineBuffer_8_out0_stream_14,78
StreamingLineBuffer_8_out0_stream_15,78
StreamingLineBuffer_8_out0_stream_16,78
StreamingLineBuffer_8_out0_stream_17,78
StreamingLineBuffer_8_out0_stream_prepad_0,35
StreamingLineBuffer_8_out0_stream_prepad_1,35
StreamingLineBuffer_8_out0_stream_prepad_2,198
StreamingLineBuffer_8_out0_stream_prepad_3,198
StreamingLineBuffer_8_out0_stream_prepad_4,37
StreamingLineBuffer_8_out0_stream_prepad_5,5
StreamingLineBuffer_8_out0_stream_prepad_6,36
StreamingLineBuffer_8_out0_stream_prepad_7,37
StreamingLineBuffer_8_out0_stream_prepad_8,135
StreamingLineBuffer_8_out0_stream_prepad_9,135
StreamingLineBuffer_8_out0_stream_prepad_10,70
StreamingLineBuffer_8_out0_stream_prepad_11,36
StreamingLineBuffer_8_out0_stream_prepad_12,68
StreamingLineBuffer_8_out0_stream_prepad_13,72
StreamingLineBuffer_8_out0_stream_prepad_14,105
StreamingLineBuffer_8_out0_stream_prepad_15,105
StreamingLineBuffer_8_out0_stream_prepad_16,105
StreamingLineBuffer_8_out0_stream_prepad_17,41
StreamingLineBuffer_8_buffer_stream_0,33
StreamingLineBuffer_8_buffer_stream_1,33
StreamingLineBuffer_8_buffer_stream_2,65
StreamingLineBuffer_8_buffer_stream_3,65
StreamingLineBuffer_8_buffer_stream_4,33
StreamingLineBuffer_8_buffer_stream_5,33
StreamingLineBuffer_8_buffer_stream_6,33
StreamingLineBuffer_8_buffer_stream_7,33
StreamingLineBuffer_8_buffer_stream_8,65
StreamingLineBuffer_8_buffer_stream_9,65
StreamingLineBuffer_8_buffer_stream_10,33
StreamingLineBuffer_8_buffer_stream_11,33
StreamingLineBuffer_8_buffer_stream_12,33
StreamingLineBuffer_8_buffer_stream_13,33
StreamingMemory_18_out0_stream_0,2
StreamingMemory_18_out1_stream_0,2
StreamingConv_8_out0_stream_0,3
StreamingConv_8_out0_stream_1,3
StreamingConv_8_out0_stream_2,3
StreamingConv_8_out0_stream_3,3
StreamingMemory_19_out0_stream_0,2
StreamingAdd_2_out0_stream_0,4
StreamingAdd_2_out0_stream_1,35
StreamingAdd_2_out0_stream_2,35
StreamingAdd_2_out0_stream_3,35
BandwidthAdjustDecreaseStreams_0_out0_stream_0,3
StreamingLineBuffer_9_out0_stream_0,33
StreamingLineBuffer_9_out0_stream_1,3
StreamingLineBuffer_9_out0_stream_2,4
StreamingLineBuffer_9_out0_stream_3,5
StreamingLineBuffer_9_out0_stream_4,6
StreamingLineBuffer_9_out0_stream_5,7
StreamingLineBuffer_9_out0_stream_6,8
StreamingLineBuffer_9_out0_stream_7,9
StreamingLineBuffer_9_out0_stream_8,10
StreamingLineBuffer_9_out0_stream_9,11
StreamingLineBuffer_9_out0_stream_10,12
StreamingLineBuffer_9_out0_stream_11,13
StreamingLineBuffer_9_out0_stream_12,14
StreamingLineBuffer_9_out0_stream_13,15
StreamingLineBuffer_9_out0_stream_14,16
StreamingLineBuffer_9_out0_stream_15,17
StreamingLineBuffer_9_out0_stream_16,18
StreamingLineBuffer_9_out0_stream_17,19
StreamingLineBuffer_9_out0_stream_18,20
StreamingLineBuffer_9_out0_stream_19,21
StreamingLineBuffer_9_out0_stream_20,22
StreamingLineBuffer_9_out0_stream_21,23
StreamingLineBuffer_9_out0_stream_22,24
StreamingLineBuffer_9_out0_stream_23,25
StreamingLineBuffer_9_out0_stream_24,26
StreamingLineBuffer_9_out0_stream_25,27
StreamingLineBuffer_9_out0_stream_26,28
StreamingLineBuffer_9_out0_stream_27,29
StreamingLineBuffer_9_out0_stream_28,30
StreamingLineBuffer_9_out0_stream_29,31
StreamingLineBuffer_9_out0_stream_30,32
StreamingLineBuffer_9_out0_stream_31,33
StreamingLineBuffer_9_out0_stream_32,34
StreamingLineBuffer_9_out0_stream_33,34
StreamingLineBuffer_9_out0_stream_34,34
StreamingLineBuffer_9_out0_stream_35,34
StreamingLineBuffer_9_out0_stream_36,34
StreamingLineBuffer_9_out0_stream_37,34
StreamingLineBuffer_9_out0_stream_38,34
StreamingLineBuffer_9_out0_stream_39,34
StreamingLineBuffer_9_out0_stream_40,34
StreamingLineBuffer_9_out0_stream_41,34
StreamingLineBuffer_9_out0_stream_42,34
StreamingLineBuffer_9_out0_stream_43,34
StreamingLineBuffer_9_out0_stream_44,34
StreamingLineBuffer_9_out0_stream_45,34
StreamingLineBuffer_9_out0_stream_46,34
StreamingLineBuffer_9_out0_stream_47,34
StreamingLineBuffer_9_out0_stream_48,34
StreamingLineBuffer_9_out0_stream_49,34
StreamingLineBuffer_9_out0_stream_50,34
StreamingLineBuffer_9_out0_stream_51,34
StreamingLineBuffer_9_out0_stream_52,34
StreamingLineBuffer_9_out0_stream_53,34
StreamingLineBuffer_9_out0_stream_54,34
StreamingLineBuffer_9_out0_stream_55,34
StreamingLineBuffer_9_out0_stream_56,34
StreamingLineBuffer_9_out0_stream_57,34
StreamingLineBuffer_9_out0_stream_58,34
StreamingLineBuffer_9_out0_stream_59,34
StreamingLineBuffer_9_out0_stream_60,34
StreamingLineBuffer_9_out0_stream_61,34
StreamingLineBuffer_9_out0_stream_62,34
StreamingLineBuffer_9_out0_stream_63,34
StreamingLineBuffer_9_buffer_stream_0,33
StreamingLineBuffer_9_buffer_stream_1,33
StreamingLineBuffer_9_buffer_stream_2,33
StreamingLineBuffer_9_buffer_stream_3,33
StreamingLineBuffer_9_buffer_stream_4,33
StreamingLineBuffer_9_buffer_stream_5,33
StreamingLineBuffer_9_buffer_stream_6,33
StreamingLineBuffer_9_buffer_stream_7,33
StreamingLineBuffer_9_buffer_stream_8,33
StreamingLineBuffer_9_buffer_stream_9,33
StreamingLineBuffer_9_buffer_stream_10,33
StreamingLineBuffer_9_buffer_stream_11,33
StreamingLineBuffer_9_buffer_stream_12,33
StreamingLineBuffer_9_buffer_stream_13,33
StreamingLineBuffer_9_buffer_stream_14,33
StreamingLineBuffer_9_buffer_stream_15,33
StreamingLineBuffer_9_buffer_stream_16,33
StreamingLineBuffer_9_buffer_stream_17,33
StreamingLineBuffer_9_buffer_stream_18,33
StreamingLineBuffer_9_buffer_stream_19,33
StreamingLineBuffer_9_buffer_stream_20,33
StreamingLineBuffer_9_buffer_stream_21,33
StreamingLineBuffer_9_buffer_stream_22,33
StreamingLineBuffer_9_buffer_stream_23,33
StreamingLineBuffer_9_buffer_stream_24,33
StreamingLineBuffer_9_buffer_stream_25,33
StreamingLineBuffer_9_buffer_stream_26,33
StreamingLineBuffer_9_buffer_stream_27,33
StreamingLineBuffer_9_buffer_stream_28,33
StreamingLineBuffer_9_buffer_stream_29,33
StreamingLineBuffer_9_buffer_stream_30,33
StreamingLineBuffer_9_buffer_stream_31,33
StreamingLineBuffer_9_buffer_stream_32,33
StreamingLineBuffer_9_buffer_stream_33,33
StreamingLineBuffer_9_buffer_stream_34,33
StreamingLineBuffer_9_buffer_stream_35,33
StreamingLineBuffer_9_buffer_stream_36,33
StreamingLineBuffer_9_buffer_stream_37,33
StreamingLineBuffer_9_buffer_stream_38,33
StreamingLineBuffer_9_buffer_stream_39,33
StreamingLineBuffer_9_buffer_stream_40,33
StreamingLineBuffer_9_buffer_stream_41,33
StreamingLineBuffer_9_buffer_stream_42,33
StreamingLineBuffer_9_buffer_stream_43,33
StreamingLineBuffer_9_buffer_stream_44,33
StreamingLineBuffer_9_buffer_stream_45,33
StreamingLineBuffer_9_buffer_stream_46,33
StreamingLineBuffer_9_buffer_stream_47,33
StreamingLineBuffer_9_buffer_stream_48,33
StreamingLineBuffer_9_buffer_stream_49,33
StreamingLineBuffer_9_buffer_stream_50,33
StreamingLineBuffer_9_buffer_stream_51,33
StreamingLineBuffer_9_buffer_stream_52,33
StreamingLineBuffer_9_buffer_stream_53,33
StreamingLineBuffer_9_buffer_stream_54,33
StreamingLineBuffer_9_buffer_stream_55,33
StreamingLineBuffer_9_buffer_stream_56,33
StreamingLineBuffer_9_buffer_stream_57,33
StreamingLineBuffer_9_buffer_stream_58,33
StreamingLineBuffer_9_buffer_stream_59,33
StreamingLineBuffer_9_buffer_stream_60,33
StreamingLineBuffer_9_buffer_stream_61,33
StreamingLineBuffer_9_buffer_stream_62,33
StreamingMaxPool_0_out0_stream_0,30
StreamingConv_9_out0_stream_0,2
