NHWCToStream_0_out0_stream_0,256
NHWCToStream_0_out0_stream_1,256
NHWCToStream_0_out0_stream_2,256
NHWCToStream_0_out0_stream_3,256
BandwidthAdjustDecreaseChannels_0_out0_stream_0,768
BandwidthAdjustDecreaseChannels_0_out0_stream_1,768
BandwidthAdjustDecreaseChannels_0_out0_stream_2,768
BandwidthAdjustDecreaseChannels_0_out0_stream_3,768
StreamingLineBuffer_0_out0_stream_prepad_17,651
StreamingLineBuffer_0_buffer_stream_0,768
StreamingLineBuffer_0_out0_stream_prepad_16,744
StreamingLineBuffer_0_buffer_stream_1,768
StreamingLineBuffer_0_out0_stream_prepad_15,744
StreamingLineBuffer_0_buffer_stream_4,768
StreamingLineBuffer_0_out0_stream_prepad_14,744
StreamingLineBuffer_0_buffer_stream_5,768
StreamingLineBuffer_0_out0_stream_prepad_13,744
StreamingLineBuffer_0_buffer_stream_2,768
StreamingLineBuffer_0_out0_stream_prepad_12,651
StreamingLineBuffer_0_buffer_stream_3,768
StreamingLineBuffer_0_out0_stream_prepad_9,768
StreamingLineBuffer_0_buffer_stream_10,768
StreamingLineBuffer_0_out0_stream_prepad_8,768
StreamingLineBuffer_0_buffer_stream_11,768
StreamingLineBuffer_0_out0_stream_prepad_11,672
StreamingLineBuffer_0_buffer_stream_6,768
StreamingLineBuffer_0_out0_stream_prepad_10,768
StreamingLineBuffer_0_buffer_stream_7,768
StreamingLineBuffer_0_out0_stream_prepad_3,744
StreamingLineBuffer_0_out0_stream_prepad_2,744
StreamingLineBuffer_0_out0_stream_prepad_7,768
StreamingLineBuffer_0_buffer_stream_8,768
StreamingLineBuffer_0_out0_stream_prepad_6,672
StreamingLineBuffer_0_buffer_stream_9,768
StreamingLineBuffer_0_out0_stream_prepad_5,651
StreamingLineBuffer_0_buffer_stream_12,768
StreamingLineBuffer_0_out0_stream_prepad_4,744
StreamingLineBuffer_0_buffer_stream_13,768
StreamingLineBuffer_0_out0_stream_prepad_1,744
StreamingLineBuffer_0_out0_stream_prepad_0,651
StreamingLineBuffer_0_out0_stream_0,768
StreamingLineBuffer_0_out0_stream_1,768
StreamingLineBuffer_0_out0_stream_2,768
StreamingLineBuffer_0_out0_stream_3,768
StreamingLineBuffer_0_out0_stream_4,768
StreamingLineBuffer_0_out0_stream_5,768
StreamingLineBuffer_0_out0_stream_6,768
StreamingLineBuffer_0_out0_stream_7,768
StreamingLineBuffer_0_out0_stream_8,768
StreamingLineBuffer_0_out0_stream_9,768
StreamingLineBuffer_0_out0_stream_10,768
StreamingLineBuffer_0_out0_stream_11,768
StreamingLineBuffer_0_out0_stream_12,768
StreamingLineBuffer_0_out0_stream_13,768
StreamingLineBuffer_0_out0_stream_14,768
StreamingLineBuffer_0_out0_stream_15,768
StreamingLineBuffer_0_out0_stream_16,768
StreamingLineBuffer_0_out0_stream_17,768
StreamingConv_0_out0_stream_0,4096
StreamingConv_0_out0_stream_1,4096
StreamingConv_0_out0_stream_2,4096
StreamingConv_0_out0_stream_3,4096
TensorDuplicator_0_out0_stream_0,4096
TensorDuplicator_0_out0_stream_1,4096
TensorDuplicator_0_out0_stream_2,4096
TensorDuplicator_0_out0_stream_3,4096
TensorDuplicator_0_out1_stream_0,4096
TensorDuplicator_0_out1_stream_1,4096
TensorDuplicator_0_out1_stream_2,4096
TensorDuplicator_0_out1_stream_3,4096
StreamingLineBuffer_1_out0_stream_prepad_17,3472
StreamingLineBuffer_1_buffer_stream_0,4096
StreamingLineBuffer_1_out0_stream_prepad_16,3968
StreamingLineBuffer_1_buffer_stream_1,4096
StreamingLineBuffer_1_out0_stream_prepad_15,3968
StreamingLineBuffer_1_buffer_stream_4,4096
StreamingLineBuffer_1_out0_stream_prepad_14,3968
StreamingLineBuffer_1_buffer_stream_5,4096
StreamingLineBuffer_1_out0_stream_prepad_13,3968
StreamingLineBuffer_1_buffer_stream_2,4096
StreamingLineBuffer_1_out0_stream_prepad_12,3472
StreamingLineBuffer_1_buffer_stream_3,4096
StreamingLineBuffer_1_out0_stream_prepad_9,4096
StreamingLineBuffer_1_buffer_stream_10,4096
StreamingLineBuffer_1_out0_stream_prepad_8,4096
StreamingLineBuffer_1_buffer_stream_11,4096
StreamingLineBuffer_1_out0_stream_prepad_11,3584
StreamingLineBuffer_1_buffer_stream_6,4096
StreamingLineBuffer_1_out0_stream_prepad_10,4096
StreamingLineBuffer_1_buffer_stream_7,4096
StreamingLineBuffer_1_out0_stream_prepad_3,3968
StreamingLineBuffer_1_out0_stream_prepad_2,3968
StreamingLineBuffer_1_out0_stream_prepad_7,4096
StreamingLineBuffer_1_buffer_stream_8,4096
StreamingLineBuffer_1_out0_stream_prepad_6,3584
StreamingLineBuffer_1_buffer_stream_9,4096
StreamingLineBuffer_1_out0_stream_prepad_5,3472
StreamingLineBuffer_1_buffer_stream_12,4096
StreamingLineBuffer_1_out0_stream_prepad_4,3968
StreamingLineBuffer_1_buffer_stream_13,4096
StreamingLineBuffer_1_out0_stream_prepad_1,3968
StreamingLineBuffer_1_out0_stream_prepad_0,3472
StreamingLineBuffer_1_out0_stream_0,4096
StreamingLineBuffer_1_out0_stream_1,4096
StreamingLineBuffer_1_out0_stream_2,4096
StreamingLineBuffer_1_out0_stream_3,4096
StreamingLineBuffer_1_out0_stream_4,4096
StreamingLineBuffer_1_out0_stream_5,4096
StreamingLineBuffer_1_out0_stream_6,4096
StreamingLineBuffer_1_out0_stream_7,4096
StreamingLineBuffer_1_out0_stream_8,4096
StreamingLineBuffer_1_out0_stream_9,4096
StreamingLineBuffer_1_out0_stream_10,4096
StreamingLineBuffer_1_out0_stream_11,4096
StreamingLineBuffer_1_out0_stream_12,4096
StreamingLineBuffer_1_out0_stream_13,4096
StreamingLineBuffer_1_out0_stream_14,4096
StreamingLineBuffer_1_out0_stream_15,4096
StreamingLineBuffer_1_out0_stream_16,4096
StreamingLineBuffer_1_out0_stream_17,4096
StreamingConv_1_out0_stream_0,1024
StreamingConv_1_out0_stream_1,1024
StreamingConv_1_out0_stream_2,1024
StreamingConv_1_out0_stream_3,1024
StreamingLineBuffer_2_out0_stream_prepad_17,868
StreamingLineBuffer_2_buffer_stream_0,1024
StreamingLineBuffer_2_out0_stream_prepad_16,992
StreamingLineBuffer_2_buffer_stream_1,1024
StreamingLineBuffer_2_out0_stream_prepad_15,992
StreamingLineBuffer_2_buffer_stream_4,1024
StreamingLineBuffer_2_out0_stream_prepad_14,992
StreamingLineBuffer_2_buffer_stream_5,1024
StreamingLineBuffer_2_out0_stream_prepad_13,992
StreamingLineBuffer_2_buffer_stream_2,1024
StreamingLineBuffer_2_out0_stream_prepad_12,868
StreamingLineBuffer_2_buffer_stream_3,1024
StreamingLineBuffer_2_out0_stream_prepad_9,1024
StreamingLineBuffer_2_buffer_stream_10,1024
StreamingLineBuffer_2_out0_stream_prepad_8,1024
StreamingLineBuffer_2_buffer_stream_11,1024
StreamingLineBuffer_2_out0_stream_prepad_11,896
StreamingLineBuffer_2_buffer_stream_6,1024
StreamingLineBuffer_2_out0_stream_prepad_10,1024
StreamingLineBuffer_2_buffer_stream_7,1024
StreamingLineBuffer_2_out0_stream_prepad_3,992
StreamingLineBuffer_2_out0_stream_prepad_2,992
StreamingLineBuffer_2_out0_stream_prepad_7,1024
StreamingLineBuffer_2_buffer_stream_8,1024
StreamingLineBuffer_2_out0_stream_prepad_6,896
StreamingLineBuffer_2_buffer_stream_9,1024
StreamingLineBuffer_2_out0_stream_prepad_5,868
StreamingLineBuffer_2_buffer_stream_12,1024
StreamingLineBuffer_2_out0_stream_prepad_4,992
StreamingLineBuffer_2_buffer_stream_13,1024
StreamingLineBuffer_2_out0_stream_prepad_1,992
StreamingLineBuffer_2_out0_stream_prepad_0,868
StreamingLineBuffer_2_out0_stream_0,1024
StreamingLineBuffer_2_out0_stream_1,1024
StreamingLineBuffer_2_out0_stream_2,1024
StreamingLineBuffer_2_out0_stream_3,1024
StreamingLineBuffer_2_out0_stream_4,1024
StreamingLineBuffer_2_out0_stream_5,1024
StreamingLineBuffer_2_out0_stream_6,1024
StreamingLineBuffer_2_out0_stream_7,1024
StreamingLineBuffer_2_out0_stream_8,1024
StreamingLineBuffer_2_out0_stream_9,1024
StreamingLineBuffer_2_out0_stream_10,1024
StreamingLineBuffer_2_out0_stream_11,1024
StreamingLineBuffer_2_out0_stream_12,1024
StreamingLineBuffer_2_out0_stream_13,1024
StreamingLineBuffer_2_out0_stream_14,1024
StreamingLineBuffer_2_out0_stream_15,1024
StreamingLineBuffer_2_out0_stream_16,1024
StreamingLineBuffer_2_out0_stream_17,1024
StreamingConv_2_out0_stream_0,4096
StreamingConv_2_out0_stream_1,4096
StreamingConv_2_out0_stream_2,4096
StreamingConv_2_out0_stream_3,4096
StreamingAdd_0_out0_stream_0,4096
StreamingAdd_0_out0_stream_1,4096
StreamingAdd_0_out0_stream_2,4096
StreamingAdd_0_out0_stream_3,4096
TensorDuplicator_1_out0_stream_0,4096
TensorDuplicator_1_out0_stream_1,4096
TensorDuplicator_1_out0_stream_2,4096
TensorDuplicator_1_out0_stream_3,4096
TensorDuplicator_1_out1_stream_0,4096
TensorDuplicator_1_out1_stream_1,4096
TensorDuplicator_1_out1_stream_2,4096
TensorDuplicator_1_out1_stream_3,4096
StreamingLineBuffer_3_out0_stream_prepad_26,1024
StreamingLineBuffer_3_buffer_stream_0,4096
StreamingLineBuffer_3_out0_stream_prepad_25,1024
StreamingLineBuffer_3_buffer_stream_1,4096
StreamingLineBuffer_3_out0_stream_prepad_24,1024
StreamingLineBuffer_3_buffer_stream_2,4096
StreamingLineBuffer_3_out0_stream_prepad_23,1024
StreamingLineBuffer_3_buffer_stream_3,4096
StreamingLineBuffer_4_out0_stream_6,1024
StreamingLineBuffer_4_buffer_stream_0,4096
StreamingLineBuffer_4_out0_stream_5,1024
StreamingLineBuffer_4_buffer_stream_1,4096
StreamingLineBuffer_4_out0_stream_4,1024
StreamingLineBuffer_4_buffer_stream_2,4096
StreamingLineBuffer_4_out0_stream_3,1024
StreamingLineBuffer_3_out0_stream_prepad_22,1024
StreamingLineBuffer_3_buffer_stream_4,4096
StreamingLineBuffer_3_out0_stream_prepad_21,1024
StreamingLineBuffer_3_buffer_stream_6,4096
StreamingLineBuffer_3_out0_stream_prepad_20,1024
StreamingLineBuffer_3_buffer_stream_7,4096
StreamingLineBuffer_3_out0_stream_prepad_19,1024
StreamingLineBuffer_3_buffer_stream_8,4096
StreamingLineBuffer_4_out0_stream_2,1024
StreamingLineBuffer_4_out0_stream_1,1024
StreamingLineBuffer_4_out0_stream_0,1024
StreamingLineBuffer_3_out0_stream_prepad_18,768
StreamingLineBuffer_3_buffer_stream_5,4096
StreamingLineBuffer_3_out0_stream_prepad_16,1024
StreamingLineBuffer_3_buffer_stream_10,4096
StreamingLineBuffer_3_out0_stream_prepad_15,1024
StreamingLineBuffer_3_buffer_stream_11,4096
StreamingLineBuffer_3_out0_stream_prepad_14,1024
StreamingLineBuffer_3_buffer_stream_12,4096
StreamingConv_4_out0_stream_0,1024
StreamingConv_4_out0_stream_1,1024
StreamingConv_4_out0_stream_2,1024
StreamingConv_4_out0_stream_3,1024
StreamingLineBuffer_3_out0_stream_prepad_17,1024
StreamingLineBuffer_3_buffer_stream_9,4096
StreamingLineBuffer_3_out0_stream_prepad_12,1024
StreamingLineBuffer_3_buffer_stream_15,4096
StreamingLineBuffer_3_out0_stream_prepad_11,1024
StreamingLineBuffer_3_buffer_stream_16,4096
StreamingLineBuffer_3_out0_stream_prepad_10,1024
StreamingLineBuffer_3_buffer_stream_17,4096
StreamingLineBuffer_3_out0_stream_prepad_13,1024
StreamingLineBuffer_3_buffer_stream_13,4096
StreamingLineBuffer_3_out0_stream_prepad_7,960
StreamingLineBuffer_3_buffer_stream_19,4096
StreamingLineBuffer_3_out0_stream_prepad_6,960
StreamingLineBuffer_3_buffer_stream_20,4096
StreamingLineBuffer_3_out0_stream_prepad_5,960
StreamingLineBuffer_3_buffer_stream_21,4096
StreamingLineBuffer_3_out0_stream_prepad_9,768
StreamingLineBuffer_3_buffer_stream_14,4096
StreamingLineBuffer_3_out0_stream_prepad_3,960
StreamingLineBuffer_3_out0_stream_prepad_2,960
StreamingLineBuffer_3_out0_stream_prepad_1,960
StreamingLineBuffer_3_out0_stream_prepad_8,960
StreamingLineBuffer_3_buffer_stream_18,4096
StreamingLineBuffer_3_out0_stream_prepad_4,960
StreamingLineBuffer_3_buffer_stream_22,4096
StreamingLineBuffer_3_out0_stream_prepad_0,720
StreamingLineBuffer_3_out0_stream_0,1024
StreamingLineBuffer_3_out0_stream_1,1024
StreamingLineBuffer_3_out0_stream_2,1024
StreamingLineBuffer_3_out0_stream_3,1024
StreamingLineBuffer_3_out0_stream_4,1024
StreamingLineBuffer_3_out0_stream_5,1024
StreamingLineBuffer_3_out0_stream_6,1024
StreamingLineBuffer_3_out0_stream_7,1024
StreamingLineBuffer_3_out0_stream_8,1024
StreamingLineBuffer_3_out0_stream_9,1024
StreamingLineBuffer_3_out0_stream_10,1024
StreamingLineBuffer_3_out0_stream_11,1024
StreamingLineBuffer_3_out0_stream_12,1024
StreamingLineBuffer_3_out0_stream_13,1024
StreamingLineBuffer_3_out0_stream_14,1024
StreamingLineBuffer_3_out0_stream_15,1024
StreamingLineBuffer_3_out0_stream_16,1024
StreamingLineBuffer_3_out0_stream_17,1024
StreamingLineBuffer_3_out0_stream_18,1024
StreamingLineBuffer_3_out0_stream_19,1024
StreamingLineBuffer_3_out0_stream_20,1024
StreamingLineBuffer_3_out0_stream_21,1024
StreamingLineBuffer_3_out0_stream_22,1024
StreamingLineBuffer_3_out0_stream_23,1024
StreamingLineBuffer_3_out0_stream_24,1024
StreamingLineBuffer_3_out0_stream_25,1024
StreamingLineBuffer_3_out0_stream_26,1024
StreamingConv_3_out0_stream_0,1024
StreamingConv_3_out0_stream_1,1024
StreamingConv_3_out0_stream_2,1024
StreamingConv_3_out0_stream_3,1024
StreamingLineBuffer_5_out0_stream_prepad_17,720
StreamingLineBuffer_5_buffer_stream_0,1024
StreamingLineBuffer_5_out0_stream_prepad_16,960
StreamingLineBuffer_5_buffer_stream_1,1024
StreamingLineBuffer_5_out0_stream_prepad_15,960
StreamingLineBuffer_5_buffer_stream_4,1024
StreamingLineBuffer_5_out0_stream_prepad_14,960
StreamingLineBuffer_5_buffer_stream_5,1024
StreamingLineBuffer_5_out0_stream_prepad_13,960
StreamingLineBuffer_5_buffer_stream_2,1024
StreamingLineBuffer_5_out0_stream_prepad_12,720
StreamingLineBuffer_5_buffer_stream_3,1024
StreamingLineBuffer_5_out0_stream_prepad_9,1024
StreamingLineBuffer_5_buffer_stream_10,1024
StreamingLineBuffer_5_out0_stream_prepad_8,1024
StreamingLineBuffer_5_buffer_stream_11,1024
StreamingLineBuffer_5_out0_stream_prepad_11,768
StreamingLineBuffer_5_buffer_stream_6,1024
StreamingLineBuffer_5_out0_stream_prepad_10,1024
StreamingLineBuffer_5_buffer_stream_7,1024
StreamingLineBuffer_5_out0_stream_prepad_3,960
StreamingLineBuffer_5_out0_stream_prepad_2,960
StreamingLineBuffer_5_out0_stream_prepad_7,1024
StreamingLineBuffer_5_buffer_stream_8,1024
StreamingLineBuffer_5_out0_stream_prepad_6,768
StreamingLineBuffer_5_buffer_stream_9,1024
StreamingLineBuffer_5_out0_stream_prepad_5,720
StreamingLineBuffer_5_buffer_stream_12,1024
StreamingLineBuffer_5_out0_stream_prepad_4,960
StreamingLineBuffer_5_buffer_stream_13,1024
StreamingLineBuffer_5_out0_stream_prepad_1,960
StreamingLineBuffer_5_out0_stream_prepad_0,720
StreamingLineBuffer_5_out0_stream_0,1024
StreamingLineBuffer_5_out0_stream_1,1024
StreamingLineBuffer_5_out0_stream_2,1024
StreamingLineBuffer_5_out0_stream_3,1024
StreamingLineBuffer_5_out0_stream_4,1024
StreamingLineBuffer_5_out0_stream_5,1024
StreamingLineBuffer_5_out0_stream_6,1024
StreamingLineBuffer_5_out0_stream_7,1024
StreamingLineBuffer_5_out0_stream_8,1024
StreamingLineBuffer_5_out0_stream_9,1024
StreamingLineBuffer_5_out0_stream_10,1024
StreamingLineBuffer_5_out0_stream_11,1024
StreamingLineBuffer_5_out0_stream_12,1024
StreamingLineBuffer_5_out0_stream_13,1024
StreamingLineBuffer_5_out0_stream_14,1024
StreamingLineBuffer_5_out0_stream_15,1024
StreamingLineBuffer_5_out0_stream_16,1024
StreamingLineBuffer_5_out0_stream_17,1024
StreamingConv_5_out0_stream_0,1024
StreamingConv_5_out0_stream_1,1024
StreamingConv_5_out0_stream_2,1024
StreamingConv_5_out0_stream_3,1024
StreamingAdd_1_out0_stream_0,1024
StreamingAdd_1_out0_stream_1,1024
StreamingAdd_1_out0_stream_2,1024
StreamingAdd_1_out0_stream_3,1024
TensorDuplicator_2_out0_stream_0,1024
TensorDuplicator_2_out0_stream_1,1024
TensorDuplicator_2_out0_stream_2,1024
TensorDuplicator_2_out0_stream_3,1024
TensorDuplicator_2_out1_stream_0,1024
TensorDuplicator_2_out1_stream_1,1024
TensorDuplicator_2_out1_stream_2,1024
TensorDuplicator_2_out1_stream_3,1024
StreamingLineBuffer_6_out0_stream_prepad_26,256
StreamingLineBuffer_6_buffer_stream_0,1024
StreamingLineBuffer_6_out0_stream_prepad_25,256
StreamingLineBuffer_6_buffer_stream_1,1024
StreamingLineBuffer_6_out0_stream_prepad_24,256
StreamingLineBuffer_6_buffer_stream_2,1024
StreamingLineBuffer_6_out0_stream_prepad_23,256
StreamingLineBuffer_6_buffer_stream_3,1024
StreamingLineBuffer_7_out0_stream_6,256
StreamingLineBuffer_7_buffer_stream_0,1024
StreamingLineBuffer_7_out0_stream_5,256
StreamingLineBuffer_7_buffer_stream_1,1024
StreamingLineBuffer_7_out0_stream_4,256
StreamingLineBuffer_7_buffer_stream_2,1024
StreamingLineBuffer_7_out0_stream_3,256
StreamingLineBuffer_6_out0_stream_prepad_22,256
StreamingLineBuffer_6_buffer_stream_4,1024
StreamingLineBuffer_6_out0_stream_prepad_21,256
StreamingLineBuffer_6_buffer_stream_6,1024
StreamingLineBuffer_6_out0_stream_prepad_20,256
StreamingLineBuffer_6_buffer_stream_7,1024
StreamingLineBuffer_6_out0_stream_prepad_19,256
StreamingLineBuffer_6_buffer_stream_8,1024
StreamingLineBuffer_7_out0_stream_2,256
StreamingLineBuffer_7_out0_stream_1,256
StreamingLineBuffer_7_out0_stream_0,256
StreamingLineBuffer_6_out0_stream_prepad_18,128
StreamingLineBuffer_6_buffer_stream_5,1024
StreamingLineBuffer_6_out0_stream_prepad_16,256
StreamingLineBuffer_6_buffer_stream_10,1024
StreamingLineBuffer_6_out0_stream_prepad_15,256
StreamingLineBuffer_6_buffer_stream_11,1024
StreamingLineBuffer_6_out0_stream_prepad_14,256
StreamingLineBuffer_6_buffer_stream_12,1024
StreamingConv_7_out0_stream_0,512
StreamingConv_7_out0_stream_1,512
StreamingConv_7_out0_stream_2,512
StreamingConv_7_out0_stream_3,512
StreamingLineBuffer_6_out0_stream_prepad_17,256
StreamingLineBuffer_6_buffer_stream_9,1024
StreamingLineBuffer_6_out0_stream_prepad_12,256
StreamingLineBuffer_6_buffer_stream_15,1024
StreamingLineBuffer_6_out0_stream_prepad_11,256
StreamingLineBuffer_6_buffer_stream_16,1024
StreamingLineBuffer_6_out0_stream_prepad_10,256
StreamingLineBuffer_6_buffer_stream_17,1024
StreamingLineBuffer_6_out0_stream_prepad_13,256
StreamingLineBuffer_6_buffer_stream_13,1024
StreamingLineBuffer_6_out0_stream_prepad_7,224
StreamingLineBuffer_6_buffer_stream_19,1024
StreamingLineBuffer_6_out0_stream_prepad_6,224
StreamingLineBuffer_6_buffer_stream_20,1024
StreamingLineBuffer_6_out0_stream_prepad_5,224
StreamingLineBuffer_6_buffer_stream_21,1024
StreamingLineBuffer_6_out0_stream_prepad_9,128
StreamingLineBuffer_6_buffer_stream_14,1024
StreamingLineBuffer_6_out0_stream_prepad_3,224
StreamingLineBuffer_6_out0_stream_prepad_2,224
StreamingLineBuffer_6_out0_stream_prepad_1,224
StreamingLineBuffer_6_out0_stream_prepad_8,224
StreamingLineBuffer_6_buffer_stream_18,1024
StreamingLineBuffer_6_out0_stream_prepad_4,224
StreamingLineBuffer_6_buffer_stream_22,1024
StreamingLineBuffer_6_out0_stream_prepad_0,112
StreamingLineBuffer_6_out0_stream_0,256
StreamingLineBuffer_6_out0_stream_1,256
StreamingLineBuffer_6_out0_stream_2,256
StreamingLineBuffer_6_out0_stream_3,256
StreamingLineBuffer_6_out0_stream_4,256
StreamingLineBuffer_6_out0_stream_5,256
StreamingLineBuffer_6_out0_stream_6,256
StreamingLineBuffer_6_out0_stream_7,256
StreamingLineBuffer_6_out0_stream_8,256
StreamingLineBuffer_6_out0_stream_9,256
StreamingLineBuffer_6_out0_stream_10,256
StreamingLineBuffer_6_out0_stream_11,256
StreamingLineBuffer_6_out0_stream_12,256
StreamingLineBuffer_6_out0_stream_13,256
StreamingLineBuffer_6_out0_stream_14,256
StreamingLineBuffer_6_out0_stream_15,256
StreamingLineBuffer_6_out0_stream_16,256
StreamingLineBuffer_6_out0_stream_17,256
StreamingLineBuffer_6_out0_stream_18,256
StreamingLineBuffer_6_out0_stream_19,256
StreamingLineBuffer_6_out0_stream_20,256
StreamingLineBuffer_6_out0_stream_21,256
StreamingLineBuffer_6_out0_stream_22,256
StreamingLineBuffer_6_out0_stream_23,256
StreamingLineBuffer_6_out0_stream_24,256
StreamingLineBuffer_6_out0_stream_25,256
StreamingLineBuffer_6_out0_stream_26,256
StreamingConv_6_out0_stream_0,512
StreamingConv_6_out0_stream_1,512
StreamingConv_6_out0_stream_2,512
StreamingConv_6_out0_stream_3,512
StreamingLineBuffer_8_out0_stream_prepad_17,224
StreamingLineBuffer_8_buffer_stream_0,512
StreamingLineBuffer_8_out0_stream_prepad_16,448
StreamingLineBuffer_8_buffer_stream_1,512
StreamingLineBuffer_8_out0_stream_prepad_15,448
StreamingLineBuffer_8_buffer_stream_4,512
StreamingLineBuffer_8_out0_stream_prepad_14,448
StreamingLineBuffer_8_buffer_stream_5,512
StreamingLineBuffer_8_out0_stream_prepad_13,448
StreamingLineBuffer_8_buffer_stream_2,512
StreamingLineBuffer_8_out0_stream_prepad_12,224
StreamingLineBuffer_8_buffer_stream_3,512
StreamingLineBuffer_8_out0_stream_prepad_9,512
StreamingLineBuffer_8_buffer_stream_10,512
StreamingLineBuffer_8_out0_stream_prepad_8,512
StreamingLineBuffer_8_buffer_stream_11,512
StreamingLineBuffer_8_out0_stream_prepad_11,256
StreamingLineBuffer_8_buffer_stream_6,512
StreamingLineBuffer_8_out0_stream_prepad_10,512
StreamingLineBuffer_8_buffer_stream_7,512
StreamingLineBuffer_8_out0_stream_prepad_3,448
StreamingLineBuffer_8_out0_stream_prepad_2,448
StreamingLineBuffer_8_out0_stream_prepad_7,512
StreamingLineBuffer_8_buffer_stream_8,512
StreamingLineBuffer_8_out0_stream_prepad_6,256
StreamingLineBuffer_8_buffer_stream_9,512
StreamingLineBuffer_8_out0_stream_prepad_5,224
StreamingLineBuffer_8_buffer_stream_12,512
StreamingLineBuffer_8_out0_stream_prepad_4,448
StreamingLineBuffer_8_buffer_stream_13,512
StreamingLineBuffer_8_out0_stream_prepad_1,448
StreamingLineBuffer_8_out0_stream_prepad_0,224
StreamingLineBuffer_8_out0_stream_0,512
StreamingLineBuffer_8_out0_stream_1,512
StreamingLineBuffer_8_out0_stream_2,512
StreamingLineBuffer_8_out0_stream_3,512
StreamingLineBuffer_8_out0_stream_4,512
StreamingLineBuffer_8_out0_stream_5,512
StreamingLineBuffer_8_out0_stream_6,512
StreamingLineBuffer_8_out0_stream_7,512
StreamingLineBuffer_8_out0_stream_8,512
StreamingLineBuffer_8_out0_stream_9,512
StreamingLineBuffer_8_out0_stream_10,512
StreamingLineBuffer_8_out0_stream_11,512
StreamingLineBuffer_8_out0_stream_12,512
StreamingLineBuffer_8_out0_stream_13,512
StreamingLineBuffer_8_out0_stream_14,512
StreamingLineBuffer_8_out0_stream_15,512
StreamingLineBuffer_8_out0_stream_16,512
StreamingLineBuffer_8_out0_stream_17,512
StreamingConv_8_out0_stream_0,512
StreamingConv_8_out0_stream_1,512
StreamingConv_8_out0_stream_2,512
StreamingConv_8_out0_stream_3,512
StreamingAdd_2_out0_stream_0,512
StreamingAdd_2_out0_stream_1,512
StreamingAdd_2_out0_stream_2,512
StreamingAdd_2_out0_stream_3,512
BandwidthAdjustDecreaseStreams_0_out0_stream_0,2048
StreamingLineBuffer_9_out0_stream_63,32
StreamingLineBuffer_9_buffer_stream_0,2048
StreamingLineBuffer_9_out0_stream_62,32
StreamingLineBuffer_9_buffer_stream_1,2048
StreamingLineBuffer_9_out0_stream_61,32
StreamingLineBuffer_9_buffer_stream_2,2048
StreamingLineBuffer_9_out0_stream_60,32
StreamingLineBuffer_9_buffer_stream_3,2048
StreamingLineBuffer_9_out0_stream_59,32
StreamingLineBuffer_9_buffer_stream_4,2048
StreamingLineBuffer_9_out0_stream_58,32
StreamingLineBuffer_9_buffer_stream_5,2048
StreamingLineBuffer_9_out0_stream_57,32
StreamingLineBuffer_9_buffer_stream_6,2048
StreamingLineBuffer_9_out0_stream_56,32
StreamingLineBuffer_9_buffer_stream_7,2048
StreamingLineBuffer_9_out0_stream_55,32
StreamingLineBuffer_9_buffer_stream_8,2048
StreamingLineBuffer_9_out0_stream_54,32
StreamingLineBuffer_9_buffer_stream_9,2048
StreamingLineBuffer_9_out0_stream_53,32
StreamingLineBuffer_9_buffer_stream_10,2048
StreamingLineBuffer_9_out0_stream_52,32
StreamingLineBuffer_9_buffer_stream_11,2048
StreamingLineBuffer_9_out0_stream_51,32
StreamingLineBuffer_9_buffer_stream_12,2048
StreamingLineBuffer_9_out0_stream_50,32
StreamingLineBuffer_9_buffer_stream_13,2048
StreamingLineBuffer_9_out0_stream_49,32
StreamingLineBuffer_9_buffer_stream_14,2048
StreamingLineBuffer_9_out0_stream_48,32
StreamingLineBuffer_9_buffer_stream_15,2048
StreamingLineBuffer_9_out0_stream_47,32
StreamingLineBuffer_9_buffer_stream_16,2048
StreamingLineBuffer_9_out0_stream_46,32
StreamingLineBuffer_9_buffer_stream_17,2048
StreamingLineBuffer_9_out0_stream_45,32
StreamingLineBuffer_9_buffer_stream_18,2048
StreamingLineBuffer_9_out0_stream_44,32
StreamingLineBuffer_9_buffer_stream_19,2048
StreamingLineBuffer_9_out0_stream_43,32
StreamingLineBuffer_9_buffer_stream_20,2048
StreamingLineBuffer_9_out0_stream_42,32
StreamingLineBuffer_9_buffer_stream_21,2048
StreamingLineBuffer_9_out0_stream_41,32
StreamingLineBuffer_9_buffer_stream_22,2048
StreamingLineBuffer_9_out0_stream_40,32
StreamingLineBuffer_9_buffer_stream_23,2048
StreamingLineBuffer_9_out0_stream_39,32
StreamingLineBuffer_9_buffer_stream_24,2048
StreamingLineBuffer_9_out0_stream_38,32
StreamingLineBuffer_9_buffer_stream_25,2048
StreamingLineBuffer_9_out0_stream_37,32
StreamingLineBuffer_9_buffer_stream_26,2048
StreamingLineBuffer_9_out0_stream_36,32
StreamingLineBuffer_9_buffer_stream_27,2048
StreamingLineBuffer_9_out0_stream_35,32
StreamingLineBuffer_9_buffer_stream_28,2048
StreamingLineBuffer_9_out0_stream_34,32
StreamingLineBuffer_9_buffer_stream_29,2048
StreamingLineBuffer_9_out0_stream_33,32
StreamingLineBuffer_9_buffer_stream_30,2048
StreamingLineBuffer_9_out0_stream_32,32
StreamingLineBuffer_9_buffer_stream_31,2048
StreamingLineBuffer_9_out0_stream_31,32
StreamingLineBuffer_9_buffer_stream_32,2048
StreamingLineBuffer_9_out0_stream_30,32
StreamingLineBuffer_9_buffer_stream_33,2048
StreamingLineBuffer_9_out0_stream_29,32
StreamingLineBuffer_9_buffer_stream_34,2048
StreamingLineBuffer_9_out0_stream_28,32
StreamingLineBuffer_9_buffer_stream_35,2048
StreamingLineBuffer_9_out0_stream_27,32
StreamingLineBuffer_9_buffer_stream_36,2048
StreamingLineBuffer_9_out0_stream_26,32
StreamingLineBuffer_9_buffer_stream_37,2048
StreamingLineBuffer_9_out0_stream_25,32
StreamingLineBuffer_9_buffer_stream_38,2048
StreamingLineBuffer_9_out0_stream_24,32
StreamingLineBuffer_9_buffer_stream_39,2048
StreamingLineBuffer_9_out0_stream_23,32
StreamingLineBuffer_9_buffer_stream_40,2048
StreamingLineBuffer_9_out0_stream_22,32
StreamingLineBuffer_9_buffer_stream_41,2048
StreamingLineBuffer_9_out0_stream_21,32
StreamingLineBuffer_9_buffer_stream_42,2048
StreamingLineBuffer_9_out0_stream_20,32
StreamingLineBuffer_9_buffer_stream_43,2048
StreamingLineBuffer_9_out0_stream_19,32
StreamingLineBuffer_9_buffer_stream_44,2048
StreamingLineBuffer_9_out0_stream_18,32
StreamingLineBuffer_9_buffer_stream_45,2048
StreamingLineBuffer_9_out0_stream_17,32
StreamingLineBuffer_9_buffer_stream_46,2048
StreamingLineBuffer_9_out0_stream_16,32
StreamingLineBuffer_9_buffer_stream_47,2048
StreamingLineBuffer_9_out0_stream_15,32
StreamingLineBuffer_9_buffer_stream_48,2048
StreamingLineBuffer_9_out0_stream_14,32
StreamingLineBuffer_9_buffer_stream_49,2048
StreamingLineBuffer_9_out0_stream_13,32
StreamingLineBuffer_9_buffer_stream_50,2048
StreamingLineBuffer_9_out0_stream_12,32
StreamingLineBuffer_9_buffer_stream_51,2048
StreamingLineBuffer_9_out0_stream_11,32
StreamingLineBuffer_9_buffer_stream_52,2048
StreamingLineBuffer_9_out0_stream_10,32
StreamingLineBuffer_9_buffer_stream_53,2048
StreamingLineBuffer_9_out0_stream_9,32
StreamingLineBuffer_9_buffer_stream_54,2048
StreamingLineBuffer_9_out0_stream_8,32
StreamingLineBuffer_9_buffer_stream_55,2048
StreamingLineBuffer_9_out0_stream_7,32
StreamingLineBuffer_9_buffer_stream_56,2048
StreamingLineBuffer_9_out0_stream_6,32
StreamingLineBuffer_9_buffer_stream_57,2048
StreamingLineBuffer_9_out0_stream_5,32
StreamingLineBuffer_9_buffer_stream_58,2048
StreamingLineBuffer_9_out0_stream_4,32
StreamingLineBuffer_9_buffer_stream_59,2048
StreamingLineBuffer_9_out0_stream_3,32
StreamingLineBuffer_9_buffer_stream_60,2048
StreamingLineBuffer_9_out0_stream_2,32
StreamingLineBuffer_9_buffer_stream_61,2048
StreamingLineBuffer_9_out0_stream_1,32
StreamingLineBuffer_9_buffer_stream_62,2048
StreamingLineBuffer_9_out0_stream_0,32
StreamingMaxPool_0_out0_stream_0,32
StreamingConv_9_out0_stream_0,5